simulation,scenario,country,basis,loss_usd
0,super_stress,PORTFOLIO,climate_increment,504530139.30965346
1,super_stress,PORTFOLIO,climate_increment,362503837.4039688
2,super_stress,PORTFOLIO,climate_increment,754760561.7670921
3,super_stress,PORTFOLIO,climate_increment,-176792791.7046906
4,super_stress,PORTFOLIO,climate_increment,733213930.9954975
5,super_stress,PORTFOLIO,climate_increment,290026456.4059505
6,super_stress,PORTFOLIO,climate_increment,1032750498.7703351
7,super_stress,PORTFOLIO,climate_increment,777198779.6807659
8,super_stress,PORTFOLIO,climate_increment,280185179.9347499
9,super_stress,PORTFOLIO,climate_increment,-138293595.05281255
10,super_stress,PORTFOLIO,climate_increment,911850418.2761314
11,super_stress,PORTFOLIO,climate_increment,133975915.38903295
12,super_stress,PORTFOLIO,climate_increment,499064323.654143
13,super_stress,PORTFOLIO,climate_increment,39793787.07713626
14,super_stress,PORTFOLIO,climate_increment,670565527.5036194
15,super_stress,PORTFOLIO,climate_increment,935462153.5780485
16,super_stress,PORTFOLIO,climate_increment,326780064.0466496
17,super_stress,PORTFOLIO,climate_increment,443432560.240736
18,super_stress,PORTFOLIO,climate_increment,220722778.95725262
19,super_stress,PORTFOLIO,climate_increment,834921588.0852287
20,super_stress,PORTFOLIO,climate_increment,29303254.66911115
21,super_stress,PORTFOLIO,climate_increment,933197432.499994
22,super_stress,PORTFOLIO,climate_increment,148772632.17482242
23,super_stress,PORTFOLIO,climate_increment,638910724.7205733
24,super_stress,PORTFOLIO,climate_increment,558177096.4104456
25,super_stress,PORTFOLIO,climate_increment,629813921.3349246
26,super_stress,PORTFOLIO,climate_increment,671224158.2597052
27,super_stress,PORTFOLIO,climate_increment,697590985.8333552
28,super_stress,PORTFOLIO,climate_increment,1733311640.0888858
29,super_stress,PORTFOLIO,climate_increment,209749893.31662896
30,super_stress,PORTFOLIO,climate_increment,833222236.4515096
31,super_stress,PORTFOLIO,climate_increment,475405086.2317941
32,super_stress,PORTFOLIO,climate_increment,898164160.6838465
33,super_stress,PORTFOLIO,climate_increment,290764698.0654676
34,super_stress,PORTFOLIO,climate_increment,741757345.5362718
35,super_stress,PORTFOLIO,climate_increment,724692578.8239173
36,super_stress,PORTFOLIO,climate_increment,556899983.2926997
37,super_stress,PORTFOLIO,climate_increment,-316150365.589065
38,super_stress,PORTFOLIO,climate_increment,244358014.50823027
39,super_stress,PORTFOLIO,climate_increment,276940266.4277401
40,super_stress,PORTFOLIO,climate_increment,362746384.0429795
41,super_stress,PORTFOLIO,climate_increment,677803125.8327609
42,super_stress,PORTFOLIO,climate_increment,28176502.00771124
43,super_stress,PORTFOLIO,climate_increment,744825195.1007707
44,super_stress,PORTFOLIO,climate_increment,425567171.28275245
45,super_stress,PORTFOLIO,climate_increment,404095300.07672507
46,super_stress,PORTFOLIO,climate_increment,1111969663.3839467
47,super_stress,PORTFOLIO,climate_increment,850043703.7884018
48,super_stress,PORTFOLIO,climate_increment,862985871.1971768
49,super_stress,PORTFOLIO,climate_increment,758860406.3936002
50,super_stress,PORTFOLIO,climate_increment,294907431.0244449
51,super_stress,PORTFOLIO,climate_increment,323233648.4788553
52,super_stress,PORTFOLIO,climate_increment,789926166.8979944
53,super_stress,PORTFOLIO,climate_increment,415754928.4576344
54,super_stress,PORTFOLIO,climate_increment,128339317.60146429
55,super_stress,PORTFOLIO,climate_increment,140082953.2799379
56,super_stress,PORTFOLIO,climate_increment,411237556.64575857
57,super_stress,PORTFOLIO,climate_increment,662915318.0051718
58,super_stress,PORTFOLIO,climate_increment,98755386.24105643
59,super_stress,PORTFOLIO,climate_increment,327591674.16883415
60,super_stress,PORTFOLIO,climate_increment,561329954.7794312
61,super_stress,PORTFOLIO,climate_increment,324184832.8084854
62,super_stress,PORTFOLIO,climate_increment,283428954.76649714
63,super_stress,PORTFOLIO,climate_increment,308131752.3913736
64,super_stress,PORTFOLIO,climate_increment,1018225693.4164153
65,super_stress,PORTFOLIO,climate_increment,617502547.6874135
66,super_stress,PORTFOLIO,climate_increment,501988195.91002595
67,super_stress,PORTFOLIO,climate_increment,793109606.4122624
68,super_stress,PORTFOLIO,climate_increment,918542707.5876317
69,super_stress,PORTFOLIO,climate_increment,129767967.86820588
70,super_stress,PORTFOLIO,climate_increment,354422186.1085444
71,super_stress,PORTFOLIO,climate_increment,409440122.6879515
72,super_stress,PORTFOLIO,climate_increment,-3462909.9059233377
73,super_stress,PORTFOLIO,climate_increment,910594577.2905861
74,super_stress,PORTFOLIO,climate_increment,1081500292.4014335
75,super_stress,PORTFOLIO,climate_increment,417388527.7811656
76,super_stress,PORTFOLIO,climate_increment,485507276.4086663
77,super_stress,PORTFOLIO,climate_increment,-64803231.12522117
78,super_stress,PORTFOLIO,climate_increment,503241660.96306413
79,super_stress,PORTFOLIO,climate_increment,176939207.9239454
80,super_stress,PORTFOLIO,climate_increment,-234980607.00933477
81,super_stress,PORTFOLIO,climate_increment,86573686.04070471
82,super_stress,PORTFOLIO,climate_increment,237771854.8090707
83,super_stress,PORTFOLIO,climate_increment,292020507.9000055
84,super_stress,PORTFOLIO,climate_increment,864094783.0789447
85,super_stress,PORTFOLIO,climate_increment,364173105.65250677
86,super_stress,PORTFOLIO,climate_increment,344180228.73381144
87,super_stress,PORTFOLIO,climate_increment,373628826.55790955
88,super_stress,PORTFOLIO,climate_increment,445280224.9123453
89,super_stress,PORTFOLIO,climate_increment,9180423.25608085
90,super_stress,PORTFOLIO,climate_increment,236096956.87836516
91,super_stress,PORTFOLIO,climate_increment,689770941.7313654
92,super_stress,PORTFOLIO,climate_increment,385496611.03891814
93,super_stress,PORTFOLIO,climate_increment,1164407893.7858777
94,super_stress,PORTFOLIO,climate_increment,48341920.907653764
95,super_stress,PORTFOLIO,climate_increment,797586549.611522
96,super_stress,PORTFOLIO,climate_increment,843086691.5012554
97,super_stress,PORTFOLIO,climate_increment,752641523.4722817
98,super_stress,PORTFOLIO,climate_increment,118794985.00877476
99,super_stress,PORTFOLIO,climate_increment,817948869.9306964
100,super_stress,PORTFOLIO,climate_increment,347646375.26930416
101,super_stress,PORTFOLIO,climate_increment,380366071.77057016
102,super_stress,PORTFOLIO,climate_increment,451864013.15998733
103,super_stress,PORTFOLIO,climate_increment,387071188.62743104
104,super_stress,PORTFOLIO,climate_increment,756738260.7523693
105,super_stress,PORTFOLIO,climate_increment,473460858.5445256
106,super_stress,PORTFOLIO,climate_increment,289302226.63157374
107,super_stress,PORTFOLIO,climate_increment,277214964.075502
108,super_stress,PORTFOLIO,climate_increment,824462895.0751297
109,super_stress,PORTFOLIO,climate_increment,1099122843.0122797
110,super_stress,PORTFOLIO,climate_increment,457556109.42415214
111,super_stress,PORTFOLIO,climate_increment,730549645.0084653
112,super_stress,PORTFOLIO,climate_increment,401609675.1895687
113,super_stress,PORTFOLIO,climate_increment,490296068.28750867
114,super_stress,PORTFOLIO,climate_increment,173983314.84428465
115,super_stress,PORTFOLIO,climate_increment,201573630.33887175
116,super_stress,PORTFOLIO,climate_increment,256811939.5398259
117,super_stress,PORTFOLIO,climate_increment,266033508.703898
118,super_stress,PORTFOLIO,climate_increment,616380147.5839211
119,super_stress,PORTFOLIO,climate_increment,1143834378.6579347
120,super_stress,PORTFOLIO,climate_increment,705820565.7619274
121,super_stress,PORTFOLIO,climate_increment,406432971.1473413
122,super_stress,PORTFOLIO,climate_increment,1112093099.1652157
123,super_stress,PORTFOLIO,climate_increment,426962914.63039505
124,super_stress,PORTFOLIO,climate_increment,578819821.1652398
125,super_stress,PORTFOLIO,climate_increment,476447873.19480854
126,super_stress,PORTFOLIO,climate_increment,435319693.31307244
127,super_stress,PORTFOLIO,climate_increment,81858050.0091915
128,super_stress,PORTFOLIO,climate_increment,382672312.3495116
129,super_stress,PORTFOLIO,climate_increment,798160741.7417127
130,super_stress,PORTFOLIO,climate_increment,633539747.6508938
131,super_stress,PORTFOLIO,climate_increment,406789495.73195976
132,super_stress,PORTFOLIO,climate_increment,675784132.5523068
133,super_stress,PORTFOLIO,climate_increment,344726583.7980053
134,super_stress,PORTFOLIO,climate_increment,166282035.56990033
135,super_stress,PORTFOLIO,climate_increment,520550809.4162381
136,super_stress,PORTFOLIO,climate_increment,690887588.053353
137,super_stress,PORTFOLIO,climate_increment,451848096.02308255
138,super_stress,PORTFOLIO,climate_increment,597939056.247871
139,super_stress,PORTFOLIO,climate_increment,345868223.45963854
140,super_stress,PORTFOLIO,climate_increment,260901462.11416185
141,super_stress,PORTFOLIO,climate_increment,816141816.5901002
142,super_stress,PORTFOLIO,climate_increment,542822954.1481874
143,super_stress,PORTFOLIO,climate_increment,90868701.49610026
144,super_stress,PORTFOLIO,climate_increment,298238608.7796174
145,super_stress,PORTFOLIO,climate_increment,509694361.0738954
146,super_stress,PORTFOLIO,climate_increment,481376164.47126055
147,super_stress,PORTFOLIO,climate_increment,140563644.47287712
148,super_stress,PORTFOLIO,climate_increment,263814528.7697333
149,super_stress,PORTFOLIO,climate_increment,64174598.451431885
150,super_stress,PORTFOLIO,climate_increment,66067449.1510487
151,super_stress,PORTFOLIO,climate_increment,293561293.9866812
152,super_stress,PORTFOLIO,climate_increment,311501586.75301534
153,super_stress,PORTFOLIO,climate_increment,633241402.0326974
154,super_stress,PORTFOLIO,climate_increment,671414455.4670439
155,super_stress,PORTFOLIO,climate_increment,825618542.0091364
156,super_stress,PORTFOLIO,climate_increment,746148603.8512483
157,super_stress,PORTFOLIO,climate_increment,791548585.1958103
158,super_stress,PORTFOLIO,climate_increment,782698192.6983688
159,super_stress,PORTFOLIO,climate_increment,370465839.315669
160,super_stress,PORTFOLIO,climate_increment,312420938.8047635
161,super_stress,PORTFOLIO,climate_increment,304399262.4816648
162,super_stress,PORTFOLIO,climate_increment,479637562.12385684
163,super_stress,PORTFOLIO,climate_increment,439784169.1138212
164,super_stress,PORTFOLIO,climate_increment,447056420.5270536
165,super_stress,PORTFOLIO,climate_increment,564060953.4439847
166,super_stress,PORTFOLIO,climate_increment,201315341.32372728
167,super_stress,PORTFOLIO,climate_increment,210812186.7793712
168,super_stress,PORTFOLIO,climate_increment,-172880131.44477573
169,super_stress,PORTFOLIO,climate_increment,692086895.6348588
170,super_stress,PORTFOLIO,climate_increment,458764380.29829824
171,super_stress,PORTFOLIO,climate_increment,361920006.194792
172,super_stress,PORTFOLIO,climate_increment,242695312.7236424
173,super_stress,PORTFOLIO,climate_increment,349451012.91104174
174,super_stress,PORTFOLIO,climate_increment,253663453.89321074
175,super_stress,PORTFOLIO,climate_increment,431648316.4267143
176,super_stress,PORTFOLIO,climate_increment,64707511.38114011
177,super_stress,PORTFOLIO,climate_increment,97410962.60138832
178,super_stress,PORTFOLIO,climate_increment,274804951.52217317
179,super_stress,PORTFOLIO,climate_increment,73578269.86008248
180,super_stress,PORTFOLIO,climate_increment,770142695.5379299
181,super_stress,PORTFOLIO,climate_increment,399920916.9301236
182,super_stress,PORTFOLIO,climate_increment,282063479.8049285
183,super_stress,PORTFOLIO,climate_increment,818106359.7707872
184,super_stress,PORTFOLIO,climate_increment,414648591.0315566
185,super_stress,PORTFOLIO,climate_increment,395242269.09960604
186,super_stress,PORTFOLIO,climate_increment,339108093.1502673
187,super_stress,PORTFOLIO,climate_increment,647677398.7070765
188,super_stress,PORTFOLIO,climate_increment,768353736.1372792
189,super_stress,PORTFOLIO,climate_increment,405638197.5619661
190,super_stress,PORTFOLIO,climate_increment,689738530.5565914
191,super_stress,PORTFOLIO,climate_increment,356599913.2912175
192,super_stress,PORTFOLIO,climate_increment,630375722.1588633
193,super_stress,PORTFOLIO,climate_increment,708518886.5122333
194,super_stress,PORTFOLIO,climate_increment,1139853196.487975
195,super_stress,PORTFOLIO,climate_increment,878581659.0242683
196,super_stress,PORTFOLIO,climate_increment,639174270.79323
197,super_stress,PORTFOLIO,climate_increment,614993311.505182
198,super_stress,PORTFOLIO,climate_increment,746068204.4778253
199,super_stress,PORTFOLIO,climate_increment,393560048.7715411
200,super_stress,PORTFOLIO,climate_increment,1024985365.7306209
201,super_stress,PORTFOLIO,climate_increment,331273997.80903864
202,super_stress,PORTFOLIO,climate_increment,398645160.6016545
203,super_stress,PORTFOLIO,climate_increment,-64666141.95681704
204,super_stress,PORTFOLIO,climate_increment,770474287.4866862
205,super_stress,PORTFOLIO,climate_increment,1061244334.8032556
206,super_stress,PORTFOLIO,climate_increment,742047485.933781
207,super_stress,PORTFOLIO,climate_increment,672940263.3106201
208,super_stress,PORTFOLIO,climate_increment,266300357.4044797
209,super_stress,PORTFOLIO,climate_increment,417831746.7268982
210,super_stress,PORTFOLIO,climate_increment,884670067.1178855
211,super_stress,PORTFOLIO,climate_increment,560378579.17138
212,super_stress,PORTFOLIO,climate_increment,512265984.2187092
213,super_stress,PORTFOLIO,climate_increment,146549805.90169525
214,super_stress,PORTFOLIO,climate_increment,437212179.7741243
215,super_stress,PORTFOLIO,climate_increment,701457739.2897834
216,super_stress,PORTFOLIO,climate_increment,817923459.560284
217,super_stress,PORTFOLIO,climate_increment,311005022.00402784
218,super_stress,PORTFOLIO,climate_increment,804607797.9320432
219,super_stress,PORTFOLIO,climate_increment,498665225.58603966
220,super_stress,PORTFOLIO,climate_increment,286254167.80579823
221,super_stress,PORTFOLIO,climate_increment,807748736.1736671
222,super_stress,PORTFOLIO,climate_increment,881771954.4818267
223,super_stress,PORTFOLIO,climate_increment,686445363.5336299
224,super_stress,PORTFOLIO,climate_increment,780092985.3601145
225,super_stress,PORTFOLIO,climate_increment,563731614.7654753
226,super_stress,PORTFOLIO,climate_increment,74085760.61457105
227,super_stress,PORTFOLIO,climate_increment,528540867.9582683
228,super_stress,PORTFOLIO,climate_increment,575694944.5782999
229,super_stress,PORTFOLIO,climate_increment,925575459.3540624
230,super_stress,PORTFOLIO,climate_increment,147581105.56632632
231,super_stress,PORTFOLIO,climate_increment,385899855.8989867
232,super_stress,PORTFOLIO,climate_increment,-720431429.2937069
233,super_stress,PORTFOLIO,climate_increment,599583441.0163376
234,super_stress,PORTFOLIO,climate_increment,415067797.28265965
235,super_stress,PORTFOLIO,climate_increment,644714480.6743464
236,super_stress,PORTFOLIO,climate_increment,729071907.0096896
237,super_stress,PORTFOLIO,climate_increment,306827153.2239887
238,super_stress,PORTFOLIO,climate_increment,87514681.99497518
239,super_stress,PORTFOLIO,climate_increment,388269785.001973
240,super_stress,PORTFOLIO,climate_increment,455402283.8362579
241,super_stress,PORTFOLIO,climate_increment,392299052.4891823
242,super_stress,PORTFOLIO,climate_increment,584190284.9627942
243,super_stress,PORTFOLIO,climate_increment,798144769.2069389
244,super_stress,PORTFOLIO,climate_increment,142585376.77480033
245,super_stress,PORTFOLIO,climate_increment,739749235.7510176
246,super_stress,PORTFOLIO,climate_increment,662908296.3796134
247,super_stress,PORTFOLIO,climate_increment,366477003.71738243
248,super_stress,PORTFOLIO,climate_increment,393741200.49939954
249,super_stress,PORTFOLIO,climate_increment,1207498420.6333718
250,super_stress,PORTFOLIO,climate_increment,670357969.8817883
251,super_stress,PORTFOLIO,climate_increment,1044927877.9423804
252,super_stress,PORTFOLIO,climate_increment,248830514.55696046
253,super_stress,PORTFOLIO,climate_increment,444687978.9027057
254,super_stress,PORTFOLIO,climate_increment,475832718.542402
255,super_stress,PORTFOLIO,climate_increment,448980366.55598915
256,super_stress,PORTFOLIO,climate_increment,132669829.55318215
257,super_stress,PORTFOLIO,climate_increment,567248810.3710947
258,super_stress,PORTFOLIO,climate_increment,380110371.18243366
259,super_stress,PORTFOLIO,climate_increment,445033615.97627765
260,super_stress,PORTFOLIO,climate_increment,1355052552.615601
261,super_stress,PORTFOLIO,climate_increment,134119831.45071875
262,super_stress,PORTFOLIO,climate_increment,615284428.3021041
263,super_stress,PORTFOLIO,climate_increment,169232039.1001214
264,super_stress,PORTFOLIO,climate_increment,210844673.35898057
265,super_stress,PORTFOLIO,climate_increment,304127045.1678658
266,super_stress,PORTFOLIO,climate_increment,695726842.235592
267,super_stress,PORTFOLIO,climate_increment,714375447.6893864
268,super_stress,PORTFOLIO,climate_increment,487096704.5647496
269,super_stress,PORTFOLIO,climate_increment,653411389.1495751
270,super_stress,PORTFOLIO,climate_increment,195632846.13494977
271,super_stress,PORTFOLIO,climate_increment,584396387.462245
272,super_stress,PORTFOLIO,climate_increment,862446586.028536
273,super_stress,PORTFOLIO,climate_increment,135193332.89002508
274,super_stress,PORTFOLIO,climate_increment,717423634.5457906
275,super_stress,PORTFOLIO,climate_increment,340076800.75170887
276,super_stress,PORTFOLIO,climate_increment,921210057.5231352
277,super_stress,PORTFOLIO,climate_increment,434572853.6346987
278,super_stress,PORTFOLIO,climate_increment,616401159.0642885
279,super_stress,PORTFOLIO,climate_increment,778446267.4981182
280,super_stress,PORTFOLIO,climate_increment,756412187.0472734
281,super_stress,PORTFOLIO,climate_increment,57883067.129582025
282,super_stress,PORTFOLIO,climate_increment,311691407.51796603
283,super_stress,PORTFOLIO,climate_increment,524987765.7221852
284,super_stress,PORTFOLIO,climate_increment,207346725.2742865
285,super_stress,PORTFOLIO,climate_increment,311167659.73233414
286,super_stress,PORTFOLIO,climate_increment,991911636.1881006
287,super_stress,PORTFOLIO,climate_increment,695965341.7390431
288,super_stress,PORTFOLIO,climate_increment,311384060.7950742
289,super_stress,PORTFOLIO,climate_increment,201056738.05773363
290,super_stress,PORTFOLIO,climate_increment,238942377.4986384
291,super_stress,PORTFOLIO,climate_increment,155508702.0633416
292,super_stress,PORTFOLIO,climate_increment,-309463421.41633767
293,super_stress,PORTFOLIO,climate_increment,-8294166.816665895
294,super_stress,PORTFOLIO,climate_increment,1038713520.1516336
295,super_stress,PORTFOLIO,climate_increment,487399994.80744535
296,super_stress,PORTFOLIO,climate_increment,88121150.61692685
297,super_stress,PORTFOLIO,climate_increment,352722349.9543783
298,super_stress,PORTFOLIO,climate_increment,371225555.19507605
299,super_stress,PORTFOLIO,climate_increment,585946355.8771633
300,super_stress,PORTFOLIO,climate_increment,1163238397.4535553
301,super_stress,PORTFOLIO,climate_increment,388893049.8035312
302,super_stress,PORTFOLIO,climate_increment,557934376.6634079
303,super_stress,PORTFOLIO,climate_increment,850113593.8858811
304,super_stress,PORTFOLIO,climate_increment,86970589.48244031
305,super_stress,PORTFOLIO,climate_increment,194844253.9018746
306,super_stress,PORTFOLIO,climate_increment,1361969137.6877239
307,super_stress,PORTFOLIO,climate_increment,569226843.9736778
308,super_stress,PORTFOLIO,climate_increment,302270086.41928005
309,super_stress,PORTFOLIO,climate_increment,623145470.6320192
310,super_stress,PORTFOLIO,climate_increment,712608945.5899512
311,super_stress,PORTFOLIO,climate_increment,1079847070.470637
312,super_stress,PORTFOLIO,climate_increment,465172165.9359186
313,super_stress,PORTFOLIO,climate_increment,581731676.1677526
314,super_stress,PORTFOLIO,climate_increment,557468114.3181291
315,super_stress,PORTFOLIO,climate_increment,544210259.6528887
316,super_stress,PORTFOLIO,climate_increment,562749702.9360417
317,super_stress,PORTFOLIO,climate_increment,129199509.6045773
318,super_stress,PORTFOLIO,climate_increment,392229335.13465124
319,super_stress,PORTFOLIO,climate_increment,136693764.58564433
320,super_stress,PORTFOLIO,climate_increment,236837374.1804108
321,super_stress,PORTFOLIO,climate_increment,-61520179.9371732
322,super_stress,PORTFOLIO,climate_increment,923444451.3328366
323,super_stress,PORTFOLIO,climate_increment,328928375.30334586
324,super_stress,PORTFOLIO,climate_increment,123201760.90877189
325,super_stress,PORTFOLIO,climate_increment,894410384.0581005
326,super_stress,PORTFOLIO,climate_increment,499345401.692637
327,super_stress,PORTFOLIO,climate_increment,-66669587.310167216
328,super_stress,PORTFOLIO,climate_increment,305567945.4139803
329,super_stress,PORTFOLIO,climate_increment,368053522.5066464
330,super_stress,PORTFOLIO,climate_increment,124057241.01879409
331,super_stress,PORTFOLIO,climate_increment,918226883.6977483
332,super_stress,PORTFOLIO,climate_increment,834956777.4767727
333,super_stress,PORTFOLIO,climate_increment,388600863.03715754
334,super_stress,PORTFOLIO,climate_increment,500013317.7286664
335,super_stress,PORTFOLIO,climate_increment,348425670.3878815
336,super_stress,PORTFOLIO,climate_increment,394885768.8182756
337,super_stress,PORTFOLIO,climate_increment,226461830.35080063
338,super_stress,PORTFOLIO,climate_increment,451709531.28901345
339,super_stress,PORTFOLIO,climate_increment,355171973.56482035
340,super_stress,PORTFOLIO,climate_increment,844052234.1552763
341,super_stress,PORTFOLIO,climate_increment,-3567710.2430164944
342,super_stress,PORTFOLIO,climate_increment,442796775.31133527
343,super_stress,PORTFOLIO,climate_increment,234601221.22069004
344,super_stress,PORTFOLIO,climate_increment,530988958.946311
345,super_stress,PORTFOLIO,climate_increment,239876907.4030899
346,super_stress,PORTFOLIO,climate_increment,284793276.9735747
347,super_stress,PORTFOLIO,climate_increment,404236981.85064596
348,super_stress,PORTFOLIO,climate_increment,264436197.59047276
349,super_stress,PORTFOLIO,climate_increment,818367855.329304
350,super_stress,PORTFOLIO,climate_increment,23979920.01517168
351,super_stress,PORTFOLIO,climate_increment,811423442.6980382
352,super_stress,PORTFOLIO,climate_increment,166668309.9872828
353,super_stress,PORTFOLIO,climate_increment,305390351.33667284
354,super_stress,PORTFOLIO,climate_increment,561299762.0656805
355,super_stress,PORTFOLIO,climate_increment,449759376.0770813
356,super_stress,PORTFOLIO,climate_increment,45518207.611524664
357,super_stress,PORTFOLIO,climate_increment,334088726.9957611
358,super_stress,PORTFOLIO,climate_increment,787644150.2735054
359,super_stress,PORTFOLIO,climate_increment,480864566.8678693
360,super_stress,PORTFOLIO,climate_increment,352098788.72124463
361,super_stress,PORTFOLIO,climate_increment,573738321.2293382
362,super_stress,PORTFOLIO,climate_increment,831709698.5456625
363,super_stress,PORTFOLIO,climate_increment,414087395.7587735
364,super_stress,PORTFOLIO,climate_increment,324674178.76792717
365,super_stress,PORTFOLIO,climate_increment,806041778.7073889
366,super_stress,PORTFOLIO,climate_increment,324330319.4164345
367,super_stress,PORTFOLIO,climate_increment,559891480.7834829
368,super_stress,PORTFOLIO,climate_increment,440533309.75700366
369,super_stress,PORTFOLIO,climate_increment,194047329.16339007
370,super_stress,PORTFOLIO,climate_increment,901074278.5821519
371,super_stress,PORTFOLIO,climate_increment,511903526.2362469
372,super_stress,PORTFOLIO,climate_increment,844016104.9775126
373,super_stress,PORTFOLIO,climate_increment,923202667.1351342
374,super_stress,PORTFOLIO,climate_increment,901256607.6144713
375,super_stress,PORTFOLIO,climate_increment,581764250.5799458
376,super_stress,PORTFOLIO,climate_increment,406496465.88962847
377,super_stress,PORTFOLIO,climate_increment,410782915.13192844
378,super_stress,PORTFOLIO,climate_increment,504406085.9979579
379,super_stress,PORTFOLIO,climate_increment,362087926.12601066
380,super_stress,PORTFOLIO,climate_increment,473431599.76903784
381,super_stress,PORTFOLIO,climate_increment,848149763.1537408
382,super_stress,PORTFOLIO,climate_increment,623826917.2503569
383,super_stress,PORTFOLIO,climate_increment,179148365.08698902
384,super_stress,PORTFOLIO,climate_increment,812212427.2636402
385,super_stress,PORTFOLIO,climate_increment,477573774.5014608
386,super_stress,PORTFOLIO,climate_increment,887615457.4237745
387,super_stress,PORTFOLIO,climate_increment,623266781.8320602
388,super_stress,PORTFOLIO,climate_increment,644974022.8186306
389,super_stress,PORTFOLIO,climate_increment,130815935.44661659
390,super_stress,PORTFOLIO,climate_increment,1101043927.8474576
391,super_stress,PORTFOLIO,climate_increment,947940167.638159
392,super_stress,PORTFOLIO,climate_increment,207536400.01258963
393,super_stress,PORTFOLIO,climate_increment,405404073.361416
394,super_stress,PORTFOLIO,climate_increment,453735965.6952902
395,super_stress,PORTFOLIO,climate_increment,648413920.6751422
396,super_stress,PORTFOLIO,climate_increment,118261228.00919329
397,super_stress,PORTFOLIO,climate_increment,-178781508.0885289
398,super_stress,PORTFOLIO,climate_increment,495990060.60899323
399,super_stress,PORTFOLIO,climate_increment,214864560.5918013
400,super_stress,PORTFOLIO,climate_increment,444439249.3932398
401,super_stress,PORTFOLIO,climate_increment,402392939.7111312
402,super_stress,PORTFOLIO,climate_increment,164274045.91135597
403,super_stress,PORTFOLIO,climate_increment,786242705.6297301
404,super_stress,PORTFOLIO,climate_increment,246032549.84642974
405,super_stress,PORTFOLIO,climate_increment,387301473.8310021
406,super_stress,PORTFOLIO,climate_increment,539255188.2527641
407,super_stress,PORTFOLIO,climate_increment,489435870.302166
408,super_stress,PORTFOLIO,climate_increment,51325581.013405465
409,super_stress,PORTFOLIO,climate_increment,614544592.2467407
410,super_stress,PORTFOLIO,climate_increment,455034117.00598764
411,super_stress,PORTFOLIO,climate_increment,615475492.9158896
412,super_stress,PORTFOLIO,climate_increment,-44502112.49293708
413,super_stress,PORTFOLIO,climate_increment,280988028.00517505
414,super_stress,PORTFOLIO,climate_increment,383615075.2187681
415,super_stress,PORTFOLIO,climate_increment,395301648.8792597
416,super_stress,PORTFOLIO,climate_increment,187528635.4031146
417,super_stress,PORTFOLIO,climate_increment,466807113.1845208
418,super_stress,PORTFOLIO,climate_increment,-249811926.96558395
419,super_stress,PORTFOLIO,climate_increment,760343718.9882302
420,super_stress,PORTFOLIO,climate_increment,285776858.99664605
421,super_stress,PORTFOLIO,climate_increment,396122148.710035
422,super_stress,PORTFOLIO,climate_increment,482104260.22902906
423,super_stress,PORTFOLIO,climate_increment,238019192.75123534
424,super_stress,PORTFOLIO,climate_increment,279692359.23279434
425,super_stress,PORTFOLIO,climate_increment,625782020.0959725
426,super_stress,PORTFOLIO,climate_increment,1040602233.1030006
427,super_stress,PORTFOLIO,climate_increment,314654209.8634439
428,super_stress,PORTFOLIO,climate_increment,393653206.35092443
429,super_stress,PORTFOLIO,climate_increment,397217271.1393854
430,super_stress,PORTFOLIO,climate_increment,502845539.5580878
431,super_stress,PORTFOLIO,climate_increment,333157295.3760699
432,super_stress,PORTFOLIO,climate_increment,669341357.6423129
433,super_stress,PORTFOLIO,climate_increment,907752612.5718657
434,super_stress,PORTFOLIO,climate_increment,656835506.6363447
435,super_stress,PORTFOLIO,climate_increment,463434211.143789
436,super_stress,PORTFOLIO,climate_increment,1045962016.425261
437,super_stress,PORTFOLIO,climate_increment,282529416.7952521
438,super_stress,PORTFOLIO,climate_increment,758349226.1237288
439,super_stress,PORTFOLIO,climate_increment,460123360.95301294
440,super_stress,PORTFOLIO,climate_increment,86836544.32931386
441,super_stress,PORTFOLIO,climate_increment,64422477.087455146
442,super_stress,PORTFOLIO,climate_increment,1234682462.1105242
443,super_stress,PORTFOLIO,climate_increment,727470982.1674038
444,super_stress,PORTFOLIO,climate_increment,610517123.2500688
445,super_stress,PORTFOLIO,climate_increment,662805757.6421586
446,super_stress,PORTFOLIO,climate_increment,82732735.74786845
447,super_stress,PORTFOLIO,climate_increment,238733908.50807554
448,super_stress,PORTFOLIO,climate_increment,141573934.52176547
449,super_stress,PORTFOLIO,climate_increment,192901894.2255674
450,super_stress,PORTFOLIO,climate_increment,491750949.3577291
451,super_stress,PORTFOLIO,climate_increment,710670618.440503
452,super_stress,PORTFOLIO,climate_increment,490777245.3863598
453,super_stress,PORTFOLIO,climate_increment,306320262.6598262
454,super_stress,PORTFOLIO,climate_increment,489480571.9022714
455,super_stress,PORTFOLIO,climate_increment,771620370.8739601
456,super_stress,PORTFOLIO,climate_increment,193476326.2083251
457,super_stress,PORTFOLIO,climate_increment,645317074.3690555
458,super_stress,PORTFOLIO,climate_increment,1091437195.1696153
459,super_stress,PORTFOLIO,climate_increment,708604652.110747
460,super_stress,PORTFOLIO,climate_increment,614266503.349114
461,super_stress,PORTFOLIO,climate_increment,481080363.3360304
462,super_stress,PORTFOLIO,climate_increment,706719433.6489079
463,super_stress,PORTFOLIO,climate_increment,-141354470.94378576
464,super_stress,PORTFOLIO,climate_increment,314737539.7463414
465,super_stress,PORTFOLIO,climate_increment,911872128.5045477
466,super_stress,PORTFOLIO,climate_increment,440632482.16507554
467,super_stress,PORTFOLIO,climate_increment,286136242.562203
468,super_stress,PORTFOLIO,climate_increment,508429808.5916132
469,super_stress,PORTFOLIO,climate_increment,161978798.14024597
470,super_stress,PORTFOLIO,climate_increment,990602037.6596291
471,super_stress,PORTFOLIO,climate_increment,801648137.6539402
472,super_stress,PORTFOLIO,climate_increment,435828033.7929124
473,super_stress,PORTFOLIO,climate_increment,506138784.2810472
474,super_stress,PORTFOLIO,climate_increment,230487419.48252538
475,super_stress,PORTFOLIO,climate_increment,523435967.4214053
476,super_stress,PORTFOLIO,climate_increment,467461400.4001533
477,super_stress,PORTFOLIO,climate_increment,214201675.80255976
478,super_stress,PORTFOLIO,climate_increment,443293354.4899616
479,super_stress,PORTFOLIO,climate_increment,199215810.47560972
480,super_stress,PORTFOLIO,climate_increment,1095830997.4416587
481,super_stress,PORTFOLIO,climate_increment,872716038.3441557
482,super_stress,PORTFOLIO,climate_increment,8914540.18492619
483,super_stress,PORTFOLIO,climate_increment,325714110.77652735
484,super_stress,PORTFOLIO,climate_increment,1454607892.1964653
485,super_stress,PORTFOLIO,climate_increment,453141227.0388271
486,super_stress,PORTFOLIO,climate_increment,253730540.6864996
487,super_stress,PORTFOLIO,climate_increment,109484692.22364801
488,super_stress,PORTFOLIO,climate_increment,320069235.6483418
489,super_stress,PORTFOLIO,climate_increment,521955059.0630989
490,super_stress,PORTFOLIO,climate_increment,948339895.4331901
491,super_stress,PORTFOLIO,climate_increment,911493159.510727
492,super_stress,PORTFOLIO,climate_increment,1120824429.3787916
493,super_stress,PORTFOLIO,climate_increment,1005569163.6644303
494,super_stress,PORTFOLIO,climate_increment,328844458.83052325
495,super_stress,PORTFOLIO,climate_increment,209849292.16763216
496,super_stress,PORTFOLIO,climate_increment,732156563.5050175
497,super_stress,PORTFOLIO,climate_increment,1197097445.841528
498,super_stress,PORTFOLIO,climate_increment,800134612.3365196
499,super_stress,PORTFOLIO,climate_increment,720021286.9602343
500,super_stress,PORTFOLIO,climate_increment,703283098.8552377
501,super_stress,PORTFOLIO,climate_increment,150216244.214513
502,super_stress,PORTFOLIO,climate_increment,-90183943.17905435
503,super_stress,PORTFOLIO,climate_increment,1749574297.3346543
504,super_stress,PORTFOLIO,climate_increment,311322061.80043757
505,super_stress,PORTFOLIO,climate_increment,676999995.2230116
506,super_stress,PORTFOLIO,climate_increment,773547544.9011675
507,super_stress,PORTFOLIO,climate_increment,292614611.5912229
508,super_stress,PORTFOLIO,climate_increment,399384338.0528249
509,super_stress,PORTFOLIO,climate_increment,305950037.78058726
510,super_stress,PORTFOLIO,climate_increment,472156018.5672019
511,super_stress,PORTFOLIO,climate_increment,1211129410.2378721
512,super_stress,PORTFOLIO,climate_increment,768685268.5883677
513,super_stress,PORTFOLIO,climate_increment,-60211506.32624842
514,super_stress,PORTFOLIO,climate_increment,521790072.79483426
515,super_stress,PORTFOLIO,climate_increment,447498971.20080316
516,super_stress,PORTFOLIO,climate_increment,779960755.8222356
517,super_stress,PORTFOLIO,climate_increment,757502841.2230216
518,super_stress,PORTFOLIO,climate_increment,283844541.1392357
519,super_stress,PORTFOLIO,climate_increment,279838335.280818
520,super_stress,PORTFOLIO,climate_increment,106770171.66121055
521,super_stress,PORTFOLIO,climate_increment,967854589.0281875
522,super_stress,PORTFOLIO,climate_increment,430922604.0621243
523,super_stress,PORTFOLIO,climate_increment,-261796196.2526542
524,super_stress,PORTFOLIO,climate_increment,499545154.1832476
525,super_stress,PORTFOLIO,climate_increment,281801937.04756624
526,super_stress,PORTFOLIO,climate_increment,139801477.9919464
527,super_stress,PORTFOLIO,climate_increment,549984437.3711878
528,super_stress,PORTFOLIO,climate_increment,525029483.30187446
529,super_stress,PORTFOLIO,climate_increment,402134080.4128775
530,super_stress,PORTFOLIO,climate_increment,66079571.61958328
531,super_stress,PORTFOLIO,climate_increment,602827018.6569431
532,super_stress,PORTFOLIO,climate_increment,-44038122.46172514
533,super_stress,PORTFOLIO,climate_increment,384637248.43195975
534,super_stress,PORTFOLIO,climate_increment,832940981.1123066
535,super_stress,PORTFOLIO,climate_increment,277839237.66499645
536,super_stress,PORTFOLIO,climate_increment,397093029.73413783
537,super_stress,PORTFOLIO,climate_increment,611642092.547217
538,super_stress,PORTFOLIO,climate_increment,664836351.1198962
539,super_stress,PORTFOLIO,climate_increment,149391410.31606048
540,super_stress,PORTFOLIO,climate_increment,727995501.0059822
541,super_stress,PORTFOLIO,climate_increment,394114512.8798535
542,super_stress,PORTFOLIO,climate_increment,488434758.57280916
543,super_stress,PORTFOLIO,climate_increment,908432013.0279226
544,super_stress,PORTFOLIO,climate_increment,467272471.59370536
545,super_stress,PORTFOLIO,climate_increment,43791478.18484618
546,super_stress,PORTFOLIO,climate_increment,205893001.02384627
547,super_stress,PORTFOLIO,climate_increment,511681211.38321275
548,super_stress,PORTFOLIO,climate_increment,896893138.6436733
549,super_stress,PORTFOLIO,climate_increment,335490766.3751961
550,super_stress,PORTFOLIO,climate_increment,929868029.5215504
551,super_stress,PORTFOLIO,climate_increment,90273142.17554297
552,super_stress,PORTFOLIO,climate_increment,471708581.4199133
553,super_stress,PORTFOLIO,climate_increment,711945031.374355
554,super_stress,PORTFOLIO,climate_increment,291729067.4859026
555,super_stress,PORTFOLIO,climate_increment,373533909.1835119
556,super_stress,PORTFOLIO,climate_increment,897237378.7664425
557,super_stress,PORTFOLIO,climate_increment,353950920.45048183
558,super_stress,PORTFOLIO,climate_increment,623796587.6216897
559,super_stress,PORTFOLIO,climate_increment,284577538.69200265
560,super_stress,PORTFOLIO,climate_increment,541778398.1462219
561,super_stress,PORTFOLIO,climate_increment,412965790.6584645
562,super_stress,PORTFOLIO,climate_increment,144406499.87258184
563,super_stress,PORTFOLIO,climate_increment,548217338.0222015
564,super_stress,PORTFOLIO,climate_increment,243667775.54484695
565,super_stress,PORTFOLIO,climate_increment,1010158001.039903
566,super_stress,PORTFOLIO,climate_increment,374581433.3654488
567,super_stress,PORTFOLIO,climate_increment,664711834.628021
568,super_stress,PORTFOLIO,climate_increment,555823096.1616919
569,super_stress,PORTFOLIO,climate_increment,505398834.8661935
570,super_stress,PORTFOLIO,climate_increment,152366839.42660403
571,super_stress,PORTFOLIO,climate_increment,447084326.3356606
572,super_stress,PORTFOLIO,climate_increment,812386768.9580631
573,super_stress,PORTFOLIO,climate_increment,-47909789.14921327
574,super_stress,PORTFOLIO,climate_increment,854915270.4858751
575,super_stress,PORTFOLIO,climate_increment,351923143.07542664
576,super_stress,PORTFOLIO,climate_increment,278862515.64284796
577,super_stress,PORTFOLIO,climate_increment,1137118369.145861
578,super_stress,PORTFOLIO,climate_increment,702777473.5488966
579,super_stress,PORTFOLIO,climate_increment,380361304.11334455
580,super_stress,PORTFOLIO,climate_increment,670242475.6781969
581,super_stress,PORTFOLIO,climate_increment,483217118.8449104
582,super_stress,PORTFOLIO,climate_increment,337884872.8476149
583,super_stress,PORTFOLIO,climate_increment,519481980.2364486
584,super_stress,PORTFOLIO,climate_increment,567295482.4532095
585,super_stress,PORTFOLIO,climate_increment,652006487.3987724
586,super_stress,PORTFOLIO,climate_increment,715833960.1993706
587,super_stress,PORTFOLIO,climate_increment,1201670413.5963826
588,super_stress,PORTFOLIO,climate_increment,483639622.5318842
589,super_stress,PORTFOLIO,climate_increment,757398605.7291195
590,super_stress,PORTFOLIO,climate_increment,194147509.6765241
591,super_stress,PORTFOLIO,climate_increment,248244734.4406825
592,super_stress,PORTFOLIO,climate_increment,599738241.3463564
593,super_stress,PORTFOLIO,climate_increment,207115739.42895538
594,super_stress,PORTFOLIO,climate_increment,341485306.59168273
595,super_stress,PORTFOLIO,climate_increment,373054542.55667275
596,super_stress,PORTFOLIO,climate_increment,610900416.5724212
597,super_stress,PORTFOLIO,climate_increment,724137007.1710525
598,super_stress,PORTFOLIO,climate_increment,433628415.7764974
599,super_stress,PORTFOLIO,climate_increment,1148658178.9402869
600,super_stress,PORTFOLIO,climate_increment,596069511.1866676
601,super_stress,PORTFOLIO,climate_increment,1089646762.7982903
602,super_stress,PORTFOLIO,climate_increment,396097310.68416977
603,super_stress,PORTFOLIO,climate_increment,647000537.8879501
604,super_stress,PORTFOLIO,climate_increment,333772727.4386431
605,super_stress,PORTFOLIO,climate_increment,538938464.3212196
606,super_stress,PORTFOLIO,climate_increment,239165196.7752612
607,super_stress,PORTFOLIO,climate_increment,346712953.5260118
608,super_stress,PORTFOLIO,climate_increment,149025849.3756687
609,super_stress,PORTFOLIO,climate_increment,762752348.8641723
610,super_stress,PORTFOLIO,climate_increment,861604710.7168412
611,super_stress,PORTFOLIO,climate_increment,745169218.0192409
612,super_stress,PORTFOLIO,climate_increment,705239808.470309
613,super_stress,PORTFOLIO,climate_increment,579153508.4146914
614,super_stress,PORTFOLIO,climate_increment,581396013.5549477
615,super_stress,PORTFOLIO,climate_increment,401980826.3690895
616,super_stress,PORTFOLIO,climate_increment,776725707.8161753
617,super_stress,PORTFOLIO,climate_increment,521689627.2371594
618,super_stress,PORTFOLIO,climate_increment,198597730.2129629
619,super_stress,PORTFOLIO,climate_increment,251035704.4966136
620,super_stress,PORTFOLIO,climate_increment,148224544.32113272
621,super_stress,PORTFOLIO,climate_increment,644035053.6117543
622,super_stress,PORTFOLIO,climate_increment,524615948.4003323
623,super_stress,PORTFOLIO,climate_increment,766173548.0023638
624,super_stress,PORTFOLIO,climate_increment,796232724.3776377
625,super_stress,PORTFOLIO,climate_increment,688002016.1104106
626,super_stress,PORTFOLIO,climate_increment,533030348.1767584
627,super_stress,PORTFOLIO,climate_increment,469050322.2133784
628,super_stress,PORTFOLIO,climate_increment,330572022.5818352
629,super_stress,PORTFOLIO,climate_increment,169330949.27272028
630,super_stress,PORTFOLIO,climate_increment,809034215.2109782
631,super_stress,PORTFOLIO,climate_increment,361774974.8640505
632,super_stress,PORTFOLIO,climate_increment,734063605.2582194
633,super_stress,PORTFOLIO,climate_increment,566038561.3996749
634,super_stress,PORTFOLIO,climate_increment,545448048.7699395
635,super_stress,PORTFOLIO,climate_increment,601209312.7085581
636,super_stress,PORTFOLIO,climate_increment,685141130.3142165
637,super_stress,PORTFOLIO,climate_increment,663444471.1154777
638,super_stress,PORTFOLIO,climate_increment,-16781736.07192821
639,super_stress,PORTFOLIO,climate_increment,606568308.0263702
640,super_stress,PORTFOLIO,climate_increment,425091270.5870251
641,super_stress,PORTFOLIO,climate_increment,553989852.7251884
642,super_stress,PORTFOLIO,climate_increment,457972179.2082629
643,super_stress,PORTFOLIO,climate_increment,251683503.3628447
644,super_stress,PORTFOLIO,climate_increment,226244809.3211865
645,super_stress,PORTFOLIO,climate_increment,345333364.3917129
646,super_stress,PORTFOLIO,climate_increment,785941030.3984545
647,super_stress,PORTFOLIO,climate_increment,1238141303.1772234
648,super_stress,PORTFOLIO,climate_increment,409166203.11899775
649,super_stress,PORTFOLIO,climate_increment,571270080.3913393
650,super_stress,PORTFOLIO,climate_increment,1470674021.6315339
651,super_stress,PORTFOLIO,climate_increment,141914142.09882104
652,super_stress,PORTFOLIO,climate_increment,586085700.9500123
653,super_stress,PORTFOLIO,climate_increment,256846151.85948655
654,super_stress,PORTFOLIO,climate_increment,603803516.5656452
655,super_stress,PORTFOLIO,climate_increment,493509105.36365575
656,super_stress,PORTFOLIO,climate_increment,1232202336.1288276
657,super_stress,PORTFOLIO,climate_increment,706449337.7155886
658,super_stress,PORTFOLIO,climate_increment,688439569.9423469
659,super_stress,PORTFOLIO,climate_increment,508639897.81916386
660,super_stress,PORTFOLIO,climate_increment,1079399931.8083684
661,super_stress,PORTFOLIO,climate_increment,977984391.508639
662,super_stress,PORTFOLIO,climate_increment,428848522.4692686
663,super_stress,PORTFOLIO,climate_increment,691444069.553344
664,super_stress,PORTFOLIO,climate_increment,391453194.2112747
665,super_stress,PORTFOLIO,climate_increment,144019783.16450384
666,super_stress,PORTFOLIO,climate_increment,465652885.38950413
667,super_stress,PORTFOLIO,climate_increment,694307182.2284347
668,super_stress,PORTFOLIO,climate_increment,945386384.4623865
669,super_stress,PORTFOLIO,climate_increment,258495436.5283077
670,super_stress,PORTFOLIO,climate_increment,863631263.8859339
671,super_stress,PORTFOLIO,climate_increment,534166456.0541301
672,super_stress,PORTFOLIO,climate_increment,506370496.18890387
673,super_stress,PORTFOLIO,climate_increment,570703076.8912768
674,super_stress,PORTFOLIO,climate_increment,484202312.5736547
675,super_stress,PORTFOLIO,climate_increment,393133667.3096789
676,super_stress,PORTFOLIO,climate_increment,282995697.1557636
677,super_stress,PORTFOLIO,climate_increment,398926975.64688313
678,super_stress,PORTFOLIO,climate_increment,385551797.6609804
679,super_stress,PORTFOLIO,climate_increment,297610947.80539227
680,super_stress,PORTFOLIO,climate_increment,323371826.1528733
681,super_stress,PORTFOLIO,climate_increment,659036110.0091499
682,super_stress,PORTFOLIO,climate_increment,569301675.8126119
683,super_stress,PORTFOLIO,climate_increment,348344404.12787515
684,super_stress,PORTFOLIO,climate_increment,322914138.5804032
685,super_stress,PORTFOLIO,climate_increment,309090577.6589772
686,super_stress,PORTFOLIO,climate_increment,596346369.8221866
687,super_stress,PORTFOLIO,climate_increment,117055549.06187974
688,super_stress,PORTFOLIO,climate_increment,514241791.8820117
689,super_stress,PORTFOLIO,climate_increment,26105909.27804698
690,super_stress,PORTFOLIO,climate_increment,360165987.1548341
691,super_stress,PORTFOLIO,climate_increment,496782053.32499075
692,super_stress,PORTFOLIO,climate_increment,27990638.35352163
693,super_stress,PORTFOLIO,climate_increment,680243203.0983784
694,super_stress,PORTFOLIO,climate_increment,528338661.3077456
695,super_stress,PORTFOLIO,climate_increment,597660882.0848618
696,super_stress,PORTFOLIO,climate_increment,481811205.44364727
697,super_stress,PORTFOLIO,climate_increment,974882276.9248204
698,super_stress,PORTFOLIO,climate_increment,167330835.38857272
699,super_stress,PORTFOLIO,climate_increment,419062221.78425246
700,super_stress,PORTFOLIO,climate_increment,575458029.8534329
701,super_stress,PORTFOLIO,climate_increment,582910073.4369835
702,super_stress,PORTFOLIO,climate_increment,158260524.5510821
703,super_stress,PORTFOLIO,climate_increment,388768115.71545726
704,super_stress,PORTFOLIO,climate_increment,355364488.54777855
705,super_stress,PORTFOLIO,climate_increment,126218263.24387428
706,super_stress,PORTFOLIO,climate_increment,535692867.5481214
707,super_stress,PORTFOLIO,climate_increment,556778366.4843605
708,super_stress,PORTFOLIO,climate_increment,462918087.36562514
709,super_stress,PORTFOLIO,climate_increment,203277876.36739507
710,super_stress,PORTFOLIO,climate_increment,396766709.19981956
711,super_stress,PORTFOLIO,climate_increment,314878732.8050137
712,super_stress,PORTFOLIO,climate_increment,377738304.96416336
713,super_stress,PORTFOLIO,climate_increment,209620773.3444228
714,super_stress,PORTFOLIO,climate_increment,676079859.3613133
715,super_stress,PORTFOLIO,climate_increment,57101330.52293607
716,super_stress,PORTFOLIO,climate_increment,-261533835.7427468
717,super_stress,PORTFOLIO,climate_increment,115513832.80086893
718,super_stress,PORTFOLIO,climate_increment,517812237.6022452
719,super_stress,PORTFOLIO,climate_increment,255789748.23743993
720,super_stress,PORTFOLIO,climate_increment,318068820.7252979
721,super_stress,PORTFOLIO,climate_increment,483733486.0306347
722,super_stress,PORTFOLIO,climate_increment,1353816309.62494
723,super_stress,PORTFOLIO,climate_increment,242518554.44785392
724,super_stress,PORTFOLIO,climate_increment,210281303.32435632
725,super_stress,PORTFOLIO,climate_increment,847492676.8897198
726,super_stress,PORTFOLIO,climate_increment,265790077.10326096
727,super_stress,PORTFOLIO,climate_increment,417807444.1417332
728,super_stress,PORTFOLIO,climate_increment,1036279624.9113894
729,super_stress,PORTFOLIO,climate_increment,167247752.59089795
730,super_stress,PORTFOLIO,climate_increment,638202463.6175057
731,super_stress,PORTFOLIO,climate_increment,197584849.1595766
732,super_stress,PORTFOLIO,climate_increment,652489773.3616288
733,super_stress,PORTFOLIO,climate_increment,133867460.55164483
734,super_stress,PORTFOLIO,climate_increment,447367086.73995245
735,super_stress,PORTFOLIO,climate_increment,405545265.618767
736,super_stress,PORTFOLIO,climate_increment,469418999.183665
737,super_stress,PORTFOLIO,climate_increment,430986956.81718653
738,super_stress,PORTFOLIO,climate_increment,409550857.73220617
739,super_stress,PORTFOLIO,climate_increment,1177165806.5769625
740,super_stress,PORTFOLIO,climate_increment,290932139.79961586
741,super_stress,PORTFOLIO,climate_increment,501855076.5555686
742,super_stress,PORTFOLIO,climate_increment,635413312.6547506
743,super_stress,PORTFOLIO,climate_increment,682745144.5817827
744,super_stress,PORTFOLIO,climate_increment,396178149.20100284
745,super_stress,PORTFOLIO,climate_increment,136313556.45820287
746,super_stress,PORTFOLIO,climate_increment,511681316.31372935
747,super_stress,PORTFOLIO,climate_increment,504238007.3320601
748,super_stress,PORTFOLIO,climate_increment,277799775.3488863
749,super_stress,PORTFOLIO,climate_increment,463100039.2487341
750,super_stress,PORTFOLIO,climate_increment,198746766.02649873
751,super_stress,PORTFOLIO,climate_increment,457228948.62108415
752,super_stress,PORTFOLIO,climate_increment,424457985.25294375
753,super_stress,PORTFOLIO,climate_increment,460097453.21059644
754,super_stress,PORTFOLIO,climate_increment,665021776.9048606
755,super_stress,PORTFOLIO,climate_increment,612888055.6068208
756,super_stress,PORTFOLIO,climate_increment,218644638.11429474
757,super_stress,PORTFOLIO,climate_increment,798253694.0654793
758,super_stress,PORTFOLIO,climate_increment,850255075.8991468
759,super_stress,PORTFOLIO,climate_increment,193147603.93108356
760,super_stress,PORTFOLIO,climate_increment,181244757.49731842
761,super_stress,PORTFOLIO,climate_increment,1041709693.8608861
762,super_stress,PORTFOLIO,climate_increment,610222685.5748452
763,super_stress,PORTFOLIO,climate_increment,425244783.15649676
764,super_stress,PORTFOLIO,climate_increment,815556513.6645114
765,super_stress,PORTFOLIO,climate_increment,304559004.14929694
766,super_stress,PORTFOLIO,climate_increment,589594092.7778234
767,super_stress,PORTFOLIO,climate_increment,582347951.1003784
768,super_stress,PORTFOLIO,climate_increment,618177584.0401351
769,super_stress,PORTFOLIO,climate_increment,543388676.3210028
770,super_stress,PORTFOLIO,climate_increment,357198137.885823
771,super_stress,PORTFOLIO,climate_increment,407763303.92745847
772,super_stress,PORTFOLIO,climate_increment,309227367.18447
773,super_stress,PORTFOLIO,climate_increment,127815220.33912541
774,super_stress,PORTFOLIO,climate_increment,-187604689.67750826
775,super_stress,PORTFOLIO,climate_increment,416590756.0347264
776,super_stress,PORTFOLIO,climate_increment,165066328.86143932
777,super_stress,PORTFOLIO,climate_increment,895723166.5986602
778,super_stress,PORTFOLIO,climate_increment,512545376.2021114
779,super_stress,PORTFOLIO,climate_increment,717406532.6978109
780,super_stress,PORTFOLIO,climate_increment,313350527.9795667
781,super_stress,PORTFOLIO,climate_increment,148157448.86964256
782,super_stress,PORTFOLIO,climate_increment,184070463.3647599
783,super_stress,PORTFOLIO,climate_increment,741417720.3487378
784,super_stress,PORTFOLIO,climate_increment,-39136344.34367009
785,super_stress,PORTFOLIO,climate_increment,79331844.45432144
786,super_stress,PORTFOLIO,climate_increment,374508029.2353565
787,super_stress,PORTFOLIO,climate_increment,287390500.48269117
788,super_stress,PORTFOLIO,climate_increment,347272815.5121883
789,super_stress,PORTFOLIO,climate_increment,103857696.89327234
790,super_stress,PORTFOLIO,climate_increment,582745490.8123739
791,super_stress,PORTFOLIO,climate_increment,684522122.8218184
792,super_stress,PORTFOLIO,climate_increment,629760664.3066393
793,super_stress,PORTFOLIO,climate_increment,575459513.0760239
794,super_stress,PORTFOLIO,climate_increment,476391684.46664494
795,super_stress,PORTFOLIO,climate_increment,855183464.6660664
796,super_stress,PORTFOLIO,climate_increment,378117816.3886779
797,super_stress,PORTFOLIO,climate_increment,455373646.63875294
798,super_stress,PORTFOLIO,climate_increment,626016463.0271997
799,super_stress,PORTFOLIO,climate_increment,1201086989.1817937
800,super_stress,PORTFOLIO,climate_increment,398236810.3600779
801,super_stress,PORTFOLIO,climate_increment,903146235.6748265
802,super_stress,PORTFOLIO,climate_increment,203174890.10954964
803,super_stress,PORTFOLIO,climate_increment,289140554.3431938
804,super_stress,PORTFOLIO,climate_increment,254178547.4187703
805,super_stress,PORTFOLIO,climate_increment,162632243.54201713
806,super_stress,PORTFOLIO,climate_increment,404958021.56380993
807,super_stress,PORTFOLIO,climate_increment,-37010636.732501656
808,super_stress,PORTFOLIO,climate_increment,350090391.4232031
809,super_stress,PORTFOLIO,climate_increment,224303331.86419827
810,super_stress,PORTFOLIO,climate_increment,451466534.86951935
811,super_stress,PORTFOLIO,climate_increment,290312314.660495
812,super_stress,PORTFOLIO,climate_increment,559283248.1637379
813,super_stress,PORTFOLIO,climate_increment,280440942.5448961
814,super_stress,PORTFOLIO,climate_increment,245669607.32357883
815,super_stress,PORTFOLIO,climate_increment,179970666.26651356
816,super_stress,PORTFOLIO,climate_increment,598131342.1401943
817,super_stress,PORTFOLIO,climate_increment,369333490.7918458
818,super_stress,PORTFOLIO,climate_increment,887348896.1552691
819,super_stress,PORTFOLIO,climate_increment,613044404.1150225
820,super_stress,PORTFOLIO,climate_increment,510688713.3243638
821,super_stress,PORTFOLIO,climate_increment,1305697999.5373578
822,super_stress,PORTFOLIO,climate_increment,556156366.4252968
823,super_stress,PORTFOLIO,climate_increment,298352083.65770346
824,super_stress,PORTFOLIO,climate_increment,-264099583.913946
825,super_stress,PORTFOLIO,climate_increment,426890441.3159328
826,super_stress,PORTFOLIO,climate_increment,928348613.1136558
827,super_stress,PORTFOLIO,climate_increment,915438891.8655821
828,super_stress,PORTFOLIO,climate_increment,532113056.03358203
829,super_stress,PORTFOLIO,climate_increment,377117340.9484086
830,super_stress,PORTFOLIO,climate_increment,313249168.9198441
831,super_stress,PORTFOLIO,climate_increment,400740095.26428926
832,super_stress,PORTFOLIO,climate_increment,326035089.3849525
833,super_stress,PORTFOLIO,climate_increment,394561252.71131784
834,super_stress,PORTFOLIO,climate_increment,395809844.05713534
835,super_stress,PORTFOLIO,climate_increment,364540598.25769067
836,super_stress,PORTFOLIO,climate_increment,200761623.96476856
837,super_stress,PORTFOLIO,climate_increment,408344561.76803917
838,super_stress,PORTFOLIO,climate_increment,279917366.639025
839,super_stress,PORTFOLIO,climate_increment,32838537.775259778
840,super_stress,PORTFOLIO,climate_increment,704629862.3203921
841,super_stress,PORTFOLIO,climate_increment,244121325.82486463
842,super_stress,PORTFOLIO,climate_increment,767661902.4483986
843,super_stress,PORTFOLIO,climate_increment,-242128342.33199492
844,super_stress,PORTFOLIO,climate_increment,317403600.1002917
845,super_stress,PORTFOLIO,climate_increment,976899009.3758998
846,super_stress,PORTFOLIO,climate_increment,280208512.48471594
847,super_stress,PORTFOLIO,climate_increment,377098695.4502825
848,super_stress,PORTFOLIO,climate_increment,634951076.3142173
849,super_stress,PORTFOLIO,climate_increment,757958507.4514248
850,super_stress,PORTFOLIO,climate_increment,235963209.10793927
851,super_stress,PORTFOLIO,climate_increment,663590415.0827258
852,super_stress,PORTFOLIO,climate_increment,408375041.59662193
853,super_stress,PORTFOLIO,climate_increment,713064745.7736305
854,super_stress,PORTFOLIO,climate_increment,772408001.01054
855,super_stress,PORTFOLIO,climate_increment,848343271.6110349
856,super_stress,PORTFOLIO,climate_increment,444653240.06736815
857,super_stress,PORTFOLIO,climate_increment,598915555.3382586
858,super_stress,PORTFOLIO,climate_increment,345833723.4438807
859,super_stress,PORTFOLIO,climate_increment,802359881.0135077
860,super_stress,PORTFOLIO,climate_increment,549327306.9168847
861,super_stress,PORTFOLIO,climate_increment,206875443.12235203
862,super_stress,PORTFOLIO,climate_increment,200708673.42183277
863,super_stress,PORTFOLIO,climate_increment,136504860.38021612
864,super_stress,PORTFOLIO,climate_increment,994582803.204261
865,super_stress,PORTFOLIO,climate_increment,564262013.6979252
866,super_stress,PORTFOLIO,climate_increment,170962163.33425775
867,super_stress,PORTFOLIO,climate_increment,451681692.6300777
868,super_stress,PORTFOLIO,climate_increment,203658449.87084818
869,super_stress,PORTFOLIO,climate_increment,578108808.0947982
870,super_stress,PORTFOLIO,climate_increment,-29986021.454513792
871,super_stress,PORTFOLIO,climate_increment,324358581.21091425
872,super_stress,PORTFOLIO,climate_increment,618938337.2280089
873,super_stress,PORTFOLIO,climate_increment,831004266.179331
874,super_stress,PORTFOLIO,climate_increment,262857436.9760559
875,super_stress,PORTFOLIO,climate_increment,361748362.7969662
876,super_stress,PORTFOLIO,climate_increment,11114710.77550998
877,super_stress,PORTFOLIO,climate_increment,363438606.91892505
878,super_stress,PORTFOLIO,climate_increment,125863677.614092
879,super_stress,PORTFOLIO,climate_increment,930894358.4108256
880,super_stress,PORTFOLIO,climate_increment,1477883506.0754519
881,super_stress,PORTFOLIO,climate_increment,184280740.0742345
882,super_stress,PORTFOLIO,climate_increment,681306717.5036247
883,super_stress,PORTFOLIO,climate_increment,624072133.9865963
884,super_stress,PORTFOLIO,climate_increment,819542905.4426569
885,super_stress,PORTFOLIO,climate_increment,277349195.8593722
886,super_stress,PORTFOLIO,climate_increment,982891921.2409341
887,super_stress,PORTFOLIO,climate_increment,522352451.81619906
888,super_stress,PORTFOLIO,climate_increment,486753852.19369113
889,super_stress,PORTFOLIO,climate_increment,330928530.12741756
890,super_stress,PORTFOLIO,climate_increment,617995541.4161606
891,super_stress,PORTFOLIO,climate_increment,247415586.22302747
892,super_stress,PORTFOLIO,climate_increment,355896084.0450302
893,super_stress,PORTFOLIO,climate_increment,373032165.39301187
894,super_stress,PORTFOLIO,climate_increment,326469463.32353324
895,super_stress,PORTFOLIO,climate_increment,748959624.8251961
896,super_stress,PORTFOLIO,climate_increment,333983476.8993801
897,super_stress,PORTFOLIO,climate_increment,1047601653.0259289
898,super_stress,PORTFOLIO,climate_increment,784054800.1487504
899,super_stress,PORTFOLIO,climate_increment,377778362.8684142
900,super_stress,PORTFOLIO,climate_increment,533928097.49401516
901,super_stress,PORTFOLIO,climate_increment,469397807.33964413
902,super_stress,PORTFOLIO,climate_increment,340247784.3432653
903,super_stress,PORTFOLIO,climate_increment,-37175736.330338456
904,super_stress,PORTFOLIO,climate_increment,713837923.5945227
905,super_stress,PORTFOLIO,climate_increment,600712225.4166875
906,super_stress,PORTFOLIO,climate_increment,565371134.1923285
907,super_stress,PORTFOLIO,climate_increment,491015790.0738076
908,super_stress,PORTFOLIO,climate_increment,703010796.679377
909,super_stress,PORTFOLIO,climate_increment,737676538.6585594
910,super_stress,PORTFOLIO,climate_increment,1112756469.832993
911,super_stress,PORTFOLIO,climate_increment,614509670.4223788
912,super_stress,PORTFOLIO,climate_increment,235275794.89488843
913,super_stress,PORTFOLIO,climate_increment,1139211767.474599
914,super_stress,PORTFOLIO,climate_increment,-30971563.11956732
915,super_stress,PORTFOLIO,climate_increment,1129828823.0847037
916,super_stress,PORTFOLIO,climate_increment,806017216.3410892
917,super_stress,PORTFOLIO,climate_increment,553275097.3958105
918,super_stress,PORTFOLIO,climate_increment,738131834.0762275
919,super_stress,PORTFOLIO,climate_increment,679076308.3860146
920,super_stress,PORTFOLIO,climate_increment,344651673.67718136
921,super_stress,PORTFOLIO,climate_increment,557635967.1762782
922,super_stress,PORTFOLIO,climate_increment,659095767.804776
923,super_stress,PORTFOLIO,climate_increment,672135488.0240053
924,super_stress,PORTFOLIO,climate_increment,858904533.3889436
925,super_stress,PORTFOLIO,climate_increment,517669876.9454453
926,super_stress,PORTFOLIO,climate_increment,486975911.8072498
927,super_stress,PORTFOLIO,climate_increment,63823622.92178978
928,super_stress,PORTFOLIO,climate_increment,243113238.63368562
929,super_stress,PORTFOLIO,climate_increment,365528312.2683406
930,super_stress,PORTFOLIO,climate_increment,722310479.2739911
931,super_stress,PORTFOLIO,climate_increment,1120693606.7848558
932,super_stress,PORTFOLIO,climate_increment,-59189973.9774379
933,super_stress,PORTFOLIO,climate_increment,240296061.85859177
934,super_stress,PORTFOLIO,climate_increment,98590081.13655771
935,super_stress,PORTFOLIO,climate_increment,769545541.4215817
936,super_stress,PORTFOLIO,climate_increment,701523079.2749407
937,super_stress,PORTFOLIO,climate_increment,560324356.054437
938,super_stress,PORTFOLIO,climate_increment,672383792.4833375
939,super_stress,PORTFOLIO,climate_increment,118609377.49977048
940,super_stress,PORTFOLIO,climate_increment,821740215.4688325
941,super_stress,PORTFOLIO,climate_increment,790241939.3628106
942,super_stress,PORTFOLIO,climate_increment,840867455.4816662
943,super_stress,PORTFOLIO,climate_increment,470610428.8189317
944,super_stress,PORTFOLIO,climate_increment,-167119128.6372891
945,super_stress,PORTFOLIO,climate_increment,824301714.0067557
946,super_stress,PORTFOLIO,climate_increment,824790103.1063644
947,super_stress,PORTFOLIO,climate_increment,376416959.25384074
948,super_stress,PORTFOLIO,climate_increment,241625229.3080209
949,super_stress,PORTFOLIO,climate_increment,214361730.92306355
950,super_stress,PORTFOLIO,climate_increment,295789509.0480376
951,super_stress,PORTFOLIO,climate_increment,657879488.617736
952,super_stress,PORTFOLIO,climate_increment,551621249.0924653
953,super_stress,PORTFOLIO,climate_increment,321279730.8047575
954,super_stress,PORTFOLIO,climate_increment,430096658.0196567
955,super_stress,PORTFOLIO,climate_increment,454375349.1252637
956,super_stress,PORTFOLIO,climate_increment,468590503.5908244
957,super_stress,PORTFOLIO,climate_increment,331731725.99661
958,super_stress,PORTFOLIO,climate_increment,372951458.0900222
959,super_stress,PORTFOLIO,climate_increment,621459965.3186588
960,super_stress,PORTFOLIO,climate_increment,482232903.23382336
961,super_stress,PORTFOLIO,climate_increment,461456790.4962456
962,super_stress,PORTFOLIO,climate_increment,430167668.64312774
963,super_stress,PORTFOLIO,climate_increment,753645275.2157406
964,super_stress,PORTFOLIO,climate_increment,1186941782.2873993
965,super_stress,PORTFOLIO,climate_increment,553633784.4402521
966,super_stress,PORTFOLIO,climate_increment,181478177.47211415
967,super_stress,PORTFOLIO,climate_increment,778913975.1580851
968,super_stress,PORTFOLIO,climate_increment,301971730.08763903
969,super_stress,PORTFOLIO,climate_increment,359851438.07843775
970,super_stress,PORTFOLIO,climate_increment,225468364.82124385
971,super_stress,PORTFOLIO,climate_increment,279305665.89467597
972,super_stress,PORTFOLIO,climate_increment,814655741.8211312
973,super_stress,PORTFOLIO,climate_increment,637064763.2003021
974,super_stress,PORTFOLIO,climate_increment,571348666.1317086
975,super_stress,PORTFOLIO,climate_increment,1219754389.0101452
976,super_stress,PORTFOLIO,climate_increment,199878129.76443145
977,super_stress,PORTFOLIO,climate_increment,558821701.829919
978,super_stress,PORTFOLIO,climate_increment,412912744.45245934
979,super_stress,PORTFOLIO,climate_increment,353783106.0322905
980,super_stress,PORTFOLIO,climate_increment,257728566.84367806
981,super_stress,PORTFOLIO,climate_increment,272118784.0602911
982,super_stress,PORTFOLIO,climate_increment,413741121.6950352
983,super_stress,PORTFOLIO,climate_increment,-227826084.7134507
984,super_stress,PORTFOLIO,climate_increment,839322807.4891967
985,super_stress,PORTFOLIO,climate_increment,499830687.56296533
986,super_stress,PORTFOLIO,climate_increment,383660650.22925377
987,super_stress,PORTFOLIO,climate_increment,152275592.5026051
988,super_stress,PORTFOLIO,climate_increment,421979868.5869453
989,super_stress,PORTFOLIO,climate_increment,612300745.244421
990,super_stress,PORTFOLIO,climate_increment,674199209.2330877
991,super_stress,PORTFOLIO,climate_increment,-128870213.45661499
992,super_stress,PORTFOLIO,climate_increment,646412571.4050405
993,super_stress,PORTFOLIO,climate_increment,451781399.47110623
994,super_stress,PORTFOLIO,climate_increment,458200639.1054461
995,super_stress,PORTFOLIO,climate_increment,569299181.9361027
996,super_stress,PORTFOLIO,climate_increment,538935588.0206612
997,super_stress,PORTFOLIO,climate_increment,434994207.8201255
998,super_stress,PORTFOLIO,climate_increment,128619840.54507317
999,super_stress,PORTFOLIO,climate_increment,579147898.428491
1000,super_stress,PORTFOLIO,climate_increment,588251460.828535
1001,super_stress,PORTFOLIO,climate_increment,686472069.8659264
1002,super_stress,PORTFOLIO,climate_increment,845920104.1540643
1003,super_stress,PORTFOLIO,climate_increment,701335202.4751225
1004,super_stress,PORTFOLIO,climate_increment,95767894.41904396
1005,super_stress,PORTFOLIO,climate_increment,441285521.2157162
1006,super_stress,PORTFOLIO,climate_increment,221536327.0147595
1007,super_stress,PORTFOLIO,climate_increment,399402070.81035405
1008,super_stress,PORTFOLIO,climate_increment,32543296.6164986
1009,super_stress,PORTFOLIO,climate_increment,383382953.4177902
1010,super_stress,PORTFOLIO,climate_increment,172359360.85125545
1011,super_stress,PORTFOLIO,climate_increment,799740596.5964142
1012,super_stress,PORTFOLIO,climate_increment,131764484.45103735
1013,super_stress,PORTFOLIO,climate_increment,699124877.8871877
1014,super_stress,PORTFOLIO,climate_increment,534977280.86315715
1015,super_stress,PORTFOLIO,climate_increment,-74048552.47560962
1016,super_stress,PORTFOLIO,climate_increment,246704161.93471938
1017,super_stress,PORTFOLIO,climate_increment,376042234.0832954
1018,super_stress,PORTFOLIO,climate_increment,602270194.314961
1019,super_stress,PORTFOLIO,climate_increment,787580850.5913774
1020,super_stress,PORTFOLIO,climate_increment,544990491.9382117
1021,super_stress,PORTFOLIO,climate_increment,240471925.4480019
1022,super_stress,PORTFOLIO,climate_increment,684819375.4313179
1023,super_stress,PORTFOLIO,climate_increment,789953550.4464035
1024,super_stress,PORTFOLIO,climate_increment,373944328.2412736
1025,super_stress,PORTFOLIO,climate_increment,111342262.90775578
1026,super_stress,PORTFOLIO,climate_increment,855680531.0252503
1027,super_stress,PORTFOLIO,climate_increment,540166468.2799464
1028,super_stress,PORTFOLIO,climate_increment,329253071.715702
1029,super_stress,PORTFOLIO,climate_increment,-108940312.04075427
1030,super_stress,PORTFOLIO,climate_increment,213910089.88937426
1031,super_stress,PORTFOLIO,climate_increment,834238662.9914238
1032,super_stress,PORTFOLIO,climate_increment,706373962.2835168
1033,super_stress,PORTFOLIO,climate_increment,670510808.8606819
1034,super_stress,PORTFOLIO,climate_increment,19371203.737292685
1035,super_stress,PORTFOLIO,climate_increment,424083273.2164337
1036,super_stress,PORTFOLIO,climate_increment,251758685.7589673
1037,super_stress,PORTFOLIO,climate_increment,201714310.51669326
1038,super_stress,PORTFOLIO,climate_increment,568537106.1571529
1039,super_stress,PORTFOLIO,climate_increment,569051572.7900015
1040,super_stress,PORTFOLIO,climate_increment,754528177.3467274
1041,super_stress,PORTFOLIO,climate_increment,298914186.87902904
1042,super_stress,PORTFOLIO,climate_increment,526171110.15515137
1043,super_stress,PORTFOLIO,climate_increment,769644821.9945526
1044,super_stress,PORTFOLIO,climate_increment,367890049.0241515
1045,super_stress,PORTFOLIO,climate_increment,160670048.37377435
1046,super_stress,PORTFOLIO,climate_increment,76105594.73542836
1047,super_stress,PORTFOLIO,climate_increment,633037914.8893592
1048,super_stress,PORTFOLIO,climate_increment,217515409.63593397
1049,super_stress,PORTFOLIO,climate_increment,-8337740.685382802
1050,super_stress,PORTFOLIO,climate_increment,721058254.5672432
1051,super_stress,PORTFOLIO,climate_increment,499108377.205662
1052,super_stress,PORTFOLIO,climate_increment,846351942.7087784
1053,super_stress,PORTFOLIO,climate_increment,620062336.6945789
1054,super_stress,PORTFOLIO,climate_increment,654139278.1411666
1055,super_stress,PORTFOLIO,climate_increment,517092490.1212912
1056,super_stress,PORTFOLIO,climate_increment,632887225.7756084
1057,super_stress,PORTFOLIO,climate_increment,289157435.7176381
1058,super_stress,PORTFOLIO,climate_increment,785583626.5177841
1059,super_stress,PORTFOLIO,climate_increment,877603030.4963201
1060,super_stress,PORTFOLIO,climate_increment,617877575.5551026
1061,super_stress,PORTFOLIO,climate_increment,434642573.5859716
1062,super_stress,PORTFOLIO,climate_increment,666117089.0900204
1063,super_stress,PORTFOLIO,climate_increment,816495145.1097035
1064,super_stress,PORTFOLIO,climate_increment,853650218.3778856
1065,super_stress,PORTFOLIO,climate_increment,421479627.57285815
1066,super_stress,PORTFOLIO,climate_increment,86894830.58815815
1067,super_stress,PORTFOLIO,climate_increment,284645445.0831079
1068,super_stress,PORTFOLIO,climate_increment,297165914.73910284
1069,super_stress,PORTFOLIO,climate_increment,809134926.4451457
1070,super_stress,PORTFOLIO,climate_increment,167648886.16166097
1071,super_stress,PORTFOLIO,climate_increment,605150800.3308018
1072,super_stress,PORTFOLIO,climate_increment,557972437.2267781
1073,super_stress,PORTFOLIO,climate_increment,272816237.0848668
1074,super_stress,PORTFOLIO,climate_increment,696651502.6081139
1075,super_stress,PORTFOLIO,climate_increment,395520387.1931636
1076,super_stress,PORTFOLIO,climate_increment,738964736.0454735
1077,super_stress,PORTFOLIO,climate_increment,678851997.2963637
1078,super_stress,PORTFOLIO,climate_increment,133797688.56192683
1079,super_stress,PORTFOLIO,climate_increment,223004412.6753985
1080,super_stress,PORTFOLIO,climate_increment,327667578.3444489
1081,super_stress,PORTFOLIO,climate_increment,857365869.4353118
1082,super_stress,PORTFOLIO,climate_increment,610159710.5934134
1083,super_stress,PORTFOLIO,climate_increment,234506455.56398702
1084,super_stress,PORTFOLIO,climate_increment,556471474.047285
1085,super_stress,PORTFOLIO,climate_increment,314421676.78822446
1086,super_stress,PORTFOLIO,climate_increment,1052279754.8588704
1087,super_stress,PORTFOLIO,climate_increment,1234295693.5919971
1088,super_stress,PORTFOLIO,climate_increment,360295658.8935185
1089,super_stress,PORTFOLIO,climate_increment,472141974.700637
1090,super_stress,PORTFOLIO,climate_increment,846794378.270008
1091,super_stress,PORTFOLIO,climate_increment,214700154.73131713
1092,super_stress,PORTFOLIO,climate_increment,462137905.60876024
1093,super_stress,PORTFOLIO,climate_increment,247204078.6363821
1094,super_stress,PORTFOLIO,climate_increment,243615471.01362166
1095,super_stress,PORTFOLIO,climate_increment,825478046.4666716
1096,super_stress,PORTFOLIO,climate_increment,751612622.0953438
1097,super_stress,PORTFOLIO,climate_increment,802930522.8576467
1098,super_stress,PORTFOLIO,climate_increment,571181415.5505569
1099,super_stress,PORTFOLIO,climate_increment,297080938.36630636
1100,super_stress,PORTFOLIO,climate_increment,305320834.13634616
1101,super_stress,PORTFOLIO,climate_increment,1074078621.6724484
1102,super_stress,PORTFOLIO,climate_increment,447108517.26607704
1103,super_stress,PORTFOLIO,climate_increment,1028646412.9884348
1104,super_stress,PORTFOLIO,climate_increment,862874108.0615088
1105,super_stress,PORTFOLIO,climate_increment,482411519.4353837
1106,super_stress,PORTFOLIO,climate_increment,304911213.6171
1107,super_stress,PORTFOLIO,climate_increment,389339444.76441306
1108,super_stress,PORTFOLIO,climate_increment,1111197554.7411976
1109,super_stress,PORTFOLIO,climate_increment,552132151.7610619
1110,super_stress,PORTFOLIO,climate_increment,44717791.92389274
1111,super_stress,PORTFOLIO,climate_increment,404299633.0792041
1112,super_stress,PORTFOLIO,climate_increment,653415707.7743412
1113,super_stress,PORTFOLIO,climate_increment,514007234.0364485
1114,super_stress,PORTFOLIO,climate_increment,539600769.2938846
1115,super_stress,PORTFOLIO,climate_increment,469676676.13844407
1116,super_stress,PORTFOLIO,climate_increment,705378991.5941541
1117,super_stress,PORTFOLIO,climate_increment,326028891.14209217
1118,super_stress,PORTFOLIO,climate_increment,25281811.51416973
1119,super_stress,PORTFOLIO,climate_increment,692542151.0973063
1120,super_stress,PORTFOLIO,climate_increment,519307622.7159125
1121,super_stress,PORTFOLIO,climate_increment,570879032.3678558
1122,super_stress,PORTFOLIO,climate_increment,371876246.9694663
1123,super_stress,PORTFOLIO,climate_increment,480961606.7717317
1124,super_stress,PORTFOLIO,climate_increment,255322599.8268707
1125,super_stress,PORTFOLIO,climate_increment,454074836.89384604
1126,super_stress,PORTFOLIO,climate_increment,675872152.803619
1127,super_stress,PORTFOLIO,climate_increment,972420544.0924938
1128,super_stress,PORTFOLIO,climate_increment,364498620.1110923
1129,super_stress,PORTFOLIO,climate_increment,424209164.00088143
1130,super_stress,PORTFOLIO,climate_increment,307596501.0721315
1131,super_stress,PORTFOLIO,climate_increment,343419157.6350197
1132,super_stress,PORTFOLIO,climate_increment,701403417.881603
1133,super_stress,PORTFOLIO,climate_increment,529424905.4168189
1134,super_stress,PORTFOLIO,climate_increment,382024695.85204667
1135,super_stress,PORTFOLIO,climate_increment,924439395.7313359
1136,super_stress,PORTFOLIO,climate_increment,597072036.678352
1137,super_stress,PORTFOLIO,climate_increment,900002631.1068939
1138,super_stress,PORTFOLIO,climate_increment,235514854.30922234
1139,super_stress,PORTFOLIO,climate_increment,398774228.2814417
1140,super_stress,PORTFOLIO,climate_increment,173242410.10093474
1141,super_stress,PORTFOLIO,climate_increment,1078029214.0768976
1142,super_stress,PORTFOLIO,climate_increment,393539937.12067676
1143,super_stress,PORTFOLIO,climate_increment,-10150533.3949749
1144,super_stress,PORTFOLIO,climate_increment,391598421.6626135
1145,super_stress,PORTFOLIO,climate_increment,610056715.0210986
1146,super_stress,PORTFOLIO,climate_increment,1100331794.1539745
1147,super_stress,PORTFOLIO,climate_increment,94506282.61196384
1148,super_stress,PORTFOLIO,climate_increment,303434155.1486855
1149,super_stress,PORTFOLIO,climate_increment,325611765.48076934
1150,super_stress,PORTFOLIO,climate_increment,718934329.7378881
1151,super_stress,PORTFOLIO,climate_increment,482415915.5365889
1152,super_stress,PORTFOLIO,climate_increment,718412016.3270168
1153,super_stress,PORTFOLIO,climate_increment,789306941.3826807
1154,super_stress,PORTFOLIO,climate_increment,307221597.32313406
1155,super_stress,PORTFOLIO,climate_increment,279395349.20916384
1156,super_stress,PORTFOLIO,climate_increment,495977817.64712244
1157,super_stress,PORTFOLIO,climate_increment,613984741.1035906
1158,super_stress,PORTFOLIO,climate_increment,467833647.14999527
1159,super_stress,PORTFOLIO,climate_increment,366983741.99606496
1160,super_stress,PORTFOLIO,climate_increment,522067791.0615025
1161,super_stress,PORTFOLIO,climate_increment,176257289.49567652
1162,super_stress,PORTFOLIO,climate_increment,432184858.6082128
1163,super_stress,PORTFOLIO,climate_increment,534880195.31387585
1164,super_stress,PORTFOLIO,climate_increment,379826614.56133103
1165,super_stress,PORTFOLIO,climate_increment,365717293.2588234
1166,super_stress,PORTFOLIO,climate_increment,675129790.449928
1167,super_stress,PORTFOLIO,climate_increment,601448517.2424579
1168,super_stress,PORTFOLIO,climate_increment,847032794.7441926
1169,super_stress,PORTFOLIO,climate_increment,1167034340.7356853
1170,super_stress,PORTFOLIO,climate_increment,72264219.8946472
1171,super_stress,PORTFOLIO,climate_increment,484975882.13487256
1172,super_stress,PORTFOLIO,climate_increment,421285791.95416856
1173,super_stress,PORTFOLIO,climate_increment,575778776.0899798
1174,super_stress,PORTFOLIO,climate_increment,1048411569.0976661
1175,super_stress,PORTFOLIO,climate_increment,241431672.65064427
1176,super_stress,PORTFOLIO,climate_increment,528218833.1509032
1177,super_stress,PORTFOLIO,climate_increment,682889131.5273612
1178,super_stress,PORTFOLIO,climate_increment,359612177.3215292
1179,super_stress,PORTFOLIO,climate_increment,96870744.6837669
1180,super_stress,PORTFOLIO,climate_increment,498798047.09218985
1181,super_stress,PORTFOLIO,climate_increment,681719527.8285252
1182,super_stress,PORTFOLIO,climate_increment,231883074.00952455
1183,super_stress,PORTFOLIO,climate_increment,215740751.53695446
1184,super_stress,PORTFOLIO,climate_increment,261473207.1409093
1185,super_stress,PORTFOLIO,climate_increment,242727520.29161054
1186,super_stress,PORTFOLIO,climate_increment,248675909.2410558
1187,super_stress,PORTFOLIO,climate_increment,1048269849.95755
1188,super_stress,PORTFOLIO,climate_increment,1182209296.4547155
1189,super_stress,PORTFOLIO,climate_increment,979230862.2765756
1190,super_stress,PORTFOLIO,climate_increment,738227421.8221184
1191,super_stress,PORTFOLIO,climate_increment,932094646.8015131
1192,super_stress,PORTFOLIO,climate_increment,348510545.34384173
1193,super_stress,PORTFOLIO,climate_increment,514353223.54780734
1194,super_stress,PORTFOLIO,climate_increment,845434803.7230042
1195,super_stress,PORTFOLIO,climate_increment,642383594.0600924
1196,super_stress,PORTFOLIO,climate_increment,195371650.5149315
1197,super_stress,PORTFOLIO,climate_increment,829741793.440574
1198,super_stress,PORTFOLIO,climate_increment,1636578962.0148625
1199,super_stress,PORTFOLIO,climate_increment,213209710.21868643
1200,super_stress,PORTFOLIO,climate_increment,419735372.90400827
1201,super_stress,PORTFOLIO,climate_increment,194573238.41273692
1202,super_stress,PORTFOLIO,climate_increment,252755557.50329003
1203,super_stress,PORTFOLIO,climate_increment,484953574.23168606
1204,super_stress,PORTFOLIO,climate_increment,401527038.3863694
1205,super_stress,PORTFOLIO,climate_increment,500322523.5695748
1206,super_stress,PORTFOLIO,climate_increment,750037384.953143
1207,super_stress,PORTFOLIO,climate_increment,541167650.5525621
1208,super_stress,PORTFOLIO,climate_increment,648307789.6184049
1209,super_stress,PORTFOLIO,climate_increment,429028591.36934066
1210,super_stress,PORTFOLIO,climate_increment,709263968.4223694
1211,super_stress,PORTFOLIO,climate_increment,993182801.7744505
1212,super_stress,PORTFOLIO,climate_increment,550396087.8755136
1213,super_stress,PORTFOLIO,climate_increment,499597388.9057215
1214,super_stress,PORTFOLIO,climate_increment,724127416.796908
1215,super_stress,PORTFOLIO,climate_increment,621171221.2886171
1216,super_stress,PORTFOLIO,climate_increment,514005495.9297436
1217,super_stress,PORTFOLIO,climate_increment,89289553.47324133
1218,super_stress,PORTFOLIO,climate_increment,803339457.2951804
1219,super_stress,PORTFOLIO,climate_increment,450376340.09909916
1220,super_stress,PORTFOLIO,climate_increment,1002274600.6653589
1221,super_stress,PORTFOLIO,climate_increment,562480949.7265244
1222,super_stress,PORTFOLIO,climate_increment,387726576.2212571
1223,super_stress,PORTFOLIO,climate_increment,572466659.5277971
1224,super_stress,PORTFOLIO,climate_increment,34824741.85839823
1225,super_stress,PORTFOLIO,climate_increment,431928980.60217196
1226,super_stress,PORTFOLIO,climate_increment,626096364.1981586
1227,super_stress,PORTFOLIO,climate_increment,389891784.909881
1228,super_stress,PORTFOLIO,climate_increment,245287272.30759844
1229,super_stress,PORTFOLIO,climate_increment,241338402.4107595
1230,super_stress,PORTFOLIO,climate_increment,168554761.43453494
1231,super_stress,PORTFOLIO,climate_increment,300466764.5803414
1232,super_stress,PORTFOLIO,climate_increment,535178895.5292777
1233,super_stress,PORTFOLIO,climate_increment,588149796.6366209
1234,super_stress,PORTFOLIO,climate_increment,-92184902.98646532
1235,super_stress,PORTFOLIO,climate_increment,1664089184.6011963
1236,super_stress,PORTFOLIO,climate_increment,354315955.65131986
1237,super_stress,PORTFOLIO,climate_increment,425531479.1791127
1238,super_stress,PORTFOLIO,climate_increment,-58524236.25816075
1239,super_stress,PORTFOLIO,climate_increment,522437470.8579316
1240,super_stress,PORTFOLIO,climate_increment,639831713.0923713
1241,super_stress,PORTFOLIO,climate_increment,233859078.69125453
1242,super_stress,PORTFOLIO,climate_increment,519531859.74071234
1243,super_stress,PORTFOLIO,climate_increment,415594921.37046087
1244,super_stress,PORTFOLIO,climate_increment,768199202.1066178
1245,super_stress,PORTFOLIO,climate_increment,1052062283.1243534
1246,super_stress,PORTFOLIO,climate_increment,429503745.83145666
1247,super_stress,PORTFOLIO,climate_increment,86645097.03446558
1248,super_stress,PORTFOLIO,climate_increment,359946473.97295994
1249,super_stress,PORTFOLIO,climate_increment,411425134.8348515
1250,super_stress,PORTFOLIO,climate_increment,559779053.1178727
1251,super_stress,PORTFOLIO,climate_increment,765023077.250194
1252,super_stress,PORTFOLIO,climate_increment,452583337.32337075
1253,super_stress,PORTFOLIO,climate_increment,358723597.87100506
1254,super_stress,PORTFOLIO,climate_increment,508564941.3520973
1255,super_stress,PORTFOLIO,climate_increment,384378588.93709046
1256,super_stress,PORTFOLIO,climate_increment,61234021.28679111
1257,super_stress,PORTFOLIO,climate_increment,387138850.32714915
1258,super_stress,PORTFOLIO,climate_increment,719701031.1164365
1259,super_stress,PORTFOLIO,climate_increment,690072951.3406959
1260,super_stress,PORTFOLIO,climate_increment,570511086.7982951
1261,super_stress,PORTFOLIO,climate_increment,381676712.02703404
1262,super_stress,PORTFOLIO,climate_increment,406979918.8836639
1263,super_stress,PORTFOLIO,climate_increment,398653715.40720433
1264,super_stress,PORTFOLIO,climate_increment,738484437.4922258
1265,super_stress,PORTFOLIO,climate_increment,878638465.1092342
1266,super_stress,PORTFOLIO,climate_increment,146568244.39821187
1267,super_stress,PORTFOLIO,climate_increment,812345101.6744026
1268,super_stress,PORTFOLIO,climate_increment,870613247.327073
1269,super_stress,PORTFOLIO,climate_increment,637190513.6705536
1270,super_stress,PORTFOLIO,climate_increment,481947448.44995964
1271,super_stress,PORTFOLIO,climate_increment,385313461.40871245
1272,super_stress,PORTFOLIO,climate_increment,342702648.95308167
1273,super_stress,PORTFOLIO,climate_increment,505567287.448946
1274,super_stress,PORTFOLIO,climate_increment,592142935.6476471
1275,super_stress,PORTFOLIO,climate_increment,104015071.34448662
1276,super_stress,PORTFOLIO,climate_increment,1144862849.2753146
1277,super_stress,PORTFOLIO,climate_increment,390672629.95754576
1278,super_stress,PORTFOLIO,climate_increment,956608883.4242426
1279,super_stress,PORTFOLIO,climate_increment,639910684.9421694
1280,super_stress,PORTFOLIO,climate_increment,482019575.27462596
1281,super_stress,PORTFOLIO,climate_increment,169579607.4141373
1282,super_stress,PORTFOLIO,climate_increment,580763844.1439458
1283,super_stress,PORTFOLIO,climate_increment,627526344.5181562
1284,super_stress,PORTFOLIO,climate_increment,306786655.3354566
1285,super_stress,PORTFOLIO,climate_increment,825135582.5701538
1286,super_stress,PORTFOLIO,climate_increment,274008195.0815327
1287,super_stress,PORTFOLIO,climate_increment,813198891.6907765
1288,super_stress,PORTFOLIO,climate_increment,377893332.1947247
1289,super_stress,PORTFOLIO,climate_increment,754809455.2447094
1290,super_stress,PORTFOLIO,climate_increment,1078984868.9030216
1291,super_stress,PORTFOLIO,climate_increment,524727493.21910423
1292,super_stress,PORTFOLIO,climate_increment,431623879.03638023
1293,super_stress,PORTFOLIO,climate_increment,400261966.97736675
1294,super_stress,PORTFOLIO,climate_increment,593387272.7335471
1295,super_stress,PORTFOLIO,climate_increment,199679634.40386394
1296,super_stress,PORTFOLIO,climate_increment,501241098.96793973
1297,super_stress,PORTFOLIO,climate_increment,765276151.511175
1298,super_stress,PORTFOLIO,climate_increment,1360307537.6751418
1299,super_stress,PORTFOLIO,climate_increment,1238592055.745445
1300,super_stress,PORTFOLIO,climate_increment,258275677.67354274
1301,super_stress,PORTFOLIO,climate_increment,523717049.3184569
1302,super_stress,PORTFOLIO,climate_increment,947673158.1057943
1303,super_stress,PORTFOLIO,climate_increment,927816895.7634641
1304,super_stress,PORTFOLIO,climate_increment,897542907.1642392
1305,super_stress,PORTFOLIO,climate_increment,185965512.9499994
1306,super_stress,PORTFOLIO,climate_increment,279819717.32326263
1307,super_stress,PORTFOLIO,climate_increment,723357379.3825307
1308,super_stress,PORTFOLIO,climate_increment,684166677.1901798
1309,super_stress,PORTFOLIO,climate_increment,633669269.6561285
1310,super_stress,PORTFOLIO,climate_increment,317320870.9576987
1311,super_stress,PORTFOLIO,climate_increment,622656194.603335
1312,super_stress,PORTFOLIO,climate_increment,400099673.4886341
1313,super_stress,PORTFOLIO,climate_increment,504779363.383617
1314,super_stress,PORTFOLIO,climate_increment,624857616.3096216
1315,super_stress,PORTFOLIO,climate_increment,463529338.02502054
1316,super_stress,PORTFOLIO,climate_increment,743599675.3301
1317,super_stress,PORTFOLIO,climate_increment,362453003.2039205
1318,super_stress,PORTFOLIO,climate_increment,144976985.8543442
1319,super_stress,PORTFOLIO,climate_increment,152874775.20992315
1320,super_stress,PORTFOLIO,climate_increment,502540738.62597114
1321,super_stress,PORTFOLIO,climate_increment,496436610.77342784
1322,super_stress,PORTFOLIO,climate_increment,28375692.16048191
1323,super_stress,PORTFOLIO,climate_increment,-54893120.871895395
1324,super_stress,PORTFOLIO,climate_increment,479350082.5167705
1325,super_stress,PORTFOLIO,climate_increment,677299595.1320362
1326,super_stress,PORTFOLIO,climate_increment,593271789.2981974
1327,super_stress,PORTFOLIO,climate_increment,1212584348.5100896
1328,super_stress,PORTFOLIO,climate_increment,285709700.89325917
1329,super_stress,PORTFOLIO,climate_increment,476882041.19147354
1330,super_stress,PORTFOLIO,climate_increment,322944245.6569758
1331,super_stress,PORTFOLIO,climate_increment,698201582.3413224
1332,super_stress,PORTFOLIO,climate_increment,601461651.7359799
1333,super_stress,PORTFOLIO,climate_increment,905454409.8792455
1334,super_stress,PORTFOLIO,climate_increment,688092727.5767571
1335,super_stress,PORTFOLIO,climate_increment,290859512.3364755
1336,super_stress,PORTFOLIO,climate_increment,241501591.28069028
1337,super_stress,PORTFOLIO,climate_increment,476441239.5657201
1338,super_stress,PORTFOLIO,climate_increment,398123303.6797518
1339,super_stress,PORTFOLIO,climate_increment,427362313.4848519
1340,super_stress,PORTFOLIO,climate_increment,651978169.3749194
1341,super_stress,PORTFOLIO,climate_increment,827848090.9833717
1342,super_stress,PORTFOLIO,climate_increment,324220262.1355664
1343,super_stress,PORTFOLIO,climate_increment,107820719.528341
1344,super_stress,PORTFOLIO,climate_increment,580333596.737306
1345,super_stress,PORTFOLIO,climate_increment,285743890.7031844
1346,super_stress,PORTFOLIO,climate_increment,1249324813.0570915
1347,super_stress,PORTFOLIO,climate_increment,1007058953.1716137
1348,super_stress,PORTFOLIO,climate_increment,846271636.4322621
1349,super_stress,PORTFOLIO,climate_increment,460094532.16170114
1350,super_stress,PORTFOLIO,climate_increment,257097426.87208307
1351,super_stress,PORTFOLIO,climate_increment,424674758.7822655
1352,super_stress,PORTFOLIO,climate_increment,689248748.8360476
1353,super_stress,PORTFOLIO,climate_increment,745312184.4600148
1354,super_stress,PORTFOLIO,climate_increment,165571042.6546704
1355,super_stress,PORTFOLIO,climate_increment,321223020.7409487
1356,super_stress,PORTFOLIO,climate_increment,873873902.5572972
1357,super_stress,PORTFOLIO,climate_increment,885556391.6930003
1358,super_stress,PORTFOLIO,climate_increment,620840406.2018672
1359,super_stress,PORTFOLIO,climate_increment,230953650.7562081
1360,super_stress,PORTFOLIO,climate_increment,1120466114.1051755
1361,super_stress,PORTFOLIO,climate_increment,110661096.94167534
1362,super_stress,PORTFOLIO,climate_increment,357712386.6936448
1363,super_stress,PORTFOLIO,climate_increment,-93425770.48931254
1364,super_stress,PORTFOLIO,climate_increment,390355251.8206712
1365,super_stress,PORTFOLIO,climate_increment,306522777.19627714
1366,super_stress,PORTFOLIO,climate_increment,523842343.72885406
1367,super_stress,PORTFOLIO,climate_increment,641376680.6338933
1368,super_stress,PORTFOLIO,climate_increment,285078026.3656728
1369,super_stress,PORTFOLIO,climate_increment,337570571.1402864
1370,super_stress,PORTFOLIO,climate_increment,51816907.17689924
1371,super_stress,PORTFOLIO,climate_increment,933213333.524041
1372,super_stress,PORTFOLIO,climate_increment,492503944.1425197
1373,super_stress,PORTFOLIO,climate_increment,391878160.7698272
1374,super_stress,PORTFOLIO,climate_increment,367894336.3788128
1375,super_stress,PORTFOLIO,climate_increment,362958384.1933726
1376,super_stress,PORTFOLIO,climate_increment,13513107.201068966
1377,super_stress,PORTFOLIO,climate_increment,809032373.4922786
1378,super_stress,PORTFOLIO,climate_increment,448553560.0549374
1379,super_stress,PORTFOLIO,climate_increment,557203675.9346111
1380,super_stress,PORTFOLIO,climate_increment,777081496.0895007
1381,super_stress,PORTFOLIO,climate_increment,187634391.6476026
1382,super_stress,PORTFOLIO,climate_increment,396732164.2787521
1383,super_stress,PORTFOLIO,climate_increment,575541324.674486
1384,super_stress,PORTFOLIO,climate_increment,504065268.68356293
1385,super_stress,PORTFOLIO,climate_increment,618512436.4890686
1386,super_stress,PORTFOLIO,climate_increment,137145886.2066481
1387,super_stress,PORTFOLIO,climate_increment,633635211.6428609
1388,super_stress,PORTFOLIO,climate_increment,498188666.8604785
1389,super_stress,PORTFOLIO,climate_increment,71774036.90430334
1390,super_stress,PORTFOLIO,climate_increment,-118846116.47795022
1391,super_stress,PORTFOLIO,climate_increment,472934702.5513257
1392,super_stress,PORTFOLIO,climate_increment,235630614.08547375
1393,super_stress,PORTFOLIO,climate_increment,570100899.6345855
1394,super_stress,PORTFOLIO,climate_increment,938774337.4347863
1395,super_stress,PORTFOLIO,climate_increment,130337658.06102428
1396,super_stress,PORTFOLIO,climate_increment,248144983.11761132
1397,super_stress,PORTFOLIO,climate_increment,546905886.8942782
1398,super_stress,PORTFOLIO,climate_increment,345145193.17724514
1399,super_stress,PORTFOLIO,climate_increment,379856126.84678423
1400,super_stress,PORTFOLIO,climate_increment,528587465.1813399
1401,super_stress,PORTFOLIO,climate_increment,337004759.1607746
1402,super_stress,PORTFOLIO,climate_increment,760285457.3841356
1403,super_stress,PORTFOLIO,climate_increment,354190099.5080063
1404,super_stress,PORTFOLIO,climate_increment,67799103.1159241
1405,super_stress,PORTFOLIO,climate_increment,662393799.1848325
1406,super_stress,PORTFOLIO,climate_increment,794945147.2850927
1407,super_stress,PORTFOLIO,climate_increment,232971061.3589337
1408,super_stress,PORTFOLIO,climate_increment,397083198.4919215
1409,super_stress,PORTFOLIO,climate_increment,292391626.87531203
1410,super_stress,PORTFOLIO,climate_increment,447579136.80365413
1411,super_stress,PORTFOLIO,climate_increment,425462556.6588378
1412,super_stress,PORTFOLIO,climate_increment,568693821.088177
1413,super_stress,PORTFOLIO,climate_increment,1308423785.6184337
1414,super_stress,PORTFOLIO,climate_increment,1269899651.3652802
1415,super_stress,PORTFOLIO,climate_increment,625323387.9463016
1416,super_stress,PORTFOLIO,climate_increment,481857618.74831265
1417,super_stress,PORTFOLIO,climate_increment,998332301.7232698
1418,super_stress,PORTFOLIO,climate_increment,166693486.32717654
1419,super_stress,PORTFOLIO,climate_increment,427093619.4074006
1420,super_stress,PORTFOLIO,climate_increment,-101205405.17097236
1421,super_stress,PORTFOLIO,climate_increment,565966630.197898
1422,super_stress,PORTFOLIO,climate_increment,331118994.8745741
1423,super_stress,PORTFOLIO,climate_increment,799183939.3800739
1424,super_stress,PORTFOLIO,climate_increment,433418875.8112395
1425,super_stress,PORTFOLIO,climate_increment,155944372.38137412
1426,super_stress,PORTFOLIO,climate_increment,976351976.9375467
1427,super_stress,PORTFOLIO,climate_increment,550809961.9342244
1428,super_stress,PORTFOLIO,climate_increment,551272374.9689633
1429,super_stress,PORTFOLIO,climate_increment,327827133.7133006
1430,super_stress,PORTFOLIO,climate_increment,545039900.4287629
1431,super_stress,PORTFOLIO,climate_increment,718051566.4302135
1432,super_stress,PORTFOLIO,climate_increment,633877012.3905088
1433,super_stress,PORTFOLIO,climate_increment,240233172.7059121
1434,super_stress,PORTFOLIO,climate_increment,360100710.54312456
1435,super_stress,PORTFOLIO,climate_increment,188662708.11509505
1436,super_stress,PORTFOLIO,climate_increment,377430018.39663357
1437,super_stress,PORTFOLIO,climate_increment,502778319.6662739
1438,super_stress,PORTFOLIO,climate_increment,584404914.5808475
1439,super_stress,PORTFOLIO,climate_increment,287878960.8941834
1440,super_stress,PORTFOLIO,climate_increment,328055508.30412006
1441,super_stress,PORTFOLIO,climate_increment,886219653.3447249
1442,super_stress,PORTFOLIO,climate_increment,610327792.8362273
1443,super_stress,PORTFOLIO,climate_increment,613506992.3940821
1444,super_stress,PORTFOLIO,climate_increment,455447679.23047596
1445,super_stress,PORTFOLIO,climate_increment,1014535292.6474004
1446,super_stress,PORTFOLIO,climate_increment,744642451.2613723
1447,super_stress,PORTFOLIO,climate_increment,328818288.12265205
1448,super_stress,PORTFOLIO,climate_increment,169831129.50757265
1449,super_stress,PORTFOLIO,climate_increment,769528709.723999
1450,super_stress,PORTFOLIO,climate_increment,213835901.48919195
1451,super_stress,PORTFOLIO,climate_increment,312243275.7869667
1452,super_stress,PORTFOLIO,climate_increment,172970964.55836865
1453,super_stress,PORTFOLIO,climate_increment,368835842.63026136
1454,super_stress,PORTFOLIO,climate_increment,375035720.5976001
1455,super_stress,PORTFOLIO,climate_increment,384273086.5067627
1456,super_stress,PORTFOLIO,climate_increment,727020393.2261796
1457,super_stress,PORTFOLIO,climate_increment,407469545.02373016
1458,super_stress,PORTFOLIO,climate_increment,150412503.12928963
1459,super_stress,PORTFOLIO,climate_increment,423422291.02656084
1460,super_stress,PORTFOLIO,climate_increment,311209758.1713481
1461,super_stress,PORTFOLIO,climate_increment,701478214.445339
1462,super_stress,PORTFOLIO,climate_increment,405358632.60180897
1463,super_stress,PORTFOLIO,climate_increment,752930253.3019313
1464,super_stress,PORTFOLIO,climate_increment,85283080.83477373
1465,super_stress,PORTFOLIO,climate_increment,679000169.0959126
1466,super_stress,PORTFOLIO,climate_increment,618204965.4238681
1467,super_stress,PORTFOLIO,climate_increment,603855934.6918645
1468,super_stress,PORTFOLIO,climate_increment,322843559.832682
1469,super_stress,PORTFOLIO,climate_increment,855027623.01086
1470,super_stress,PORTFOLIO,climate_increment,247893945.06275642
1471,super_stress,PORTFOLIO,climate_increment,552812333.5706259
1472,super_stress,PORTFOLIO,climate_increment,50342905.88179478
1473,super_stress,PORTFOLIO,climate_increment,357220008.9843923
1474,super_stress,PORTFOLIO,climate_increment,854464131.8988066
1475,super_stress,PORTFOLIO,climate_increment,936589023.3091984
1476,super_stress,PORTFOLIO,climate_increment,242176199.50732544
1477,super_stress,PORTFOLIO,climate_increment,922307095.7491144
1478,super_stress,PORTFOLIO,climate_increment,621488325.698376
1479,super_stress,PORTFOLIO,climate_increment,1157378816.808439
1480,super_stress,PORTFOLIO,climate_increment,695085890.882187
1481,super_stress,PORTFOLIO,climate_increment,283002574.51566005
1482,super_stress,PORTFOLIO,climate_increment,759429695.9689288
1483,super_stress,PORTFOLIO,climate_increment,707987498.0675851
1484,super_stress,PORTFOLIO,climate_increment,573062375.5043513
1485,super_stress,PORTFOLIO,climate_increment,951366195.2550095
1486,super_stress,PORTFOLIO,climate_increment,353543470.8839209
1487,super_stress,PORTFOLIO,climate_increment,-166316122.62910116
1488,super_stress,PORTFOLIO,climate_increment,775963128.9662575
1489,super_stress,PORTFOLIO,climate_increment,335036457.6139564
1490,super_stress,PORTFOLIO,climate_increment,734181944.556282
1491,super_stress,PORTFOLIO,climate_increment,438490506.5898973
1492,super_stress,PORTFOLIO,climate_increment,1064523970.6456894
1493,super_stress,PORTFOLIO,climate_increment,987047620.4456726
1494,super_stress,PORTFOLIO,climate_increment,66578602.22109317
1495,super_stress,PORTFOLIO,climate_increment,246239974.7883469
1496,super_stress,PORTFOLIO,climate_increment,657850244.7411395
1497,super_stress,PORTFOLIO,climate_increment,48579563.910470895
1498,super_stress,PORTFOLIO,climate_increment,421111646.94648457
1499,super_stress,PORTFOLIO,climate_increment,584562779.4686319
1500,super_stress,PORTFOLIO,climate_increment,376765055.95661193
1501,super_stress,PORTFOLIO,climate_increment,293844848.459601
1502,super_stress,PORTFOLIO,climate_increment,835762685.7233232
1503,super_stress,PORTFOLIO,climate_increment,665306444.8770332
1504,super_stress,PORTFOLIO,climate_increment,636003492.600781
1505,super_stress,PORTFOLIO,climate_increment,743451034.9583819
1506,super_stress,PORTFOLIO,climate_increment,698459813.1223583
1507,super_stress,PORTFOLIO,climate_increment,228578727.54926208
1508,super_stress,PORTFOLIO,climate_increment,9524606.697430218
1509,super_stress,PORTFOLIO,climate_increment,663888386.7250192
1510,super_stress,PORTFOLIO,climate_increment,370341001.412783
1511,super_stress,PORTFOLIO,climate_increment,401664068.83052903
1512,super_stress,PORTFOLIO,climate_increment,861971615.8797863
1513,super_stress,PORTFOLIO,climate_increment,593375844.061059
1514,super_stress,PORTFOLIO,climate_increment,1044884152.34188
1515,super_stress,PORTFOLIO,climate_increment,917834203.5885823
1516,super_stress,PORTFOLIO,climate_increment,261166748.45934597
1517,super_stress,PORTFOLIO,climate_increment,333586972.8121462
1518,super_stress,PORTFOLIO,climate_increment,330423580.60533136
1519,super_stress,PORTFOLIO,climate_increment,282874080.33349484
1520,super_stress,PORTFOLIO,climate_increment,356225265.8200062
1521,super_stress,PORTFOLIO,climate_increment,451763979.3275665
1522,super_stress,PORTFOLIO,climate_increment,101512523.45796363
1523,super_stress,PORTFOLIO,climate_increment,384750401.5664085
1524,super_stress,PORTFOLIO,climate_increment,413359218.02631754
1525,super_stress,PORTFOLIO,climate_increment,-350002689.4829556
1526,super_stress,PORTFOLIO,climate_increment,490149360.0983883
1527,super_stress,PORTFOLIO,climate_increment,-285999602.97084713
1528,super_stress,PORTFOLIO,climate_increment,64877306.932959795
1529,super_stress,PORTFOLIO,climate_increment,-253643954.48255557
1530,super_stress,PORTFOLIO,climate_increment,-93413637.32021779
1531,super_stress,PORTFOLIO,climate_increment,842345441.8785005
1532,super_stress,PORTFOLIO,climate_increment,593608718.1932411
1533,super_stress,PORTFOLIO,climate_increment,133215744.76905556
1534,super_stress,PORTFOLIO,climate_increment,187496616.07578924
1535,super_stress,PORTFOLIO,climate_increment,310336449.686344
1536,super_stress,PORTFOLIO,climate_increment,366712009.5613271
1537,super_stress,PORTFOLIO,climate_increment,444348051.3710785
1538,super_stress,PORTFOLIO,climate_increment,572462316.4651608
1539,super_stress,PORTFOLIO,climate_increment,465149701.15965503
1540,super_stress,PORTFOLIO,climate_increment,351605087.3153845
1541,super_stress,PORTFOLIO,climate_increment,534301367.35516226
1542,super_stress,PORTFOLIO,climate_increment,297666786.47033554
1543,super_stress,PORTFOLIO,climate_increment,556184756.9264944
1544,super_stress,PORTFOLIO,climate_increment,278932570.10620445
1545,super_stress,PORTFOLIO,climate_increment,490035490.10991216
1546,super_stress,PORTFOLIO,climate_increment,735825885.4722646
1547,super_stress,PORTFOLIO,climate_increment,520030665.8374311
1548,super_stress,PORTFOLIO,climate_increment,392469017.5785226
1549,super_stress,PORTFOLIO,climate_increment,695572498.9521991
1550,super_stress,PORTFOLIO,climate_increment,985682135.6610683
1551,super_stress,PORTFOLIO,climate_increment,783189786.3491687
1552,super_stress,PORTFOLIO,climate_increment,305672920.36824125
1553,super_stress,PORTFOLIO,climate_increment,612348103.1144036
1554,super_stress,PORTFOLIO,climate_increment,225175050.45302013
1555,super_stress,PORTFOLIO,climate_increment,136203570.76776502
1556,super_stress,PORTFOLIO,climate_increment,519681049.61898744
1557,super_stress,PORTFOLIO,climate_increment,803906556.2270191
1558,super_stress,PORTFOLIO,climate_increment,532358632.57142615
1559,super_stress,PORTFOLIO,climate_increment,342204372.96889955
1560,super_stress,PORTFOLIO,climate_increment,575387429.514577
1561,super_stress,PORTFOLIO,climate_increment,877605708.2778627
1562,super_stress,PORTFOLIO,climate_increment,240297005.80235
1563,super_stress,PORTFOLIO,climate_increment,364593206.44665277
1564,super_stress,PORTFOLIO,climate_increment,383091955.99948865
1565,super_stress,PORTFOLIO,climate_increment,447032876.11645293
1566,super_stress,PORTFOLIO,climate_increment,422153193.17788565
1567,super_stress,PORTFOLIO,climate_increment,471476662.64922744
1568,super_stress,PORTFOLIO,climate_increment,1003566286.0603749
1569,super_stress,PORTFOLIO,climate_increment,199317804.05156723
1570,super_stress,PORTFOLIO,climate_increment,277919859.99733156
1571,super_stress,PORTFOLIO,climate_increment,561741077.2404367
1572,super_stress,PORTFOLIO,climate_increment,803464467.3484949
1573,super_stress,PORTFOLIO,climate_increment,459391783.31831425
1574,super_stress,PORTFOLIO,climate_increment,618404225.2179112
1575,super_stress,PORTFOLIO,climate_increment,1142393104.1793046
1576,super_stress,PORTFOLIO,climate_increment,481188357.74198693
1577,super_stress,PORTFOLIO,climate_increment,560095819.9969501
1578,super_stress,PORTFOLIO,climate_increment,178202454.31668213
1579,super_stress,PORTFOLIO,climate_increment,338364414.3909834
1580,super_stress,PORTFOLIO,climate_increment,454684945.703636
1581,super_stress,PORTFOLIO,climate_increment,837754563.051008
1582,super_stress,PORTFOLIO,climate_increment,452092991.7706411
1583,super_stress,PORTFOLIO,climate_increment,308101294.31007254
1584,super_stress,PORTFOLIO,climate_increment,364746452.69626737
1585,super_stress,PORTFOLIO,climate_increment,1287443097.4698184
1586,super_stress,PORTFOLIO,climate_increment,488272971.17738825
1587,super_stress,PORTFOLIO,climate_increment,482218119.59140503
1588,super_stress,PORTFOLIO,climate_increment,763647386.7966851
1589,super_stress,PORTFOLIO,climate_increment,474275832.4531945
1590,super_stress,PORTFOLIO,climate_increment,1016615174.040089
1591,super_stress,PORTFOLIO,climate_increment,405434593.0164944
1592,super_stress,PORTFOLIO,climate_increment,1105498257.9050446
1593,super_stress,PORTFOLIO,climate_increment,1002136089.2621849
1594,super_stress,PORTFOLIO,climate_increment,312045212.80753267
1595,super_stress,PORTFOLIO,climate_increment,683716901.7631642
1596,super_stress,PORTFOLIO,climate_increment,206502358.37093407
1597,super_stress,PORTFOLIO,climate_increment,321897314.5844966
1598,super_stress,PORTFOLIO,climate_increment,815823240.9133514
1599,super_stress,PORTFOLIO,climate_increment,211087394.9988744
1600,super_stress,PORTFOLIO,climate_increment,258131771.71187246
1601,super_stress,PORTFOLIO,climate_increment,521489244.413367
1602,super_stress,PORTFOLIO,climate_increment,473690918.5681527
1603,super_stress,PORTFOLIO,climate_increment,369206503.32527375
1604,super_stress,PORTFOLIO,climate_increment,162245986.48007178
1605,super_stress,PORTFOLIO,climate_increment,608214205.0025548
1606,super_stress,PORTFOLIO,climate_increment,448577230.282395
1607,super_stress,PORTFOLIO,climate_increment,574937492.2211438
1608,super_stress,PORTFOLIO,climate_increment,923624572.3678639
1609,super_stress,PORTFOLIO,climate_increment,424636957.6407329
1610,super_stress,PORTFOLIO,climate_increment,2517433166.805371
1611,super_stress,PORTFOLIO,climate_increment,232202515.81938308
1612,super_stress,PORTFOLIO,climate_increment,296199531.28976446
1613,super_stress,PORTFOLIO,climate_increment,574259142.2757521
1614,super_stress,PORTFOLIO,climate_increment,123475967.8074612
1615,super_stress,PORTFOLIO,climate_increment,1239806975.6103628
1616,super_stress,PORTFOLIO,climate_increment,498875232.8262442
1617,super_stress,PORTFOLIO,climate_increment,369772613.0039407
1618,super_stress,PORTFOLIO,climate_increment,386143216.4316675
1619,super_stress,PORTFOLIO,climate_increment,974805116.2170981
1620,super_stress,PORTFOLIO,climate_increment,603909369.2675288
1621,super_stress,PORTFOLIO,climate_increment,473876753.3719525
1622,super_stress,PORTFOLIO,climate_increment,482853370.3370847
1623,super_stress,PORTFOLIO,climate_increment,577581457.0115844
1624,super_stress,PORTFOLIO,climate_increment,413773962.3797978
1625,super_stress,PORTFOLIO,climate_increment,1113321067.6053307
1626,super_stress,PORTFOLIO,climate_increment,246221121.6946847
1627,super_stress,PORTFOLIO,climate_increment,559122355.3401828
1628,super_stress,PORTFOLIO,climate_increment,43062428.25061948
1629,super_stress,PORTFOLIO,climate_increment,-257044065.28165388
1630,super_stress,PORTFOLIO,climate_increment,576737313.1584759
1631,super_stress,PORTFOLIO,climate_increment,545137197.9541014
1632,super_stress,PORTFOLIO,climate_increment,642026115.0908514
1633,super_stress,PORTFOLIO,climate_increment,155089517.01239705
1634,super_stress,PORTFOLIO,climate_increment,176563626.91110963
1635,super_stress,PORTFOLIO,climate_increment,178157397.713838
1636,super_stress,PORTFOLIO,climate_increment,278709327.3727637
1637,super_stress,PORTFOLIO,climate_increment,277175784.86366004
1638,super_stress,PORTFOLIO,climate_increment,58559473.07393341
1639,super_stress,PORTFOLIO,climate_increment,52184951.227953285
1640,super_stress,PORTFOLIO,climate_increment,160616149.54028463
1641,super_stress,PORTFOLIO,climate_increment,460256062.62434125
1642,super_stress,PORTFOLIO,climate_increment,-27215110.420284215
1643,super_stress,PORTFOLIO,climate_increment,1238651432.3143597
1644,super_stress,PORTFOLIO,climate_increment,73449758.15534672
1645,super_stress,PORTFOLIO,climate_increment,470468024.3668923
1646,super_stress,PORTFOLIO,climate_increment,647403828.2527746
1647,super_stress,PORTFOLIO,climate_increment,408214811.8138293
1648,super_stress,PORTFOLIO,climate_increment,143626642.03082758
1649,super_stress,PORTFOLIO,climate_increment,204360897.94993684
1650,super_stress,PORTFOLIO,climate_increment,131831019.83245197
1651,super_stress,PORTFOLIO,climate_increment,170594547.84230268
1652,super_stress,PORTFOLIO,climate_increment,586314707.8228018
1653,super_stress,PORTFOLIO,climate_increment,531908777.6319543
1654,super_stress,PORTFOLIO,climate_increment,302252478.3613604
1655,super_stress,PORTFOLIO,climate_increment,358381067.7605657
1656,super_stress,PORTFOLIO,climate_increment,-166449425.705481
1657,super_stress,PORTFOLIO,climate_increment,826159367.7212259
1658,super_stress,PORTFOLIO,climate_increment,429985962.6820799
1659,super_stress,PORTFOLIO,climate_increment,69066458.10125855
1660,super_stress,PORTFOLIO,climate_increment,1011438091.7074807
1661,super_stress,PORTFOLIO,climate_increment,335541118.319147
1662,super_stress,PORTFOLIO,climate_increment,852513181.5830119
1663,super_stress,PORTFOLIO,climate_increment,453259614.46046257
1664,super_stress,PORTFOLIO,climate_increment,479933959.35087013
1665,super_stress,PORTFOLIO,climate_increment,312248152.4819385
1666,super_stress,PORTFOLIO,climate_increment,399709806.8079187
1667,super_stress,PORTFOLIO,climate_increment,473603454.5730676
1668,super_stress,PORTFOLIO,climate_increment,1185665184.6448994
1669,super_stress,PORTFOLIO,climate_increment,870363664.0215675
1670,super_stress,PORTFOLIO,climate_increment,255414889.38474613
1671,super_stress,PORTFOLIO,climate_increment,567362680.6929846
1672,super_stress,PORTFOLIO,climate_increment,183845520.8781986
1673,super_stress,PORTFOLIO,climate_increment,850400559.7615577
1674,super_stress,PORTFOLIO,climate_increment,368547804.7430056
1675,super_stress,PORTFOLIO,climate_increment,138016269.93867105
1676,super_stress,PORTFOLIO,climate_increment,540742276.0711713
1677,super_stress,PORTFOLIO,climate_increment,729936578.4176184
1678,super_stress,PORTFOLIO,climate_increment,442974892.32351446
1679,super_stress,PORTFOLIO,climate_increment,627820953.7670776
1680,super_stress,PORTFOLIO,climate_increment,443618477.8334029
1681,super_stress,PORTFOLIO,climate_increment,398600485.4119252
1682,super_stress,PORTFOLIO,climate_increment,416736144.9905805
1683,super_stress,PORTFOLIO,climate_increment,784990366.7892823
1684,super_stress,PORTFOLIO,climate_increment,742944858.849482
1685,super_stress,PORTFOLIO,climate_increment,-83579380.88590086
1686,super_stress,PORTFOLIO,climate_increment,55806417.269191265
1687,super_stress,PORTFOLIO,climate_increment,208382196.48638538
1688,super_stress,PORTFOLIO,climate_increment,259232378.24772486
1689,super_stress,PORTFOLIO,climate_increment,588434686.2015854
1690,super_stress,PORTFOLIO,climate_increment,305721094.9730463
1691,super_stress,PORTFOLIO,climate_increment,517922757.00582254
1692,super_stress,PORTFOLIO,climate_increment,957158691.7631533
1693,super_stress,PORTFOLIO,climate_increment,593504954.0719098
1694,super_stress,PORTFOLIO,climate_increment,371577596.85898143
1695,super_stress,PORTFOLIO,climate_increment,123901679.7327675
1696,super_stress,PORTFOLIO,climate_increment,386564208.1978724
1697,super_stress,PORTFOLIO,climate_increment,444029666.25907093
1698,super_stress,PORTFOLIO,climate_increment,791186566.3656858
1699,super_stress,PORTFOLIO,climate_increment,317431551.5833923
1700,super_stress,PORTFOLIO,climate_increment,888174905.4996792
1701,super_stress,PORTFOLIO,climate_increment,887616926.3463581
1702,super_stress,PORTFOLIO,climate_increment,753317313.1710503
1703,super_stress,PORTFOLIO,climate_increment,270444505.3463334
1704,super_stress,PORTFOLIO,climate_increment,301766872.48327744
1705,super_stress,PORTFOLIO,climate_increment,856889881.6848155
1706,super_stress,PORTFOLIO,climate_increment,551606268.3143471
1707,super_stress,PORTFOLIO,climate_increment,323505056.3898755
1708,super_stress,PORTFOLIO,climate_increment,448038858.4027065
1709,super_stress,PORTFOLIO,climate_increment,867824607.1890413
1710,super_stress,PORTFOLIO,climate_increment,268793060.2843337
1711,super_stress,PORTFOLIO,climate_increment,392781575.2589356
1712,super_stress,PORTFOLIO,climate_increment,291720367.44038767
1713,super_stress,PORTFOLIO,climate_increment,560374636.6009109
1714,super_stress,PORTFOLIO,climate_increment,1598877759.2332537
1715,super_stress,PORTFOLIO,climate_increment,442443733.4744918
1716,super_stress,PORTFOLIO,climate_increment,447328644.28733224
1717,super_stress,PORTFOLIO,climate_increment,597242538.2639829
1718,super_stress,PORTFOLIO,climate_increment,509356305.1722401
1719,super_stress,PORTFOLIO,climate_increment,-78908513.64170296
1720,super_stress,PORTFOLIO,climate_increment,686103940.4645207
1721,super_stress,PORTFOLIO,climate_increment,694998062.0638393
1722,super_stress,PORTFOLIO,climate_increment,227864940.39245605
1723,super_stress,PORTFOLIO,climate_increment,813467760.740143
1724,super_stress,PORTFOLIO,climate_increment,262623053.21437794
1725,super_stress,PORTFOLIO,climate_increment,686864921.2842643
1726,super_stress,PORTFOLIO,climate_increment,806517298.9514976
1727,super_stress,PORTFOLIO,climate_increment,833425501.2499645
1728,super_stress,PORTFOLIO,climate_increment,447746800.66502446
1729,super_stress,PORTFOLIO,climate_increment,447255458.9874429
1730,super_stress,PORTFOLIO,climate_increment,-67155292.406017
1731,super_stress,PORTFOLIO,climate_increment,560373972.1722817
1732,super_stress,PORTFOLIO,climate_increment,53526319.881450266
1733,super_stress,PORTFOLIO,climate_increment,328583024.8472435
1734,super_stress,PORTFOLIO,climate_increment,342674337.6880265
1735,super_stress,PORTFOLIO,climate_increment,656990583.5347472
1736,super_stress,PORTFOLIO,climate_increment,934207800.0487373
1737,super_stress,PORTFOLIO,climate_increment,28242828.44241348
1738,super_stress,PORTFOLIO,climate_increment,374048347.0517122
1739,super_stress,PORTFOLIO,climate_increment,1372587867.2002616
1740,super_stress,PORTFOLIO,climate_increment,245247920.62663713
1741,super_stress,PORTFOLIO,climate_increment,380959089.2045932
1742,super_stress,PORTFOLIO,climate_increment,430834324.5395727
1743,super_stress,PORTFOLIO,climate_increment,370371962.73400813
1744,super_stress,PORTFOLIO,climate_increment,863455490.153987
1745,super_stress,PORTFOLIO,climate_increment,627849984.2798645
1746,super_stress,PORTFOLIO,climate_increment,582770801.8432863
1747,super_stress,PORTFOLIO,climate_increment,625389299.2736123
1748,super_stress,PORTFOLIO,climate_increment,725014941.7617563
1749,super_stress,PORTFOLIO,climate_increment,277141106.10040253
1750,super_stress,PORTFOLIO,climate_increment,239607132.5580373
1751,super_stress,PORTFOLIO,climate_increment,344145692.2473085
1752,super_stress,PORTFOLIO,climate_increment,336853054.4447427
1753,super_stress,PORTFOLIO,climate_increment,356035588.82430315
1754,super_stress,PORTFOLIO,climate_increment,316148337.22880673
1755,super_stress,PORTFOLIO,climate_increment,110049198.80677785
1756,super_stress,PORTFOLIO,climate_increment,734658485.9620357
1757,super_stress,PORTFOLIO,climate_increment,841122233.3163359
1758,super_stress,PORTFOLIO,climate_increment,62710788.611679025
1759,super_stress,PORTFOLIO,climate_increment,958957860.1989894
1760,super_stress,PORTFOLIO,climate_increment,438790854.7095591
1761,super_stress,PORTFOLIO,climate_increment,441327800.63445795
1762,super_stress,PORTFOLIO,climate_increment,823902574.7114657
1763,super_stress,PORTFOLIO,climate_increment,108293140.90753333
1764,super_stress,PORTFOLIO,climate_increment,469728718.0675933
1765,super_stress,PORTFOLIO,climate_increment,255576100.64130712
1766,super_stress,PORTFOLIO,climate_increment,485550519.8487715
1767,super_stress,PORTFOLIO,climate_increment,404589637.38358617
1768,super_stress,PORTFOLIO,climate_increment,92030951.04630616
1769,super_stress,PORTFOLIO,climate_increment,554276455.5266919
1770,super_stress,PORTFOLIO,climate_increment,621563551.4231112
1771,super_stress,PORTFOLIO,climate_increment,1080538339.8249204
1772,super_stress,PORTFOLIO,climate_increment,552287130.1120702
1773,super_stress,PORTFOLIO,climate_increment,644943493.7856326
1774,super_stress,PORTFOLIO,climate_increment,347437088.85116816
1775,super_stress,PORTFOLIO,climate_increment,955796632.5570831
1776,super_stress,PORTFOLIO,climate_increment,15148047.482637702
1777,super_stress,PORTFOLIO,climate_increment,647319877.519959
1778,super_stress,PORTFOLIO,climate_increment,483027277.89540476
1779,super_stress,PORTFOLIO,climate_increment,516658177.04706424
1780,super_stress,PORTFOLIO,climate_increment,333902007.5457474
1781,super_stress,PORTFOLIO,climate_increment,655259907.0690796
1782,super_stress,PORTFOLIO,climate_increment,791374963.5288035
1783,super_stress,PORTFOLIO,climate_increment,575571829.2896427
1784,super_stress,PORTFOLIO,climate_increment,674254784.6250095
1785,super_stress,PORTFOLIO,climate_increment,371770904.6235269
1786,super_stress,PORTFOLIO,climate_increment,509733325.99893576
1787,super_stress,PORTFOLIO,climate_increment,1095267574.8378596
1788,super_stress,PORTFOLIO,climate_increment,415840902.4287796
1789,super_stress,PORTFOLIO,climate_increment,325641341.59272605
1790,super_stress,PORTFOLIO,climate_increment,272726407.1823206
1791,super_stress,PORTFOLIO,climate_increment,277647911.1151715
1792,super_stress,PORTFOLIO,climate_increment,424332885.83872193
1793,super_stress,PORTFOLIO,climate_increment,151514429.8817337
1794,super_stress,PORTFOLIO,climate_increment,353173941.9757965
1795,super_stress,PORTFOLIO,climate_increment,955113094.2946492
1796,super_stress,PORTFOLIO,climate_increment,323578077.5224768
1797,super_stress,PORTFOLIO,climate_increment,296777506.2513637
1798,super_stress,PORTFOLIO,climate_increment,597848055.0393664
1799,super_stress,PORTFOLIO,climate_increment,975761585.4363598
1800,super_stress,PORTFOLIO,climate_increment,405462064.3802218
1801,super_stress,PORTFOLIO,climate_increment,427487480.34472567
1802,super_stress,PORTFOLIO,climate_increment,1548146734.9579792
1803,super_stress,PORTFOLIO,climate_increment,247968360.67370522
1804,super_stress,PORTFOLIO,climate_increment,492655062.0397797
1805,super_stress,PORTFOLIO,climate_increment,-557931402.1583714
1806,super_stress,PORTFOLIO,climate_increment,1008085868.9648035
1807,super_stress,PORTFOLIO,climate_increment,584081155.4985883
1808,super_stress,PORTFOLIO,climate_increment,224425052.92590845
1809,super_stress,PORTFOLIO,climate_increment,778696171.4432259
1810,super_stress,PORTFOLIO,climate_increment,373168633.35290045
1811,super_stress,PORTFOLIO,climate_increment,556412523.4650419
1812,super_stress,PORTFOLIO,climate_increment,1307210525.552079
1813,super_stress,PORTFOLIO,climate_increment,237310339.0679673
1814,super_stress,PORTFOLIO,climate_increment,637905424.3205621
1815,super_stress,PORTFOLIO,climate_increment,299432688.1441298
1816,super_stress,PORTFOLIO,climate_increment,954063057.7489039
1817,super_stress,PORTFOLIO,climate_increment,588762521.9896694
1818,super_stress,PORTFOLIO,climate_increment,234635276.32494536
1819,super_stress,PORTFOLIO,climate_increment,316710571.35523033
1820,super_stress,PORTFOLIO,climate_increment,644764176.6783534
1821,super_stress,PORTFOLIO,climate_increment,346685517.79262847
1822,super_stress,PORTFOLIO,climate_increment,694529396.7374605
1823,super_stress,PORTFOLIO,climate_increment,147493970.0917537
1824,super_stress,PORTFOLIO,climate_increment,577730396.3295156
1825,super_stress,PORTFOLIO,climate_increment,431108173.9361834
1826,super_stress,PORTFOLIO,climate_increment,12823345.78760689
1827,super_stress,PORTFOLIO,climate_increment,510902144.9593098
1828,super_stress,PORTFOLIO,climate_increment,374157698.6056707
1829,super_stress,PORTFOLIO,climate_increment,164975373.07731593
1830,super_stress,PORTFOLIO,climate_increment,323619401.65153784
1831,super_stress,PORTFOLIO,climate_increment,1035717101.5797111
1832,super_stress,PORTFOLIO,climate_increment,169965765.16258636
1833,super_stress,PORTFOLIO,climate_increment,464239023.1965084
1834,super_stress,PORTFOLIO,climate_increment,398747685.1041205
1835,super_stress,PORTFOLIO,climate_increment,805678764.2073429
1836,super_stress,PORTFOLIO,climate_increment,255228809.5322362
1837,super_stress,PORTFOLIO,climate_increment,476107273.62385136
1838,super_stress,PORTFOLIO,climate_increment,525630069.95288855
1839,super_stress,PORTFOLIO,climate_increment,265474427.43665743
1840,super_stress,PORTFOLIO,climate_increment,386009193.29323214
1841,super_stress,PORTFOLIO,climate_increment,763431962.8479588
1842,super_stress,PORTFOLIO,climate_increment,101805141.39213333
1843,super_stress,PORTFOLIO,climate_increment,324670086.6755
1844,super_stress,PORTFOLIO,climate_increment,280925943.7628407
1845,super_stress,PORTFOLIO,climate_increment,836160286.1491406
1846,super_stress,PORTFOLIO,climate_increment,197230822.5338748
1847,super_stress,PORTFOLIO,climate_increment,392207977.9590923
1848,super_stress,PORTFOLIO,climate_increment,535652783.2274551
1849,super_stress,PORTFOLIO,climate_increment,630361736.1854899
1850,super_stress,PORTFOLIO,climate_increment,236476158.00378758
1851,super_stress,PORTFOLIO,climate_increment,385519302.92615545
1852,super_stress,PORTFOLIO,climate_increment,245985459.6042929
1853,super_stress,PORTFOLIO,climate_increment,-147273421.0753504
1854,super_stress,PORTFOLIO,climate_increment,421940332.22826344
1855,super_stress,PORTFOLIO,climate_increment,942529367.5242147
1856,super_stress,PORTFOLIO,climate_increment,74245818.80423023
1857,super_stress,PORTFOLIO,climate_increment,662073180.5916094
1858,super_stress,PORTFOLIO,climate_increment,1732108155.8980935
1859,super_stress,PORTFOLIO,climate_increment,885895975.8964213
1860,super_stress,PORTFOLIO,climate_increment,825308827.2185214
1861,super_stress,PORTFOLIO,climate_increment,329831559.129773
1862,super_stress,PORTFOLIO,climate_increment,231284980.8244632
1863,super_stress,PORTFOLIO,climate_increment,96394141.3500432
1864,super_stress,PORTFOLIO,climate_increment,1100023954.3493836
1865,super_stress,PORTFOLIO,climate_increment,75336024.86025095
1866,super_stress,PORTFOLIO,climate_increment,792825616.487132
1867,super_stress,PORTFOLIO,climate_increment,601479885.2365329
1868,super_stress,PORTFOLIO,climate_increment,841815134.7628064
1869,super_stress,PORTFOLIO,climate_increment,637319720.4946458
1870,super_stress,PORTFOLIO,climate_increment,595778393.3003529
1871,super_stress,PORTFOLIO,climate_increment,659042962.4202827
1872,super_stress,PORTFOLIO,climate_increment,350165822.2582393
1873,super_stress,PORTFOLIO,climate_increment,-52127103.09451184
1874,super_stress,PORTFOLIO,climate_increment,337426140.6661053
1875,super_stress,PORTFOLIO,climate_increment,680344095.4537518
1876,super_stress,PORTFOLIO,climate_increment,846458273.0234727
1877,super_stress,PORTFOLIO,climate_increment,798664878.7567148
1878,super_stress,PORTFOLIO,climate_increment,500919471.90898734
1879,super_stress,PORTFOLIO,climate_increment,282926053.09214854
1880,super_stress,PORTFOLIO,climate_increment,539834344.8856475
1881,super_stress,PORTFOLIO,climate_increment,507130134.7116687
1882,super_stress,PORTFOLIO,climate_increment,403986739.65229416
1883,super_stress,PORTFOLIO,climate_increment,901331894.4853158
1884,super_stress,PORTFOLIO,climate_increment,900713732.3118094
1885,super_stress,PORTFOLIO,climate_increment,527208722.3648614
1886,super_stress,PORTFOLIO,climate_increment,760157668.5348774
1887,super_stress,PORTFOLIO,climate_increment,539578855.2740831
1888,super_stress,PORTFOLIO,climate_increment,1071441608.016394
1889,super_stress,PORTFOLIO,climate_increment,366037376.5095941
1890,super_stress,PORTFOLIO,climate_increment,1163869596.1581783
1891,super_stress,PORTFOLIO,climate_increment,19167998.819844797
1892,super_stress,PORTFOLIO,climate_increment,348664233.2116364
1893,super_stress,PORTFOLIO,climate_increment,356353980.10626215
1894,super_stress,PORTFOLIO,climate_increment,300023577.2938525
1895,super_stress,PORTFOLIO,climate_increment,376985845.77533054
1896,super_stress,PORTFOLIO,climate_increment,750081528.8766075
1897,super_stress,PORTFOLIO,climate_increment,235644541.00362778
1898,super_stress,PORTFOLIO,climate_increment,-42256552.51797954
1899,super_stress,PORTFOLIO,climate_increment,359136266.3639623
1900,super_stress,PORTFOLIO,climate_increment,802116513.1387503
1901,super_stress,PORTFOLIO,climate_increment,171763839.08771273
1902,super_stress,PORTFOLIO,climate_increment,885226014.5761981
1903,super_stress,PORTFOLIO,climate_increment,763629789.616703
1904,super_stress,PORTFOLIO,climate_increment,587669682.0537785
1905,super_stress,PORTFOLIO,climate_increment,784140883.7472265
1906,super_stress,PORTFOLIO,climate_increment,-15682307.29978869
1907,super_stress,PORTFOLIO,climate_increment,111402225.42484255
1908,super_stress,PORTFOLIO,climate_increment,516895000.32919085
1909,super_stress,PORTFOLIO,climate_increment,-55942902.2626254
1910,super_stress,PORTFOLIO,climate_increment,287252194.9720987
1911,super_stress,PORTFOLIO,climate_increment,199865124.97151512
1912,super_stress,PORTFOLIO,climate_increment,104816561.10485527
1913,super_stress,PORTFOLIO,climate_increment,867378192.3539529
1914,super_stress,PORTFOLIO,climate_increment,466545129.84413224
1915,super_stress,PORTFOLIO,climate_increment,1028969480.7062665
1916,super_stress,PORTFOLIO,climate_increment,607981988.476886
1917,super_stress,PORTFOLIO,climate_increment,658658794.2497247
1918,super_stress,PORTFOLIO,climate_increment,487854700.33421063
1919,super_stress,PORTFOLIO,climate_increment,797732123.046213
1920,super_stress,PORTFOLIO,climate_increment,448631030.91548115
1921,super_stress,PORTFOLIO,climate_increment,413053255.1453995
1922,super_stress,PORTFOLIO,climate_increment,344864222.51690143
1923,super_stress,PORTFOLIO,climate_increment,668700663.673782
1924,super_stress,PORTFOLIO,climate_increment,243490909.10037002
1925,super_stress,PORTFOLIO,climate_increment,508619754.49036735
1926,super_stress,PORTFOLIO,climate_increment,-41737465.815629646
1927,super_stress,PORTFOLIO,climate_increment,280126654.32736933
1928,super_stress,PORTFOLIO,climate_increment,419040918.2523018
1929,super_stress,PORTFOLIO,climate_increment,616646454.7270678
1930,super_stress,PORTFOLIO,climate_increment,553755922.8567772
1931,super_stress,PORTFOLIO,climate_increment,400440806.3295388
1932,super_stress,PORTFOLIO,climate_increment,1000126258.4180305
1933,super_stress,PORTFOLIO,climate_increment,289385520.6008575
1934,super_stress,PORTFOLIO,climate_increment,825213616.3975363
1935,super_stress,PORTFOLIO,climate_increment,28904961.951345738
1936,super_stress,PORTFOLIO,climate_increment,147867631.67392054
1937,super_stress,PORTFOLIO,climate_increment,393526652.36471766
1938,super_stress,PORTFOLIO,climate_increment,489892189.7050522
1939,super_stress,PORTFOLIO,climate_increment,411433495.1861537
1940,super_stress,PORTFOLIO,climate_increment,101160428.64383236
1941,super_stress,PORTFOLIO,climate_increment,728367156.3132623
1942,super_stress,PORTFOLIO,climate_increment,343448612.8377761
1943,super_stress,PORTFOLIO,climate_increment,452280877.4326838
1944,super_stress,PORTFOLIO,climate_increment,1002839375.1506404
1945,super_stress,PORTFOLIO,climate_increment,927904480.7680113
1946,super_stress,PORTFOLIO,climate_increment,324699343.43485045
1947,super_stress,PORTFOLIO,climate_increment,384626382.4122403
1948,super_stress,PORTFOLIO,climate_increment,1302207199.639568
1949,super_stress,PORTFOLIO,climate_increment,570456311.2853408
1950,super_stress,PORTFOLIO,climate_increment,668532524.0049503
1951,super_stress,PORTFOLIO,climate_increment,9282366.957647864
1952,super_stress,PORTFOLIO,climate_increment,344455236.40175986
1953,super_stress,PORTFOLIO,climate_increment,248957639.3193232
1954,super_stress,PORTFOLIO,climate_increment,184095926.80678552
1955,super_stress,PORTFOLIO,climate_increment,842924621.7339752
1956,super_stress,PORTFOLIO,climate_increment,462594609.7299039
1957,super_stress,PORTFOLIO,climate_increment,408312669.2292153
1958,super_stress,PORTFOLIO,climate_increment,532187802.9795848
1959,super_stress,PORTFOLIO,climate_increment,386444463.9613845
1960,super_stress,PORTFOLIO,climate_increment,482993043.43712205
1961,super_stress,PORTFOLIO,climate_increment,351254291.7467059
1962,super_stress,PORTFOLIO,climate_increment,342276904.0324356
1963,super_stress,PORTFOLIO,climate_increment,322878906.3380704
1964,super_stress,PORTFOLIO,climate_increment,515712625.27265847
1965,super_stress,PORTFOLIO,climate_increment,351489377.1816362
1966,super_stress,PORTFOLIO,climate_increment,342295614.0956965
1967,super_stress,PORTFOLIO,climate_increment,902001793.5547017
1968,super_stress,PORTFOLIO,climate_increment,557859750.3439426
1969,super_stress,PORTFOLIO,climate_increment,976438426.8800797
1970,super_stress,PORTFOLIO,climate_increment,574251247.1665788
1971,super_stress,PORTFOLIO,climate_increment,722184933.7793902
1972,super_stress,PORTFOLIO,climate_increment,632050971.0453938
1973,super_stress,PORTFOLIO,climate_increment,540069670.3381801
1974,super_stress,PORTFOLIO,climate_increment,498653829.83214706
1975,super_stress,PORTFOLIO,climate_increment,346862611.7278957
1976,super_stress,PORTFOLIO,climate_increment,524747778.17975897
1977,super_stress,PORTFOLIO,climate_increment,508874133.9529683
1978,super_stress,PORTFOLIO,climate_increment,154717481.33124086
1979,super_stress,PORTFOLIO,climate_increment,551192313.1193279
1980,super_stress,PORTFOLIO,climate_increment,458922603.6868806
1981,super_stress,PORTFOLIO,climate_increment,656207433.7494534
1982,super_stress,PORTFOLIO,climate_increment,549310145.2265334
1983,super_stress,PORTFOLIO,climate_increment,697725177.51907
1984,super_stress,PORTFOLIO,climate_increment,345462839.4705539
1985,super_stress,PORTFOLIO,climate_increment,482596482.46640307
1986,super_stress,PORTFOLIO,climate_increment,424667634.25523067
1987,super_stress,PORTFOLIO,climate_increment,310724435.1280666
1988,super_stress,PORTFOLIO,climate_increment,699307656.5497044
1989,super_stress,PORTFOLIO,climate_increment,460831762.8375966
1990,super_stress,PORTFOLIO,climate_increment,303788527.570027
1991,super_stress,PORTFOLIO,climate_increment,541661285.762234
1992,super_stress,PORTFOLIO,climate_increment,579928456.637445
1993,super_stress,PORTFOLIO,climate_increment,1261042608.1005344
1994,super_stress,PORTFOLIO,climate_increment,700815706.4537446
1995,super_stress,PORTFOLIO,climate_increment,966032157.4274576
1996,super_stress,PORTFOLIO,climate_increment,-42118274.34553567
1997,super_stress,PORTFOLIO,climate_increment,590681827.1531649
1998,super_stress,PORTFOLIO,climate_increment,663387640.9070196
1999,super_stress,PORTFOLIO,climate_increment,454850662.0281742
2000,super_stress,PORTFOLIO,climate_increment,436657741.52341884
2001,super_stress,PORTFOLIO,climate_increment,861006522.9099457
2002,super_stress,PORTFOLIO,climate_increment,122460535.97853012
2003,super_stress,PORTFOLIO,climate_increment,385828939.260871
2004,super_stress,PORTFOLIO,climate_increment,511934218.89998597
2005,super_stress,PORTFOLIO,climate_increment,453939278.4481619
2006,super_stress,PORTFOLIO,climate_increment,1031041940.6632282
2007,super_stress,PORTFOLIO,climate_increment,368468790.038057
2008,super_stress,PORTFOLIO,climate_increment,480447635.88507044
2009,super_stress,PORTFOLIO,climate_increment,55725632.9992535
2010,super_stress,PORTFOLIO,climate_increment,131760242.5020134
2011,super_stress,PORTFOLIO,climate_increment,484193823.40441114
2012,super_stress,PORTFOLIO,climate_increment,618828320.6119127
2013,super_stress,PORTFOLIO,climate_increment,-153044737.15199584
2014,super_stress,PORTFOLIO,climate_increment,556891841.5977715
2015,super_stress,PORTFOLIO,climate_increment,424235805.38741213
2016,super_stress,PORTFOLIO,climate_increment,306713362.3632256
2017,super_stress,PORTFOLIO,climate_increment,414921077.39989316
2018,super_stress,PORTFOLIO,climate_increment,381521379.6243514
2019,super_stress,PORTFOLIO,climate_increment,965151550.9024559
2020,super_stress,PORTFOLIO,climate_increment,732701865.1963679
2021,super_stress,PORTFOLIO,climate_increment,597756825.7016302
2022,super_stress,PORTFOLIO,climate_increment,483042183.288685
2023,super_stress,PORTFOLIO,climate_increment,442789228.9103463
2024,super_stress,PORTFOLIO,climate_increment,821396427.6083618
2025,super_stress,PORTFOLIO,climate_increment,-164975194.25692606
2026,super_stress,PORTFOLIO,climate_increment,193107130.56949586
2027,super_stress,PORTFOLIO,climate_increment,433321294.55704206
2028,super_stress,PORTFOLIO,climate_increment,324406737.06995064
2029,super_stress,PORTFOLIO,climate_increment,326248382.85614884
2030,super_stress,PORTFOLIO,climate_increment,876175543.961348
2031,super_stress,PORTFOLIO,climate_increment,98985763.82510513
2032,super_stress,PORTFOLIO,climate_increment,774955494.9716432
2033,super_stress,PORTFOLIO,climate_increment,309707695.79756856
2034,super_stress,PORTFOLIO,climate_increment,218785224.51088843
2035,super_stress,PORTFOLIO,climate_increment,200553942.8553179
2036,super_stress,PORTFOLIO,climate_increment,823812944.9482402
2037,super_stress,PORTFOLIO,climate_increment,235279760.61997178
2038,super_stress,PORTFOLIO,climate_increment,726750580.0286044
2039,super_stress,PORTFOLIO,climate_increment,155437740.9719054
2040,super_stress,PORTFOLIO,climate_increment,467420194.22262937
2041,super_stress,PORTFOLIO,climate_increment,-21670659.087880485
2042,super_stress,PORTFOLIO,climate_increment,1852250516.3707254
2043,super_stress,PORTFOLIO,climate_increment,305948713.650834
2044,super_stress,PORTFOLIO,climate_increment,262545229.0465101
2045,super_stress,PORTFOLIO,climate_increment,77478893.43620954
2046,super_stress,PORTFOLIO,climate_increment,447257545.8294857
2047,super_stress,PORTFOLIO,climate_increment,1038055125.0297136
2048,super_stress,PORTFOLIO,climate_increment,559307120.1128131
2049,super_stress,PORTFOLIO,climate_increment,413555437.36945987
2050,super_stress,PORTFOLIO,climate_increment,273855142.8208064
2051,super_stress,PORTFOLIO,climate_increment,1238477680.091124
2052,super_stress,PORTFOLIO,climate_increment,305267308.1092337
2053,super_stress,PORTFOLIO,climate_increment,767958458.6892347
2054,super_stress,PORTFOLIO,climate_increment,416570624.2533522
2055,super_stress,PORTFOLIO,climate_increment,763446939.494483
2056,super_stress,PORTFOLIO,climate_increment,1162016083.2201834
2057,super_stress,PORTFOLIO,climate_increment,419206110.6542857
2058,super_stress,PORTFOLIO,climate_increment,532861645.06846863
2059,super_stress,PORTFOLIO,climate_increment,119284228.48044077
2060,super_stress,PORTFOLIO,climate_increment,341421851.5939802
2061,super_stress,PORTFOLIO,climate_increment,-19717239.09474806
2062,super_stress,PORTFOLIO,climate_increment,1040575934.851535
2063,super_stress,PORTFOLIO,climate_increment,141084645.1025198
2064,super_stress,PORTFOLIO,climate_increment,521952989.2276558
2065,super_stress,PORTFOLIO,climate_increment,475133673.3057188
2066,super_stress,PORTFOLIO,climate_increment,109099166.70983838
2067,super_stress,PORTFOLIO,climate_increment,607535743.505873
2068,super_stress,PORTFOLIO,climate_increment,237432804.09515852
2069,super_stress,PORTFOLIO,climate_increment,923427502.6567682
2070,super_stress,PORTFOLIO,climate_increment,442535248.4274479
2071,super_stress,PORTFOLIO,climate_increment,1058472360.7491833
2072,super_stress,PORTFOLIO,climate_increment,116692770.68896125
2073,super_stress,PORTFOLIO,climate_increment,518831965.04793864
2074,super_stress,PORTFOLIO,climate_increment,308158841.9865319
2075,super_stress,PORTFOLIO,climate_increment,1374572841.2295349
2076,super_stress,PORTFOLIO,climate_increment,321960661.4379464
2077,super_stress,PORTFOLIO,climate_increment,469519972.1945508
2078,super_stress,PORTFOLIO,climate_increment,332219090.1547193
2079,super_stress,PORTFOLIO,climate_increment,728172870.3881302
2080,super_stress,PORTFOLIO,climate_increment,487052924.14199543
2081,super_stress,PORTFOLIO,climate_increment,725318037.7150916
2082,super_stress,PORTFOLIO,climate_increment,406711917.45211
2083,super_stress,PORTFOLIO,climate_increment,319014140.1260859
2084,super_stress,PORTFOLIO,climate_increment,224236666.95145443
2085,super_stress,PORTFOLIO,climate_increment,179485608.63845804
2086,super_stress,PORTFOLIO,climate_increment,231804033.354174
2087,super_stress,PORTFOLIO,climate_increment,320229455.27449256
2088,super_stress,PORTFOLIO,climate_increment,1015840380.2866422
2089,super_stress,PORTFOLIO,climate_increment,979427652.9567736
2090,super_stress,PORTFOLIO,climate_increment,749134829.129721
2091,super_stress,PORTFOLIO,climate_increment,-28686722.377090573
2092,super_stress,PORTFOLIO,climate_increment,512048271.00063664
2093,super_stress,PORTFOLIO,climate_increment,388309465.38439465
2094,super_stress,PORTFOLIO,climate_increment,576371593.1658808
2095,super_stress,PORTFOLIO,climate_increment,1003027138.4634987
2096,super_stress,PORTFOLIO,climate_increment,509809085.6372587
2097,super_stress,PORTFOLIO,climate_increment,528836459.62616056
2098,super_stress,PORTFOLIO,climate_increment,603522685.2552592
2099,super_stress,PORTFOLIO,climate_increment,1267070465.7767186
2100,super_stress,PORTFOLIO,climate_increment,371880835.97269094
2101,super_stress,PORTFOLIO,climate_increment,449883925.6825316
2102,super_stress,PORTFOLIO,climate_increment,406088467.69613236
2103,super_stress,PORTFOLIO,climate_increment,887762335.8994727
2104,super_stress,PORTFOLIO,climate_increment,169731063.48273268
2105,super_stress,PORTFOLIO,climate_increment,544766963.3025801
2106,super_stress,PORTFOLIO,climate_increment,101317404.96718372
2107,super_stress,PORTFOLIO,climate_increment,1032942709.1160793
2108,super_stress,PORTFOLIO,climate_increment,391215538.82224053
2109,super_stress,PORTFOLIO,climate_increment,585609449.2979203
2110,super_stress,PORTFOLIO,climate_increment,649743735.155135
2111,super_stress,PORTFOLIO,climate_increment,605600126.8860912
2112,super_stress,PORTFOLIO,climate_increment,-596855921.1516858
2113,super_stress,PORTFOLIO,climate_increment,494905005.95531315
2114,super_stress,PORTFOLIO,climate_increment,342271682.4450326
2115,super_stress,PORTFOLIO,climate_increment,563380333.0922518
2116,super_stress,PORTFOLIO,climate_increment,581896517.8457656
2117,super_stress,PORTFOLIO,climate_increment,262744552.20030308
2118,super_stress,PORTFOLIO,climate_increment,326726024.7850007
2119,super_stress,PORTFOLIO,climate_increment,446561917.88456887
2120,super_stress,PORTFOLIO,climate_increment,688641821.8194816
2121,super_stress,PORTFOLIO,climate_increment,249481384.89337876
2122,super_stress,PORTFOLIO,climate_increment,265374300.10846755
2123,super_stress,PORTFOLIO,climate_increment,346343812.3685841
2124,super_stress,PORTFOLIO,climate_increment,473843396.75422204
2125,super_stress,PORTFOLIO,climate_increment,423340090.9463156
2126,super_stress,PORTFOLIO,climate_increment,496853448.00839955
2127,super_stress,PORTFOLIO,climate_increment,675873883.2296306
2128,super_stress,PORTFOLIO,climate_increment,693107097.758554
2129,super_stress,PORTFOLIO,climate_increment,82684825.33027221
2130,super_stress,PORTFOLIO,climate_increment,367098724.08602375
2131,super_stress,PORTFOLIO,climate_increment,213641350.60054162
2132,super_stress,PORTFOLIO,climate_increment,420893193.4586148
2133,super_stress,PORTFOLIO,climate_increment,644416608.1165031
2134,super_stress,PORTFOLIO,climate_increment,353608712.4763086
2135,super_stress,PORTFOLIO,climate_increment,387696701.1387115
2136,super_stress,PORTFOLIO,climate_increment,420025800.5275882
2137,super_stress,PORTFOLIO,climate_increment,241293485.3331269
2138,super_stress,PORTFOLIO,climate_increment,1347125447.2793381
2139,super_stress,PORTFOLIO,climate_increment,692873715.4399376
2140,super_stress,PORTFOLIO,climate_increment,586122175.7766019
2141,super_stress,PORTFOLIO,climate_increment,381114881.4209498
2142,super_stress,PORTFOLIO,climate_increment,714614001.1856301
2143,super_stress,PORTFOLIO,climate_increment,1084181569.9464982
2144,super_stress,PORTFOLIO,climate_increment,122688895.31204866
2145,super_stress,PORTFOLIO,climate_increment,-237359210.03764197
2146,super_stress,PORTFOLIO,climate_increment,84812584.1519478
2147,super_stress,PORTFOLIO,climate_increment,-37498920.52112746
2148,super_stress,PORTFOLIO,climate_increment,265705168.51776326
2149,super_stress,PORTFOLIO,climate_increment,603236723.1177746
2150,super_stress,PORTFOLIO,climate_increment,923512392.6719867
2151,super_stress,PORTFOLIO,climate_increment,1006970850.4708639
2152,super_stress,PORTFOLIO,climate_increment,811530076.2850357
2153,super_stress,PORTFOLIO,climate_increment,48868597.765166536
2154,super_stress,PORTFOLIO,climate_increment,206414035.49218976
2155,super_stress,PORTFOLIO,climate_increment,43078349.786735736
2156,super_stress,PORTFOLIO,climate_increment,549199140.148071
2157,super_stress,PORTFOLIO,climate_increment,892572656.7172803
2158,super_stress,PORTFOLIO,climate_increment,624697571.8484288
2159,super_stress,PORTFOLIO,climate_increment,471660616.2763605
2160,super_stress,PORTFOLIO,climate_increment,591460636.3676392
2161,super_stress,PORTFOLIO,climate_increment,829429563.5275493
2162,super_stress,PORTFOLIO,climate_increment,259012790.63257363
2163,super_stress,PORTFOLIO,climate_increment,796510906.2052482
2164,super_stress,PORTFOLIO,climate_increment,65651746.97915917
2165,super_stress,PORTFOLIO,climate_increment,1376943375.241344
2166,super_stress,PORTFOLIO,climate_increment,849015775.4964924
2167,super_stress,PORTFOLIO,climate_increment,59332536.196053505
2168,super_stress,PORTFOLIO,climate_increment,1262887501.1982846
2169,super_stress,PORTFOLIO,climate_increment,662038356.3622652
2170,super_stress,PORTFOLIO,climate_increment,268772877.31109846
2171,super_stress,PORTFOLIO,climate_increment,355447661.1903707
2172,super_stress,PORTFOLIO,climate_increment,586807041.6096882
2173,super_stress,PORTFOLIO,climate_increment,882615412.0072715
2174,super_stress,PORTFOLIO,climate_increment,61879630.90868936
2175,super_stress,PORTFOLIO,climate_increment,286039637.58101344
2176,super_stress,PORTFOLIO,climate_increment,511678830.45750713
2177,super_stress,PORTFOLIO,climate_increment,439635894.7760669
2178,super_stress,PORTFOLIO,climate_increment,470284131.24139625
2179,super_stress,PORTFOLIO,climate_increment,-171231159.8985934
2180,super_stress,PORTFOLIO,climate_increment,820392301.8889686
2181,super_stress,PORTFOLIO,climate_increment,810674681.5300179
2182,super_stress,PORTFOLIO,climate_increment,252778803.168383
2183,super_stress,PORTFOLIO,climate_increment,719747764.5896592
2184,super_stress,PORTFOLIO,climate_increment,1132308887.8611262
2185,super_stress,PORTFOLIO,climate_increment,595237739.3871081
2186,super_stress,PORTFOLIO,climate_increment,620882309.4499204
2187,super_stress,PORTFOLIO,climate_increment,1030358451.9556885
2188,super_stress,PORTFOLIO,climate_increment,602082968.3691036
2189,super_stress,PORTFOLIO,climate_increment,497816744.67416286
2190,super_stress,PORTFOLIO,climate_increment,1168545180.7849185
2191,super_stress,PORTFOLIO,climate_increment,583895771.7403369
2192,super_stress,PORTFOLIO,climate_increment,931612160.2118813
2193,super_stress,PORTFOLIO,climate_increment,110012634.52482212
2194,super_stress,PORTFOLIO,climate_increment,707156267.09645
2195,super_stress,PORTFOLIO,climate_increment,844643793.982223
2196,super_stress,PORTFOLIO,climate_increment,678039314.0583239
2197,super_stress,PORTFOLIO,climate_increment,220953388.83601198
2198,super_stress,PORTFOLIO,climate_increment,1038178828.6325102
2199,super_stress,PORTFOLIO,climate_increment,122126881.19980511
2200,super_stress,PORTFOLIO,climate_increment,687001666.1856142
2201,super_stress,PORTFOLIO,climate_increment,177635174.317584
2202,super_stress,PORTFOLIO,climate_increment,429561195.83091694
2203,super_stress,PORTFOLIO,climate_increment,378699686.6726924
2204,super_stress,PORTFOLIO,climate_increment,405589916.92792267
2205,super_stress,PORTFOLIO,climate_increment,178986009.1318858
2206,super_stress,PORTFOLIO,climate_increment,141243432.71542957
2207,super_stress,PORTFOLIO,climate_increment,527131124.271823
2208,super_stress,PORTFOLIO,climate_increment,291113067.991291
2209,super_stress,PORTFOLIO,climate_increment,395373858.9582718
2210,super_stress,PORTFOLIO,climate_increment,443510250.4463047
2211,super_stress,PORTFOLIO,climate_increment,461647811.1489294
2212,super_stress,PORTFOLIO,climate_increment,96820997.05410893
2213,super_stress,PORTFOLIO,climate_increment,583446271.5224603
2214,super_stress,PORTFOLIO,climate_increment,86848798.9269426
2215,super_stress,PORTFOLIO,climate_increment,925859027.2918823
2216,super_stress,PORTFOLIO,climate_increment,284390106.943866
2217,super_stress,PORTFOLIO,climate_increment,482199243.0538374
2218,super_stress,PORTFOLIO,climate_increment,620051761.1181422
2219,super_stress,PORTFOLIO,climate_increment,368681464.93628013
2220,super_stress,PORTFOLIO,climate_increment,256653377.41321805
2221,super_stress,PORTFOLIO,climate_increment,345078574.55087775
2222,super_stress,PORTFOLIO,climate_increment,450831275.8129572
2223,super_stress,PORTFOLIO,climate_increment,472382512.5955663
2224,super_stress,PORTFOLIO,climate_increment,-16408826.259528538
2225,super_stress,PORTFOLIO,climate_increment,993145057.8160522
2226,super_stress,PORTFOLIO,climate_increment,854112798.7434334
2227,super_stress,PORTFOLIO,climate_increment,713904644.638035
2228,super_stress,PORTFOLIO,climate_increment,150121398.00317532
2229,super_stress,PORTFOLIO,climate_increment,780551306.0399688
2230,super_stress,PORTFOLIO,climate_increment,361536989.2702932
2231,super_stress,PORTFOLIO,climate_increment,407884352.2792856
2232,super_stress,PORTFOLIO,climate_increment,578383675.1229681
2233,super_stress,PORTFOLIO,climate_increment,284131686.17684066
2234,super_stress,PORTFOLIO,climate_increment,693684513.0695904
2235,super_stress,PORTFOLIO,climate_increment,219321788.34097925
2236,super_stress,PORTFOLIO,climate_increment,682313139.3993295
2237,super_stress,PORTFOLIO,climate_increment,655997977.0471256
2238,super_stress,PORTFOLIO,climate_increment,762284701.3290266
2239,super_stress,PORTFOLIO,climate_increment,410525607.7823762
2240,super_stress,PORTFOLIO,climate_increment,748098186.184807
2241,super_stress,PORTFOLIO,climate_increment,445804233.54791915
2242,super_stress,PORTFOLIO,climate_increment,884526981.4619546
2243,super_stress,PORTFOLIO,climate_increment,453215030.27726144
2244,super_stress,PORTFOLIO,climate_increment,390135797.76801705
2245,super_stress,PORTFOLIO,climate_increment,418795420.88656956
2246,super_stress,PORTFOLIO,climate_increment,326822074.24068063
2247,super_stress,PORTFOLIO,climate_increment,259666882.41691917
2248,super_stress,PORTFOLIO,climate_increment,466427209.95998335
2249,super_stress,PORTFOLIO,climate_increment,442970034.783784
2250,super_stress,PORTFOLIO,climate_increment,448573688.7868251
2251,super_stress,PORTFOLIO,climate_increment,640647589.7692018
2252,super_stress,PORTFOLIO,climate_increment,671900150.0756917
2253,super_stress,PORTFOLIO,climate_increment,-240804302.76690587
2254,super_stress,PORTFOLIO,climate_increment,628123017.4422678
2255,super_stress,PORTFOLIO,climate_increment,471078755.34403604
2256,super_stress,PORTFOLIO,climate_increment,442710199.942691
2257,super_stress,PORTFOLIO,climate_increment,897628447.3401995
2258,super_stress,PORTFOLIO,climate_increment,480715270.15666324
2259,super_stress,PORTFOLIO,climate_increment,633565672.5230445
2260,super_stress,PORTFOLIO,climate_increment,323592061.9710654
2261,super_stress,PORTFOLIO,climate_increment,-177071852.99329603
2262,super_stress,PORTFOLIO,climate_increment,595983038.9382102
2263,super_stress,PORTFOLIO,climate_increment,1275651928.011628
2264,super_stress,PORTFOLIO,climate_increment,688698873.0806022
2265,super_stress,PORTFOLIO,climate_increment,768103037.2334837
2266,super_stress,PORTFOLIO,climate_increment,724411094.0419953
2267,super_stress,PORTFOLIO,climate_increment,605677951.8535246
2268,super_stress,PORTFOLIO,climate_increment,611492326.9828202
2269,super_stress,PORTFOLIO,climate_increment,736470595.3453711
2270,super_stress,PORTFOLIO,climate_increment,720010259.0389862
2271,super_stress,PORTFOLIO,climate_increment,1595309131.0977473
2272,super_stress,PORTFOLIO,climate_increment,269656753.9395098
2273,super_stress,PORTFOLIO,climate_increment,252741077.76444197
2274,super_stress,PORTFOLIO,climate_increment,633748068.0470723
2275,super_stress,PORTFOLIO,climate_increment,392382584.76298034
2276,super_stress,PORTFOLIO,climate_increment,237691554.92972273
2277,super_stress,PORTFOLIO,climate_increment,152874478.7480488
2278,super_stress,PORTFOLIO,climate_increment,155543594.91593224
2279,super_stress,PORTFOLIO,climate_increment,411974441.13410705
2280,super_stress,PORTFOLIO,climate_increment,673647814.0357395
2281,super_stress,PORTFOLIO,climate_increment,645667396.5735035
2282,super_stress,PORTFOLIO,climate_increment,184364861.45560813
2283,super_stress,PORTFOLIO,climate_increment,946033391.85808
2284,super_stress,PORTFOLIO,climate_increment,614735851.4224615
2285,super_stress,PORTFOLIO,climate_increment,500130106.9501816
2286,super_stress,PORTFOLIO,climate_increment,307697462.41106296
2287,super_stress,PORTFOLIO,climate_increment,343952736.9567146
2288,super_stress,PORTFOLIO,climate_increment,617730262.8596483
2289,super_stress,PORTFOLIO,climate_increment,827536207.1234397
2290,super_stress,PORTFOLIO,climate_increment,607687985.7744129
2291,super_stress,PORTFOLIO,climate_increment,145196611.97921422
2292,super_stress,PORTFOLIO,climate_increment,178898817.66852248
2293,super_stress,PORTFOLIO,climate_increment,653244035.6782985
2294,super_stress,PORTFOLIO,climate_increment,679798922.211361
2295,super_stress,PORTFOLIO,climate_increment,646688883.6940337
2296,super_stress,PORTFOLIO,climate_increment,274729695.18058974
2297,super_stress,PORTFOLIO,climate_increment,726598767.169219
2298,super_stress,PORTFOLIO,climate_increment,75341282.43966992
2299,super_stress,PORTFOLIO,climate_increment,578375350.6050436
2300,super_stress,PORTFOLIO,climate_increment,365134880.3642217
2301,super_stress,PORTFOLIO,climate_increment,768292427.9127394
2302,super_stress,PORTFOLIO,climate_increment,233317784.00174147
2303,super_stress,PORTFOLIO,climate_increment,959512412.1839108
2304,super_stress,PORTFOLIO,climate_increment,27412575.292207405
2305,super_stress,PORTFOLIO,climate_increment,230655490.01438215
2306,super_stress,PORTFOLIO,climate_increment,545406216.4045541
2307,super_stress,PORTFOLIO,climate_increment,563412569.8376582
2308,super_stress,PORTFOLIO,climate_increment,1039160496.0135064
2309,super_stress,PORTFOLIO,climate_increment,351070763.4612453
2310,super_stress,PORTFOLIO,climate_increment,599441469.2152182
2311,super_stress,PORTFOLIO,climate_increment,1077262686.4958699
2312,super_stress,PORTFOLIO,climate_increment,1120268432.3123405
2313,super_stress,PORTFOLIO,climate_increment,488208980.0710524
2314,super_stress,PORTFOLIO,climate_increment,588179990.9228117
2315,super_stress,PORTFOLIO,climate_increment,1186061835.9398987
2316,super_stress,PORTFOLIO,climate_increment,381043311.4944546
2317,super_stress,PORTFOLIO,climate_increment,441022492.3087503
2318,super_stress,PORTFOLIO,climate_increment,581161526.0760856
2319,super_stress,PORTFOLIO,climate_increment,353168622.5389367
2320,super_stress,PORTFOLIO,climate_increment,326679336.68815255
2321,super_stress,PORTFOLIO,climate_increment,897608961.672648
2322,super_stress,PORTFOLIO,climate_increment,575693178.8415972
2323,super_stress,PORTFOLIO,climate_increment,544298325.0602452
2324,super_stress,PORTFOLIO,climate_increment,713694359.4865311
2325,super_stress,PORTFOLIO,climate_increment,452624205.3748149
2326,super_stress,PORTFOLIO,climate_increment,460181518.74760985
2327,super_stress,PORTFOLIO,climate_increment,472485244.79578006
2328,super_stress,PORTFOLIO,climate_increment,654620879.4943961
2329,super_stress,PORTFOLIO,climate_increment,410623139.25378716
2330,super_stress,PORTFOLIO,climate_increment,411346159.3520531
2331,super_stress,PORTFOLIO,climate_increment,404938938.2885592
2332,super_stress,PORTFOLIO,climate_increment,577127602.5674076
2333,super_stress,PORTFOLIO,climate_increment,265537560.15566757
2334,super_stress,PORTFOLIO,climate_increment,495916192.88407737
2335,super_stress,PORTFOLIO,climate_increment,891214096.0180559
2336,super_stress,PORTFOLIO,climate_increment,429599589.30216193
2337,super_stress,PORTFOLIO,climate_increment,928976527.5039026
2338,super_stress,PORTFOLIO,climate_increment,437649284.3858272
2339,super_stress,PORTFOLIO,climate_increment,601110256.4608651
2340,super_stress,PORTFOLIO,climate_increment,215279244.5043383
2341,super_stress,PORTFOLIO,climate_increment,230861319.98981476
2342,super_stress,PORTFOLIO,climate_increment,500552398.07469225
2343,super_stress,PORTFOLIO,climate_increment,457070514.8158478
2344,super_stress,PORTFOLIO,climate_increment,753262480.9001986
2345,super_stress,PORTFOLIO,climate_increment,356271464.26160175
2346,super_stress,PORTFOLIO,climate_increment,101279216.07589956
2347,super_stress,PORTFOLIO,climate_increment,601076856.0178014
2348,super_stress,PORTFOLIO,climate_increment,286869844.7535371
2349,super_stress,PORTFOLIO,climate_increment,788029218.4637805
2350,super_stress,PORTFOLIO,climate_increment,692423270.9004023
2351,super_stress,PORTFOLIO,climate_increment,729923725.2329168
2352,super_stress,PORTFOLIO,climate_increment,114910697.82461666
2353,super_stress,PORTFOLIO,climate_increment,366726833.7649743
2354,super_stress,PORTFOLIO,climate_increment,443805044.0170292
2355,super_stress,PORTFOLIO,climate_increment,731396164.1976962
2356,super_stress,PORTFOLIO,climate_increment,720749334.5893335
2357,super_stress,PORTFOLIO,climate_increment,389834903.16290045
2358,super_stress,PORTFOLIO,climate_increment,185703940.44370934
2359,super_stress,PORTFOLIO,climate_increment,488244875.1327048
2360,super_stress,PORTFOLIO,climate_increment,246329771.13387075
2361,super_stress,PORTFOLIO,climate_increment,-59743063.47569761
2362,super_stress,PORTFOLIO,climate_increment,517424014.6097551
2363,super_stress,PORTFOLIO,climate_increment,177683474.3579211
2364,super_stress,PORTFOLIO,climate_increment,523523694.96388966
2365,super_stress,PORTFOLIO,climate_increment,491311394.44768095
2366,super_stress,PORTFOLIO,climate_increment,472253882.50684834
2367,super_stress,PORTFOLIO,climate_increment,584853694.5744812
2368,super_stress,PORTFOLIO,climate_increment,512515252.8004149
2369,super_stress,PORTFOLIO,climate_increment,484061639.3818469
2370,super_stress,PORTFOLIO,climate_increment,943702552.8278143
2371,super_stress,PORTFOLIO,climate_increment,395334232.71041006
2372,super_stress,PORTFOLIO,climate_increment,414977573.0512393
2373,super_stress,PORTFOLIO,climate_increment,618738389.0189358
2374,super_stress,PORTFOLIO,climate_increment,518292027.1101803
2375,super_stress,PORTFOLIO,climate_increment,619223877.662686
2376,super_stress,PORTFOLIO,climate_increment,-320573990.60550475
2377,super_stress,PORTFOLIO,climate_increment,160830110.33359855
2378,super_stress,PORTFOLIO,climate_increment,533088197.83597827
2379,super_stress,PORTFOLIO,climate_increment,641610943.3685808
2380,super_stress,PORTFOLIO,climate_increment,271453670.92948097
2381,super_stress,PORTFOLIO,climate_increment,470390734.5674343
2382,super_stress,PORTFOLIO,climate_increment,508482790.45869327
2383,super_stress,PORTFOLIO,climate_increment,510851596.1133474
2384,super_stress,PORTFOLIO,climate_increment,123660421.07801118
2385,super_stress,PORTFOLIO,climate_increment,773994312.7279148
2386,super_stress,PORTFOLIO,climate_increment,492603657.9341763
2387,super_stress,PORTFOLIO,climate_increment,239603664.1843789
2388,super_stress,PORTFOLIO,climate_increment,950872791.1808672
2389,super_stress,PORTFOLIO,climate_increment,507772357.9995208
2390,super_stress,PORTFOLIO,climate_increment,521753569.4621527
2391,super_stress,PORTFOLIO,climate_increment,685859547.2370427
2392,super_stress,PORTFOLIO,climate_increment,683035165.6343607
2393,super_stress,PORTFOLIO,climate_increment,56279079.8757129
2394,super_stress,PORTFOLIO,climate_increment,480187420.5530675
2395,super_stress,PORTFOLIO,climate_increment,141772922.64059862
2396,super_stress,PORTFOLIO,climate_increment,461596647.31412554
2397,super_stress,PORTFOLIO,climate_increment,167815791.0399898
2398,super_stress,PORTFOLIO,climate_increment,461476202.51809
2399,super_stress,PORTFOLIO,climate_increment,461399335.2994209
2400,super_stress,PORTFOLIO,climate_increment,495927918.5606548
2401,super_stress,PORTFOLIO,climate_increment,115058359.08505933
2402,super_stress,PORTFOLIO,climate_increment,36247769.458876476
2403,super_stress,PORTFOLIO,climate_increment,1204109385.917342
2404,super_stress,PORTFOLIO,climate_increment,479766227.12655705
2405,super_stress,PORTFOLIO,climate_increment,-260384623.46604177
2406,super_stress,PORTFOLIO,climate_increment,470338193.8393182
2407,super_stress,PORTFOLIO,climate_increment,211170307.44625875
2408,super_stress,PORTFOLIO,climate_increment,-71851671.17388017
2409,super_stress,PORTFOLIO,climate_increment,496910967.5360607
2410,super_stress,PORTFOLIO,climate_increment,634666790.6636044
2411,super_stress,PORTFOLIO,climate_increment,504933656.566409
2412,super_stress,PORTFOLIO,climate_increment,1048674145.1564816
2413,super_stress,PORTFOLIO,climate_increment,592149844.735472
2414,super_stress,PORTFOLIO,climate_increment,337051676.350148
2415,super_stress,PORTFOLIO,climate_increment,193043318.74985713
2416,super_stress,PORTFOLIO,climate_increment,1263591458.6907196
2417,super_stress,PORTFOLIO,climate_increment,604866305.8159575
2418,super_stress,PORTFOLIO,climate_increment,146799450.34125376
2419,super_stress,PORTFOLIO,climate_increment,483042947.44316024
2420,super_stress,PORTFOLIO,climate_increment,473598437.07556343
2421,super_stress,PORTFOLIO,climate_increment,226916242.6698412
2422,super_stress,PORTFOLIO,climate_increment,348028963.6278585
2423,super_stress,PORTFOLIO,climate_increment,446677066.95578015
2424,super_stress,PORTFOLIO,climate_increment,460679498.4859846
2425,super_stress,PORTFOLIO,climate_increment,852620255.866473
2426,super_stress,PORTFOLIO,climate_increment,150404587.3505959
2427,super_stress,PORTFOLIO,climate_increment,111037767.20779352
2428,super_stress,PORTFOLIO,climate_increment,280097790.9782772
2429,super_stress,PORTFOLIO,climate_increment,869035837.2490385
2430,super_stress,PORTFOLIO,climate_increment,532394090.09112036
2431,super_stress,PORTFOLIO,climate_increment,329501713.06170523
2432,super_stress,PORTFOLIO,climate_increment,577772066.4108881
2433,super_stress,PORTFOLIO,climate_increment,488632770.1551976
2434,super_stress,PORTFOLIO,climate_increment,-36835365.9977437
2435,super_stress,PORTFOLIO,climate_increment,887842481.4719933
2436,super_stress,PORTFOLIO,climate_increment,479420242.82079804
2437,super_stress,PORTFOLIO,climate_increment,472141405.0150669
2438,super_stress,PORTFOLIO,climate_increment,1084250353.8226051
2439,super_stress,PORTFOLIO,climate_increment,353953840.0264003
2440,super_stress,PORTFOLIO,climate_increment,291363074.69464254
2441,super_stress,PORTFOLIO,climate_increment,-29830027.54182512
2442,super_stress,PORTFOLIO,climate_increment,150533272.7400458
2443,super_stress,PORTFOLIO,climate_increment,405709578.84539104
2444,super_stress,PORTFOLIO,climate_increment,-34595959.61087425
2445,super_stress,PORTFOLIO,climate_increment,481186676.6028146
2446,super_stress,PORTFOLIO,climate_increment,237941420.5616274
2447,super_stress,PORTFOLIO,climate_increment,260966142.66099998
2448,super_stress,PORTFOLIO,climate_increment,322597518.1055377
2449,super_stress,PORTFOLIO,climate_increment,716402454.4960657
2450,super_stress,PORTFOLIO,climate_increment,326101598.33091724
2451,super_stress,PORTFOLIO,climate_increment,489308923.8745998
2452,super_stress,PORTFOLIO,climate_increment,645776677.4629856
2453,super_stress,PORTFOLIO,climate_increment,651719340.1689631
2454,super_stress,PORTFOLIO,climate_increment,2245542897.168668
2455,super_stress,PORTFOLIO,climate_increment,-297063598.85136014
2456,super_stress,PORTFOLIO,climate_increment,331500480.8526752
2457,super_stress,PORTFOLIO,climate_increment,411663863.9767762
2458,super_stress,PORTFOLIO,climate_increment,143060402.9654037
2459,super_stress,PORTFOLIO,climate_increment,597365637.1579672
2460,super_stress,PORTFOLIO,climate_increment,1178748482.9207351
2461,super_stress,PORTFOLIO,climate_increment,143026588.99095517
2462,super_stress,PORTFOLIO,climate_increment,346718400.976108
2463,super_stress,PORTFOLIO,climate_increment,274219260.5891366
2464,super_stress,PORTFOLIO,climate_increment,1161946451.2552707
2465,super_stress,PORTFOLIO,climate_increment,632542076.2605531
2466,super_stress,PORTFOLIO,climate_increment,328940830.46992433
2467,super_stress,PORTFOLIO,climate_increment,728428655.0655541
2468,super_stress,PORTFOLIO,climate_increment,366809630.179388
2469,super_stress,PORTFOLIO,climate_increment,279700589.9450384
2470,super_stress,PORTFOLIO,climate_increment,-128138301.7488683
2471,super_stress,PORTFOLIO,climate_increment,343431215.5935582
2472,super_stress,PORTFOLIO,climate_increment,669400345.7346514
2473,super_stress,PORTFOLIO,climate_increment,735540378.8782524
2474,super_stress,PORTFOLIO,climate_increment,-213026170.93339622
2475,super_stress,PORTFOLIO,climate_increment,706127987.7902796
2476,super_stress,PORTFOLIO,climate_increment,674440381.9814068
2477,super_stress,PORTFOLIO,climate_increment,689463653.7631059
2478,super_stress,PORTFOLIO,climate_increment,308552266.37104785
2479,super_stress,PORTFOLIO,climate_increment,-58291811.863033
2480,super_stress,PORTFOLIO,climate_increment,1383629824.7669888
2481,super_stress,PORTFOLIO,climate_increment,448878901.0471442
2482,super_stress,PORTFOLIO,climate_increment,454807266.03401136
2483,super_stress,PORTFOLIO,climate_increment,370270900.0232065
2484,super_stress,PORTFOLIO,climate_increment,612214303.292771
2485,super_stress,PORTFOLIO,climate_increment,347039780.92670596
2486,super_stress,PORTFOLIO,climate_increment,683830732.7736949
2487,super_stress,PORTFOLIO,climate_increment,253759276.86830565
2488,super_stress,PORTFOLIO,climate_increment,1360275507.928778
2489,super_stress,PORTFOLIO,climate_increment,434849885.95654553
2490,super_stress,PORTFOLIO,climate_increment,398088949.76951164
2491,super_stress,PORTFOLIO,climate_increment,262082601.60051432
2492,super_stress,PORTFOLIO,climate_increment,1061781891.4576107
2493,super_stress,PORTFOLIO,climate_increment,243723743.59969616
2494,super_stress,PORTFOLIO,climate_increment,379630045.3159616
2495,super_stress,PORTFOLIO,climate_increment,656249712.2801826
2496,super_stress,PORTFOLIO,climate_increment,304407116.4521158
2497,super_stress,PORTFOLIO,climate_increment,343103674.7946046
2498,super_stress,PORTFOLIO,climate_increment,760754800.3771967
2499,super_stress,PORTFOLIO,climate_increment,83978708.86418904
2500,super_stress,PORTFOLIO,climate_increment,209414934.8214667
2501,super_stress,PORTFOLIO,climate_increment,95990768.32949692
2502,super_stress,PORTFOLIO,climate_increment,759523915.7385283
2503,super_stress,PORTFOLIO,climate_increment,512264010.19162637
2504,super_stress,PORTFOLIO,climate_increment,69415273.50288764
2505,super_stress,PORTFOLIO,climate_increment,557960415.1341062
2506,super_stress,PORTFOLIO,climate_increment,538996533.5132173
2507,super_stress,PORTFOLIO,climate_increment,747286554.674875
2508,super_stress,PORTFOLIO,climate_increment,350336614.3024863
2509,super_stress,PORTFOLIO,climate_increment,625873058.4801285
2510,super_stress,PORTFOLIO,climate_increment,291045383.7330226
2511,super_stress,PORTFOLIO,climate_increment,183027155.3649123
2512,super_stress,PORTFOLIO,climate_increment,165238983.2580524
2513,super_stress,PORTFOLIO,climate_increment,446492549.90341216
2514,super_stress,PORTFOLIO,climate_increment,415305395.3882795
2515,super_stress,PORTFOLIO,climate_increment,271708196.69762623
2516,super_stress,PORTFOLIO,climate_increment,1038364762.693181
2517,super_stress,PORTFOLIO,climate_increment,407074648.3286608
2518,super_stress,PORTFOLIO,climate_increment,779706005.08992
2519,super_stress,PORTFOLIO,climate_increment,486905312.1667424
2520,super_stress,PORTFOLIO,climate_increment,569270789.9052265
2521,super_stress,PORTFOLIO,climate_increment,367654795.15699995
2522,super_stress,PORTFOLIO,climate_increment,450479677.93818355
2523,super_stress,PORTFOLIO,climate_increment,318073942.635127
2524,super_stress,PORTFOLIO,climate_increment,121692542.63392492
2525,super_stress,PORTFOLIO,climate_increment,563929830.922232
2526,super_stress,PORTFOLIO,climate_increment,755928892.8251855
2527,super_stress,PORTFOLIO,climate_increment,338520157.50061584
2528,super_stress,PORTFOLIO,climate_increment,1063619684.9386427
2529,super_stress,PORTFOLIO,climate_increment,436454530.53718466
2530,super_stress,PORTFOLIO,climate_increment,332703060.18828285
2531,super_stress,PORTFOLIO,climate_increment,950090952.9887677
2532,super_stress,PORTFOLIO,climate_increment,249427992.7370784
2533,super_stress,PORTFOLIO,climate_increment,938285688.4508342
2534,super_stress,PORTFOLIO,climate_increment,334532265.3841151
2535,super_stress,PORTFOLIO,climate_increment,484324234.9985148
2536,super_stress,PORTFOLIO,climate_increment,665608668.7816138
2537,super_stress,PORTFOLIO,climate_increment,822434479.0095658
2538,super_stress,PORTFOLIO,climate_increment,580813819.3334107
2539,super_stress,PORTFOLIO,climate_increment,723951886.1085848
2540,super_stress,PORTFOLIO,climate_increment,750743886.6357822
2541,super_stress,PORTFOLIO,climate_increment,287965791.3457808
2542,super_stress,PORTFOLIO,climate_increment,535145894.07966214
2543,super_stress,PORTFOLIO,climate_increment,736425442.6938758
2544,super_stress,PORTFOLIO,climate_increment,441299942.56620556
2545,super_stress,PORTFOLIO,climate_increment,103317288.76534335
2546,super_stress,PORTFOLIO,climate_increment,257325434.5631887
2547,super_stress,PORTFOLIO,climate_increment,649031214.1892568
2548,super_stress,PORTFOLIO,climate_increment,686070142.206849
2549,super_stress,PORTFOLIO,climate_increment,775622011.4637221
2550,super_stress,PORTFOLIO,climate_increment,406594695.7399071
2551,super_stress,PORTFOLIO,climate_increment,561520767.1012243
2552,super_stress,PORTFOLIO,climate_increment,380380564.19904476
2553,super_stress,PORTFOLIO,climate_increment,651816131.723789
2554,super_stress,PORTFOLIO,climate_increment,642180166.946566
2555,super_stress,PORTFOLIO,climate_increment,406840598.34958464
2556,super_stress,PORTFOLIO,climate_increment,374815819.6827914
2557,super_stress,PORTFOLIO,climate_increment,34176094.71398977
2558,super_stress,PORTFOLIO,climate_increment,796742174.2698185
2559,super_stress,PORTFOLIO,climate_increment,775224686.5881027
2560,super_stress,PORTFOLIO,climate_increment,771312253.1982408
2561,super_stress,PORTFOLIO,climate_increment,-161652297.09192517
2562,super_stress,PORTFOLIO,climate_increment,585699710.2500775
2563,super_stress,PORTFOLIO,climate_increment,629267473.6338137
2564,super_stress,PORTFOLIO,climate_increment,1002336862.863723
2565,super_stress,PORTFOLIO,climate_increment,348077164.2829595
2566,super_stress,PORTFOLIO,climate_increment,189188435.2236978
2567,super_stress,PORTFOLIO,climate_increment,1004278319.492885
2568,super_stress,PORTFOLIO,climate_increment,664616856.8021319
2569,super_stress,PORTFOLIO,climate_increment,646311586.591325
2570,super_stress,PORTFOLIO,climate_increment,369867232.4463078
2571,super_stress,PORTFOLIO,climate_increment,-66283801.95935249
2572,super_stress,PORTFOLIO,climate_increment,457436937.09825116
2573,super_stress,PORTFOLIO,climate_increment,765492074.0432165
2574,super_stress,PORTFOLIO,climate_increment,381103087.0339414
2575,super_stress,PORTFOLIO,climate_increment,869700090.6267452
2576,super_stress,PORTFOLIO,climate_increment,527599755.910495
2577,super_stress,PORTFOLIO,climate_increment,451812260.0327255
2578,super_stress,PORTFOLIO,climate_increment,481100125.9957948
2579,super_stress,PORTFOLIO,climate_increment,618126842.5692652
2580,super_stress,PORTFOLIO,climate_increment,162538926.94155774
2581,super_stress,PORTFOLIO,climate_increment,412337894.33473366
2582,super_stress,PORTFOLIO,climate_increment,188765551.32254383
2583,super_stress,PORTFOLIO,climate_increment,796347389.3472047
2584,super_stress,PORTFOLIO,climate_increment,1013078853.03276
2585,super_stress,PORTFOLIO,climate_increment,599530148.7779961
2586,super_stress,PORTFOLIO,climate_increment,876433859.4436643
2587,super_stress,PORTFOLIO,climate_increment,1105994418.1654296
2588,super_stress,PORTFOLIO,climate_increment,388017102.5607685
2589,super_stress,PORTFOLIO,climate_increment,665688402.6301751
2590,super_stress,PORTFOLIO,climate_increment,194903298.52421775
2591,super_stress,PORTFOLIO,climate_increment,392060517.8691017
2592,super_stress,PORTFOLIO,climate_increment,280800011.4260346
2593,super_stress,PORTFOLIO,climate_increment,970897910.5165454
2594,super_stress,PORTFOLIO,climate_increment,318814137.37501186
2595,super_stress,PORTFOLIO,climate_increment,690637824.0570132
2596,super_stress,PORTFOLIO,climate_increment,654259105.0087795
2597,super_stress,PORTFOLIO,climate_increment,875232703.6100004
2598,super_stress,PORTFOLIO,climate_increment,564921482.7893741
2599,super_stress,PORTFOLIO,climate_increment,506535384.1577078
2600,super_stress,PORTFOLIO,climate_increment,787371387.725378
2601,super_stress,PORTFOLIO,climate_increment,652564523.635137
2602,super_stress,PORTFOLIO,climate_increment,156551831.68326813
2603,super_stress,PORTFOLIO,climate_increment,729208407.6939906
2604,super_stress,PORTFOLIO,climate_increment,788766970.3365923
2605,super_stress,PORTFOLIO,climate_increment,501214050.5486773
2606,super_stress,PORTFOLIO,climate_increment,495067706.6056095
2607,super_stress,PORTFOLIO,climate_increment,962573399.6497035
2608,super_stress,PORTFOLIO,climate_increment,425087649.09751946
2609,super_stress,PORTFOLIO,climate_increment,-28936750.559043568
2610,super_stress,PORTFOLIO,climate_increment,597881429.4333142
2611,super_stress,PORTFOLIO,climate_increment,347414212.97783494
2612,super_stress,PORTFOLIO,climate_increment,314192002.9326155
2613,super_stress,PORTFOLIO,climate_increment,-83017902.44471534
2614,super_stress,PORTFOLIO,climate_increment,731661953.7865293
2615,super_stress,PORTFOLIO,climate_increment,861488528.0459338
2616,super_stress,PORTFOLIO,climate_increment,2258746.0277062855
2617,super_stress,PORTFOLIO,climate_increment,767388171.7023963
2618,super_stress,PORTFOLIO,climate_increment,682010377.656669
2619,super_stress,PORTFOLIO,climate_increment,-435976047.4521771
2620,super_stress,PORTFOLIO,climate_increment,427706363.3221733
2621,super_stress,PORTFOLIO,climate_increment,766529633.0468074
2622,super_stress,PORTFOLIO,climate_increment,463163650.3096919
2623,super_stress,PORTFOLIO,climate_increment,403945448.8900564
2624,super_stress,PORTFOLIO,climate_increment,183705607.33513948
2625,super_stress,PORTFOLIO,climate_increment,35463995.23967238
2626,super_stress,PORTFOLIO,climate_increment,474288831.12308466
2627,super_stress,PORTFOLIO,climate_increment,658667250.113151
2628,super_stress,PORTFOLIO,climate_increment,653301931.4450859
2629,super_stress,PORTFOLIO,climate_increment,172345285.49489146
2630,super_stress,PORTFOLIO,climate_increment,427549772.74264675
2631,super_stress,PORTFOLIO,climate_increment,912987069.0280404
2632,super_stress,PORTFOLIO,climate_increment,922238638.180536
2633,super_stress,PORTFOLIO,climate_increment,244697143.63479817
2634,super_stress,PORTFOLIO,climate_increment,515393130.01010174
2635,super_stress,PORTFOLIO,climate_increment,197304969.98908868
2636,super_stress,PORTFOLIO,climate_increment,570553134.8765619
2637,super_stress,PORTFOLIO,climate_increment,740887471.1021214
2638,super_stress,PORTFOLIO,climate_increment,251447930.62185043
2639,super_stress,PORTFOLIO,climate_increment,368309316.13318884
2640,super_stress,PORTFOLIO,climate_increment,514529366.91798645
2641,super_stress,PORTFOLIO,climate_increment,294954840.3997868
2642,super_stress,PORTFOLIO,climate_increment,456136776.10789675
2643,super_stress,PORTFOLIO,climate_increment,689377460.4702516
2644,super_stress,PORTFOLIO,climate_increment,31820323.667113435
2645,super_stress,PORTFOLIO,climate_increment,229579229.82897532
2646,super_stress,PORTFOLIO,climate_increment,578130037.5394318
2647,super_stress,PORTFOLIO,climate_increment,69232167.13005891
2648,super_stress,PORTFOLIO,climate_increment,644298691.6574544
2649,super_stress,PORTFOLIO,climate_increment,620568640.065189
2650,super_stress,PORTFOLIO,climate_increment,407688162.0365487
2651,super_stress,PORTFOLIO,climate_increment,357464736.11407477
2652,super_stress,PORTFOLIO,climate_increment,122363403.88578004
2653,super_stress,PORTFOLIO,climate_increment,351616479.2519918
2654,super_stress,PORTFOLIO,climate_increment,885369306.3840423
2655,super_stress,PORTFOLIO,climate_increment,368371204.79044956
2656,super_stress,PORTFOLIO,climate_increment,43235294.46202927
2657,super_stress,PORTFOLIO,climate_increment,210975478.36938277
2658,super_stress,PORTFOLIO,climate_increment,424340300.472405
2659,super_stress,PORTFOLIO,climate_increment,134183971.71865757
2660,super_stress,PORTFOLIO,climate_increment,1133579833.9346654
2661,super_stress,PORTFOLIO,climate_increment,567703849.7378004
2662,super_stress,PORTFOLIO,climate_increment,568427308.3924875
2663,super_stress,PORTFOLIO,climate_increment,17526393.04785663
2664,super_stress,PORTFOLIO,climate_increment,329518084.93490624
2665,super_stress,PORTFOLIO,climate_increment,1030013518.6794741
2666,super_stress,PORTFOLIO,climate_increment,656057654.3294736
2667,super_stress,PORTFOLIO,climate_increment,892556384.7852159
2668,super_stress,PORTFOLIO,climate_increment,881454172.6841232
2669,super_stress,PORTFOLIO,climate_increment,589985856.9588805
2670,super_stress,PORTFOLIO,climate_increment,1080055438.204105
2671,super_stress,PORTFOLIO,climate_increment,195616552.52072167
2672,super_stress,PORTFOLIO,climate_increment,366512901.26050776
2673,super_stress,PORTFOLIO,climate_increment,428563003.4997603
2674,super_stress,PORTFOLIO,climate_increment,846240824.2687443
2675,super_stress,PORTFOLIO,climate_increment,1189235033.6018667
2676,super_stress,PORTFOLIO,climate_increment,1072847344.2930176
2677,super_stress,PORTFOLIO,climate_increment,415742390.0494338
2678,super_stress,PORTFOLIO,climate_increment,740253661.6248022
2679,super_stress,PORTFOLIO,climate_increment,628826807.5119221
2680,super_stress,PORTFOLIO,climate_increment,686217513.7368237
2681,super_stress,PORTFOLIO,climate_increment,373191960.7634821
2682,super_stress,PORTFOLIO,climate_increment,471125969.9868224
2683,super_stress,PORTFOLIO,climate_increment,586240024.9933499
2684,super_stress,PORTFOLIO,climate_increment,431038849.6874259
2685,super_stress,PORTFOLIO,climate_increment,982014300.2256054
2686,super_stress,PORTFOLIO,climate_increment,350155053.75381416
2687,super_stress,PORTFOLIO,climate_increment,780299128.3180016
2688,super_stress,PORTFOLIO,climate_increment,918705584.0427759
2689,super_stress,PORTFOLIO,climate_increment,256171063.19142342
2690,super_stress,PORTFOLIO,climate_increment,885581728.887702
2691,super_stress,PORTFOLIO,climate_increment,-402383569.60371697
2692,super_stress,PORTFOLIO,climate_increment,366294549.64397246
2693,super_stress,PORTFOLIO,climate_increment,74027218.18443717
2694,super_stress,PORTFOLIO,climate_increment,61429714.96583955
2695,super_stress,PORTFOLIO,climate_increment,54068615.21017667
2696,super_stress,PORTFOLIO,climate_increment,28560462.610510897
2697,super_stress,PORTFOLIO,climate_increment,654697084.7629236
2698,super_stress,PORTFOLIO,climate_increment,372094805.5654939
2699,super_stress,PORTFOLIO,climate_increment,229644405.35044202
2700,super_stress,PORTFOLIO,climate_increment,781070284.8158406
2701,super_stress,PORTFOLIO,climate_increment,50048618.16773842
2702,super_stress,PORTFOLIO,climate_increment,202697480.78479674
2703,super_stress,PORTFOLIO,climate_increment,738223390.6038457
2704,super_stress,PORTFOLIO,climate_increment,622848090.1888386
2705,super_stress,PORTFOLIO,climate_increment,625438926.503875
2706,super_stress,PORTFOLIO,climate_increment,177174237.4436152
2707,super_stress,PORTFOLIO,climate_increment,543815070.1000174
2708,super_stress,PORTFOLIO,climate_increment,341906135.241496
2709,super_stress,PORTFOLIO,climate_increment,596713495.7769117
2710,super_stress,PORTFOLIO,climate_increment,795152434.4438394
2711,super_stress,PORTFOLIO,climate_increment,430851420.66984963
2712,super_stress,PORTFOLIO,climate_increment,925867050.289109
2713,super_stress,PORTFOLIO,climate_increment,679787512.4761897
2714,super_stress,PORTFOLIO,climate_increment,865210875.3941692
2715,super_stress,PORTFOLIO,climate_increment,966339450.9638759
2716,super_stress,PORTFOLIO,climate_increment,1137171678.0122595
2717,super_stress,PORTFOLIO,climate_increment,171929797.37265402
2718,super_stress,PORTFOLIO,climate_increment,801534646.9818186
2719,super_stress,PORTFOLIO,climate_increment,181062838.31227744
2720,super_stress,PORTFOLIO,climate_increment,344504849.1712169
2721,super_stress,PORTFOLIO,climate_increment,1030457256.2315756
2722,super_stress,PORTFOLIO,climate_increment,228694049.1761243
2723,super_stress,PORTFOLIO,climate_increment,609739167.0942428
2724,super_stress,PORTFOLIO,climate_increment,351441466.58126014
2725,super_stress,PORTFOLIO,climate_increment,811852166.406691
2726,super_stress,PORTFOLIO,climate_increment,529054119.6994505
2727,super_stress,PORTFOLIO,climate_increment,521582992.3480747
2728,super_stress,PORTFOLIO,climate_increment,572774603.3599088
2729,super_stress,PORTFOLIO,climate_increment,755474500.5064212
2730,super_stress,PORTFOLIO,climate_increment,606923077.9410126
2731,super_stress,PORTFOLIO,climate_increment,279390713.2693007
2732,super_stress,PORTFOLIO,climate_increment,769309723.8000711
2733,super_stress,PORTFOLIO,climate_increment,822380700.8286242
2734,super_stress,PORTFOLIO,climate_increment,314436885.7934138
2735,super_stress,PORTFOLIO,climate_increment,503289890.8292834
2736,super_stress,PORTFOLIO,climate_increment,415609827.3657718
2737,super_stress,PORTFOLIO,climate_increment,549028744.2371849
2738,super_stress,PORTFOLIO,climate_increment,665379502.9479593
2739,super_stress,PORTFOLIO,climate_increment,1398290922.720579
2740,super_stress,PORTFOLIO,climate_increment,564071141.0214924
2741,super_stress,PORTFOLIO,climate_increment,671574501.1529953
2742,super_stress,PORTFOLIO,climate_increment,857098507.5406646
2743,super_stress,PORTFOLIO,climate_increment,550087639.3634845
2744,super_stress,PORTFOLIO,climate_increment,342996677.37796664
2745,super_stress,PORTFOLIO,climate_increment,566696299.3154417
2746,super_stress,PORTFOLIO,climate_increment,103231580.83339074
2747,super_stress,PORTFOLIO,climate_increment,794249380.8004864
2748,super_stress,PORTFOLIO,climate_increment,296614737.64743763
2749,super_stress,PORTFOLIO,climate_increment,777260013.3316531
2750,super_stress,PORTFOLIO,climate_increment,260516212.3705496
2751,super_stress,PORTFOLIO,climate_increment,270777931.2922951
2752,super_stress,PORTFOLIO,climate_increment,639685869.0374142
2753,super_stress,PORTFOLIO,climate_increment,95531322.3899688
2754,super_stress,PORTFOLIO,climate_increment,113166264.07917738
2755,super_stress,PORTFOLIO,climate_increment,517495135.0951985
2756,super_stress,PORTFOLIO,climate_increment,297093038.16582847
2757,super_stress,PORTFOLIO,climate_increment,112159012.31989075
2758,super_stress,PORTFOLIO,climate_increment,1033069163.4790553
2759,super_stress,PORTFOLIO,climate_increment,157650366.55409533
2760,super_stress,PORTFOLIO,climate_increment,400846169.0168822
2761,super_stress,PORTFOLIO,climate_increment,232636390.43936715
2762,super_stress,PORTFOLIO,climate_increment,843021449.5460557
2763,super_stress,PORTFOLIO,climate_increment,353953286.00052047
2764,super_stress,PORTFOLIO,climate_increment,393256102.7254469
2765,super_stress,PORTFOLIO,climate_increment,324254008.1745174
2766,super_stress,PORTFOLIO,climate_increment,63785034.894382805
2767,super_stress,PORTFOLIO,climate_increment,853168191.814196
2768,super_stress,PORTFOLIO,climate_increment,661203360.3549042
2769,super_stress,PORTFOLIO,climate_increment,676147222.5189766
2770,super_stress,PORTFOLIO,climate_increment,250589325.680497
2771,super_stress,PORTFOLIO,climate_increment,760165957.8286474
2772,super_stress,PORTFOLIO,climate_increment,402962207.2978536
2773,super_stress,PORTFOLIO,climate_increment,603449912.8296682
2774,super_stress,PORTFOLIO,climate_increment,629421926.9554393
2775,super_stress,PORTFOLIO,climate_increment,558533083.7866237
2776,super_stress,PORTFOLIO,climate_increment,752554110.3251506
2777,super_stress,PORTFOLIO,climate_increment,452426699.6869857
2778,super_stress,PORTFOLIO,climate_increment,862690203.1401733
2779,super_stress,PORTFOLIO,climate_increment,549746590.8043911
2780,super_stress,PORTFOLIO,climate_increment,495324966.9834074
2781,super_stress,PORTFOLIO,climate_increment,293872580.2445477
2782,super_stress,PORTFOLIO,climate_increment,441412953.4793892
2783,super_stress,PORTFOLIO,climate_increment,235883519.66988987
2784,super_stress,PORTFOLIO,climate_increment,839556025.9168892
2785,super_stress,PORTFOLIO,climate_increment,699408914.7163228
2786,super_stress,PORTFOLIO,climate_increment,421910875.8034007
2787,super_stress,PORTFOLIO,climate_increment,241439167.98860347
2788,super_stress,PORTFOLIO,climate_increment,680715747.4531616
2789,super_stress,PORTFOLIO,climate_increment,565120972.5764207
2790,super_stress,PORTFOLIO,climate_increment,368358249.56366587
2791,super_stress,PORTFOLIO,climate_increment,816304736.4612106
2792,super_stress,PORTFOLIO,climate_increment,380782322.31827885
2793,super_stress,PORTFOLIO,climate_increment,400057826.93331933
2794,super_stress,PORTFOLIO,climate_increment,637294171.5003002
2795,super_stress,PORTFOLIO,climate_increment,524710249.87764674
2796,super_stress,PORTFOLIO,climate_increment,501804166.8882092
2797,super_stress,PORTFOLIO,climate_increment,329470861.3095827
2798,super_stress,PORTFOLIO,climate_increment,399006191.821434
2799,super_stress,PORTFOLIO,climate_increment,619975243.2092471
2800,super_stress,PORTFOLIO,climate_increment,649714545.1529675
2801,super_stress,PORTFOLIO,climate_increment,459941096.0214773
2802,super_stress,PORTFOLIO,climate_increment,92890502.63311888
2803,super_stress,PORTFOLIO,climate_increment,711530553.3909858
2804,super_stress,PORTFOLIO,climate_increment,382997869.1702492
2805,super_stress,PORTFOLIO,climate_increment,482665632.652167
2806,super_stress,PORTFOLIO,climate_increment,177370673.15937254
2807,super_stress,PORTFOLIO,climate_increment,257924433.27884156
2808,super_stress,PORTFOLIO,climate_increment,584199299.153724
2809,super_stress,PORTFOLIO,climate_increment,373668372.24872386
2810,super_stress,PORTFOLIO,climate_increment,206750784.88278002
2811,super_stress,PORTFOLIO,climate_increment,517134634.3379216
2812,super_stress,PORTFOLIO,climate_increment,456643118.7623552
2813,super_stress,PORTFOLIO,climate_increment,1112072025.443725
2814,super_stress,PORTFOLIO,climate_increment,857658889.8178566
2815,super_stress,PORTFOLIO,climate_increment,549807946.0686659
2816,super_stress,PORTFOLIO,climate_increment,450019683.27493805
2817,super_stress,PORTFOLIO,climate_increment,957429762.9618611
2818,super_stress,PORTFOLIO,climate_increment,443884480.86068296
2819,super_stress,PORTFOLIO,climate_increment,224325751.8983816
2820,super_stress,PORTFOLIO,climate_increment,366555258.65151966
2821,super_stress,PORTFOLIO,climate_increment,549711867.5022951
2822,super_stress,PORTFOLIO,climate_increment,150727150.58034688
2823,super_stress,PORTFOLIO,climate_increment,807098251.9784136
2824,super_stress,PORTFOLIO,climate_increment,400734879.99207807
2825,super_stress,PORTFOLIO,climate_increment,-309668152.61150634
2826,super_stress,PORTFOLIO,climate_increment,545728294.8232628
2827,super_stress,PORTFOLIO,climate_increment,-148730576.5229006
2828,super_stress,PORTFOLIO,climate_increment,194855027.33643737
2829,super_stress,PORTFOLIO,climate_increment,669719524.6364753
2830,super_stress,PORTFOLIO,climate_increment,66987113.12043639
2831,super_stress,PORTFOLIO,climate_increment,389151779.7625182
2832,super_stress,PORTFOLIO,climate_increment,669558092.5862824
2833,super_stress,PORTFOLIO,climate_increment,582151224.2422019
2834,super_stress,PORTFOLIO,climate_increment,523306994.0454943
2835,super_stress,PORTFOLIO,climate_increment,692501411.6724739
2836,super_stress,PORTFOLIO,climate_increment,665921481.0832843
2837,super_stress,PORTFOLIO,climate_increment,129800873.58888453
2838,super_stress,PORTFOLIO,climate_increment,658780153.6407102
2839,super_stress,PORTFOLIO,climate_increment,-175969387.23055542
2840,super_stress,PORTFOLIO,climate_increment,-98785903.50291336
2841,super_stress,PORTFOLIO,climate_increment,183609206.56532994
2842,super_stress,PORTFOLIO,climate_increment,352232819.8853936
2843,super_stress,PORTFOLIO,climate_increment,271887498.49272287
2844,super_stress,PORTFOLIO,climate_increment,873174853.9685465
2845,super_stress,PORTFOLIO,climate_increment,200423968.80908465
2846,super_stress,PORTFOLIO,climate_increment,529159980.6744468
2847,super_stress,PORTFOLIO,climate_increment,517922972.5284216
2848,super_stress,PORTFOLIO,climate_increment,794578621.0956631
2849,super_stress,PORTFOLIO,climate_increment,295260295.6281255
2850,super_stress,PORTFOLIO,climate_increment,376346581.2855534
2851,super_stress,PORTFOLIO,climate_increment,397468644.8946611
2852,super_stress,PORTFOLIO,climate_increment,794446453.8064109
2853,super_stress,PORTFOLIO,climate_increment,339476133.362806
2854,super_stress,PORTFOLIO,climate_increment,432489725.6966834
2855,super_stress,PORTFOLIO,climate_increment,484900232.55845916
2856,super_stress,PORTFOLIO,climate_increment,280580577.6441231
2857,super_stress,PORTFOLIO,climate_increment,311884230.8747463
2858,super_stress,PORTFOLIO,climate_increment,554761342.0725647
2859,super_stress,PORTFOLIO,climate_increment,750138037.8434726
2860,super_stress,PORTFOLIO,climate_increment,123714080.86927943
2861,super_stress,PORTFOLIO,climate_increment,185056406.62055847
2862,super_stress,PORTFOLIO,climate_increment,414210824.35118914
2863,super_stress,PORTFOLIO,climate_increment,262007116.27162096
2864,super_stress,PORTFOLIO,climate_increment,380956893.5313047
2865,super_stress,PORTFOLIO,climate_increment,258009035.66975185
2866,super_stress,PORTFOLIO,climate_increment,468005526.68342566
2867,super_stress,PORTFOLIO,climate_increment,543911573.438699
2868,super_stress,PORTFOLIO,climate_increment,755166067.2593615
2869,super_stress,PORTFOLIO,climate_increment,386330266.71264434
2870,super_stress,PORTFOLIO,climate_increment,259979853.58335134
2871,super_stress,PORTFOLIO,climate_increment,587638764.6517622
2872,super_stress,PORTFOLIO,climate_increment,584620687.3288741
2873,super_stress,PORTFOLIO,climate_increment,454981262.61974245
2874,super_stress,PORTFOLIO,climate_increment,348073004.92353696
2875,super_stress,PORTFOLIO,climate_increment,94481523.30828026
2876,super_stress,PORTFOLIO,climate_increment,928447947.3368201
2877,super_stress,PORTFOLIO,climate_increment,588586863.8812106
2878,super_stress,PORTFOLIO,climate_increment,253909340.7344589
2879,super_stress,PORTFOLIO,climate_increment,611793700.857611
2880,super_stress,PORTFOLIO,climate_increment,351130140.2699581
2881,super_stress,PORTFOLIO,climate_increment,258666101.60693946
2882,super_stress,PORTFOLIO,climate_increment,69558355.69775155
2883,super_stress,PORTFOLIO,climate_increment,749233069.7093039
2884,super_stress,PORTFOLIO,climate_increment,409383084.07173556
2885,super_stress,PORTFOLIO,climate_increment,210551445.16687375
2886,super_stress,PORTFOLIO,climate_increment,1202004930.4916348
2887,super_stress,PORTFOLIO,climate_increment,829994770.0976952
2888,super_stress,PORTFOLIO,climate_increment,282026460.7263307
2889,super_stress,PORTFOLIO,climate_increment,439682326.3975131
2890,super_stress,PORTFOLIO,climate_increment,515615382.64082277
2891,super_stress,PORTFOLIO,climate_increment,186966402.66618037
2892,super_stress,PORTFOLIO,climate_increment,421904805.01204926
2893,super_stress,PORTFOLIO,climate_increment,110998461.69480279
2894,super_stress,PORTFOLIO,climate_increment,95997366.01702854
2895,super_stress,PORTFOLIO,climate_increment,237914089.3745707
2896,super_stress,PORTFOLIO,climate_increment,220541529.40202054
2897,super_stress,PORTFOLIO,climate_increment,337008082.6770232
2898,super_stress,PORTFOLIO,climate_increment,526704450.59332305
2899,super_stress,PORTFOLIO,climate_increment,916468212.4435464
2900,super_stress,PORTFOLIO,climate_increment,153208914.3500367
2901,super_stress,PORTFOLIO,climate_increment,553985493.3495532
2902,super_stress,PORTFOLIO,climate_increment,477838864.19297445
2903,super_stress,PORTFOLIO,climate_increment,604760468.9335238
2904,super_stress,PORTFOLIO,climate_increment,370306135.2965933
2905,super_stress,PORTFOLIO,climate_increment,1217894831.9531453
2906,super_stress,PORTFOLIO,climate_increment,509619069.69405305
2907,super_stress,PORTFOLIO,climate_increment,-30954079.024376098
2908,super_stress,PORTFOLIO,climate_increment,253790344.15267327
2909,super_stress,PORTFOLIO,climate_increment,308164466.7966724
2910,super_stress,PORTFOLIO,climate_increment,264165932.92697677
2911,super_stress,PORTFOLIO,climate_increment,657701411.4697701
2912,super_stress,PORTFOLIO,climate_increment,627279049.6620394
2913,super_stress,PORTFOLIO,climate_increment,214095897.5570849
2914,super_stress,PORTFOLIO,climate_increment,367696916.389433
2915,super_stress,PORTFOLIO,climate_increment,966579058.3809332
2916,super_stress,PORTFOLIO,climate_increment,210757817.27328396
2917,super_stress,PORTFOLIO,climate_increment,330191212.30386543
2918,super_stress,PORTFOLIO,climate_increment,220795208.89101294
2919,super_stress,PORTFOLIO,climate_increment,358455216.07219917
2920,super_stress,PORTFOLIO,climate_increment,608431931.2055328
2921,super_stress,PORTFOLIO,climate_increment,576536822.3143849
2922,super_stress,PORTFOLIO,climate_increment,628168057.018838
2923,super_stress,PORTFOLIO,climate_increment,528992200.561005
2924,super_stress,PORTFOLIO,climate_increment,327138616.95286816
2925,super_stress,PORTFOLIO,climate_increment,398757479.10957944
2926,super_stress,PORTFOLIO,climate_increment,791777514.8284792
2927,super_stress,PORTFOLIO,climate_increment,261401960.91305727
2928,super_stress,PORTFOLIO,climate_increment,787208309.9578453
2929,super_stress,PORTFOLIO,climate_increment,635309964.1846352
2930,super_stress,PORTFOLIO,climate_increment,356979394.1856169
2931,super_stress,PORTFOLIO,climate_increment,754326726.7369819
2932,super_stress,PORTFOLIO,climate_increment,551249129.8918431
2933,super_stress,PORTFOLIO,climate_increment,701675337.0931947
2934,super_stress,PORTFOLIO,climate_increment,814763264.2295445
2935,super_stress,PORTFOLIO,climate_increment,471743787.0406115
2936,super_stress,PORTFOLIO,climate_increment,-9474244.037060887
2937,super_stress,PORTFOLIO,climate_increment,6809386.295592252
2938,super_stress,PORTFOLIO,climate_increment,411922355.2796835
2939,super_stress,PORTFOLIO,climate_increment,318808615.83831465
2940,super_stress,PORTFOLIO,climate_increment,945442144.7176838
2941,super_stress,PORTFOLIO,climate_increment,417209911.6301217
2942,super_stress,PORTFOLIO,climate_increment,456053399.9618374
2943,super_stress,PORTFOLIO,climate_increment,625624056.1490592
2944,super_stress,PORTFOLIO,climate_increment,-35569191.244392365
2945,super_stress,PORTFOLIO,climate_increment,809830436.1182443
2946,super_stress,PORTFOLIO,climate_increment,371453286.47117597
2947,super_stress,PORTFOLIO,climate_increment,1100686156.6211138
2948,super_stress,PORTFOLIO,climate_increment,947857491.5133709
2949,super_stress,PORTFOLIO,climate_increment,719792160.5085744
2950,super_stress,PORTFOLIO,climate_increment,245015801.24170434
2951,super_stress,PORTFOLIO,climate_increment,308282259.0645935
2952,super_stress,PORTFOLIO,climate_increment,632614872.7913847
2953,super_stress,PORTFOLIO,climate_increment,665466579.2232825
2954,super_stress,PORTFOLIO,climate_increment,29831311.532996718
2955,super_stress,PORTFOLIO,climate_increment,339055504.24096286
2956,super_stress,PORTFOLIO,climate_increment,-18219725.880373124
2957,super_stress,PORTFOLIO,climate_increment,956352647.4300704
2958,super_stress,PORTFOLIO,climate_increment,536407862.44448394
2959,super_stress,PORTFOLIO,climate_increment,283317715.99091315
2960,super_stress,PORTFOLIO,climate_increment,252124144.2533054
2961,super_stress,PORTFOLIO,climate_increment,331346440.8356075
2962,super_stress,PORTFOLIO,climate_increment,177757829.01943645
2963,super_stress,PORTFOLIO,climate_increment,699292683.1557882
2964,super_stress,PORTFOLIO,climate_increment,366332069.3568787
2965,super_stress,PORTFOLIO,climate_increment,349418720.1564573
2966,super_stress,PORTFOLIO,climate_increment,321962648.4143346
2967,super_stress,PORTFOLIO,climate_increment,206534550.6681783
2968,super_stress,PORTFOLIO,climate_increment,353808695.3952969
2969,super_stress,PORTFOLIO,climate_increment,503401560.9578802
2970,super_stress,PORTFOLIO,climate_increment,448718815.03182554
2971,super_stress,PORTFOLIO,climate_increment,746077211.1860317
2972,super_stress,PORTFOLIO,climate_increment,408226075.5169615
2973,super_stress,PORTFOLIO,climate_increment,791156609.144858
2974,super_stress,PORTFOLIO,climate_increment,823048184.2346507
2975,super_stress,PORTFOLIO,climate_increment,524666421.7686972
2976,super_stress,PORTFOLIO,climate_increment,720852344.3168865
2977,super_stress,PORTFOLIO,climate_increment,807304330.6404973
2978,super_stress,PORTFOLIO,climate_increment,896549984.3469102
2979,super_stress,PORTFOLIO,climate_increment,465903853.3751461
2980,super_stress,PORTFOLIO,climate_increment,673659647.316346
2981,super_stress,PORTFOLIO,climate_increment,740099480.3919803
2982,super_stress,PORTFOLIO,climate_increment,890486813.0118871
2983,super_stress,PORTFOLIO,climate_increment,380860509.1325979
2984,super_stress,PORTFOLIO,climate_increment,597002382.6455843
2985,super_stress,PORTFOLIO,climate_increment,443476446.433128
2986,super_stress,PORTFOLIO,climate_increment,630385805.2018404
2987,super_stress,PORTFOLIO,climate_increment,357824919.2056574
2988,super_stress,PORTFOLIO,climate_increment,932149505.2659988
2989,super_stress,PORTFOLIO,climate_increment,245056514.2147732
2990,super_stress,PORTFOLIO,climate_increment,543893368.7755778
2991,super_stress,PORTFOLIO,climate_increment,416317055.51891387
2992,super_stress,PORTFOLIO,climate_increment,290172705.8768834
2993,super_stress,PORTFOLIO,climate_increment,1264445429.5099943
2994,super_stress,PORTFOLIO,climate_increment,257149743.1998861
2995,super_stress,PORTFOLIO,climate_increment,200115596.79628828
2996,super_stress,PORTFOLIO,climate_increment,793433655.0391462
2997,super_stress,PORTFOLIO,climate_increment,421375955.6512334
2998,super_stress,PORTFOLIO,climate_increment,410867733.28479797
2999,super_stress,PORTFOLIO,climate_increment,748983144.3442185
3000,super_stress,PORTFOLIO,climate_increment,666279926.9652953
3001,super_stress,PORTFOLIO,climate_increment,564779971.2896396
3002,super_stress,PORTFOLIO,climate_increment,480964401.9431915
3003,super_stress,PORTFOLIO,climate_increment,1452511531.6180854
3004,super_stress,PORTFOLIO,climate_increment,634729889.9326999
3005,super_stress,PORTFOLIO,climate_increment,1165957683.1074154
3006,super_stress,PORTFOLIO,climate_increment,358156791.51904476
3007,super_stress,PORTFOLIO,climate_increment,582449350.0889547
3008,super_stress,PORTFOLIO,climate_increment,389718623.03075874
3009,super_stress,PORTFOLIO,climate_increment,376950632.51991594
3010,super_stress,PORTFOLIO,climate_increment,60460652.97115343
3011,super_stress,PORTFOLIO,climate_increment,556257071.9610724
3012,super_stress,PORTFOLIO,climate_increment,420033089.2004598
3013,super_stress,PORTFOLIO,climate_increment,-11378245.877231797
3014,super_stress,PORTFOLIO,climate_increment,67568171.64734407
3015,super_stress,PORTFOLIO,climate_increment,481716393.7111233
3016,super_stress,PORTFOLIO,climate_increment,617068826.0360101
3017,super_stress,PORTFOLIO,climate_increment,833754689.6457566
3018,super_stress,PORTFOLIO,climate_increment,385111689.032577
3019,super_stress,PORTFOLIO,climate_increment,583258664.9620446
3020,super_stress,PORTFOLIO,climate_increment,284784503.0566478
3021,super_stress,PORTFOLIO,climate_increment,-369453636.45463985
3022,super_stress,PORTFOLIO,climate_increment,644915974.3303754
3023,super_stress,PORTFOLIO,climate_increment,153189637.81150696
3024,super_stress,PORTFOLIO,climate_increment,668222826.6016836
3025,super_stress,PORTFOLIO,climate_increment,244010986.50558403
3026,super_stress,PORTFOLIO,climate_increment,767083241.8275285
3027,super_stress,PORTFOLIO,climate_increment,431853486.9016249
3028,super_stress,PORTFOLIO,climate_increment,210946544.45264104
3029,super_stress,PORTFOLIO,climate_increment,362981028.3136277
3030,super_stress,PORTFOLIO,climate_increment,358807078.1375775
3031,super_stress,PORTFOLIO,climate_increment,561447001.2023909
3032,super_stress,PORTFOLIO,climate_increment,530577032.4605863
3033,super_stress,PORTFOLIO,climate_increment,875906927.3778651
3034,super_stress,PORTFOLIO,climate_increment,361345403.36455023
3035,super_stress,PORTFOLIO,climate_increment,289868766.092011
3036,super_stress,PORTFOLIO,climate_increment,1038875268.1561391
3037,super_stress,PORTFOLIO,climate_increment,209221085.71934345
3038,super_stress,PORTFOLIO,climate_increment,134156419.15375733
3039,super_stress,PORTFOLIO,climate_increment,773156581.1542003
3040,super_stress,PORTFOLIO,climate_increment,161570982.81635803
3041,super_stress,PORTFOLIO,climate_increment,398040434.79053974
3042,super_stress,PORTFOLIO,climate_increment,229747748.51609975
3043,super_stress,PORTFOLIO,climate_increment,1228142046.9573584
3044,super_stress,PORTFOLIO,climate_increment,216624075.7739923
3045,super_stress,PORTFOLIO,climate_increment,214558029.59239337
3046,super_stress,PORTFOLIO,climate_increment,-205818829.32094154
3047,super_stress,PORTFOLIO,climate_increment,717804980.8752029
3048,super_stress,PORTFOLIO,climate_increment,542429373.0945992
3049,super_stress,PORTFOLIO,climate_increment,90124610.96924303
3050,super_stress,PORTFOLIO,climate_increment,664712738.8678883
3051,super_stress,PORTFOLIO,climate_increment,190713545.24800506
3052,super_stress,PORTFOLIO,climate_increment,894287600.8749282
3053,super_stress,PORTFOLIO,climate_increment,230135847.79301187
3054,super_stress,PORTFOLIO,climate_increment,179217104.98828608
3055,super_stress,PORTFOLIO,climate_increment,306278743.5157295
3056,super_stress,PORTFOLIO,climate_increment,600541093.0802511
3057,super_stress,PORTFOLIO,climate_increment,831155841.2800701
3058,super_stress,PORTFOLIO,climate_increment,131950530.90400015
3059,super_stress,PORTFOLIO,climate_increment,72475166.46449623
3060,super_stress,PORTFOLIO,climate_increment,621883951.0265101
3061,super_stress,PORTFOLIO,climate_increment,830700221.1212853
3062,super_stress,PORTFOLIO,climate_increment,549425392.034439
3063,super_stress,PORTFOLIO,climate_increment,1221149503.2681906
3064,super_stress,PORTFOLIO,climate_increment,599436179.2247918
3065,super_stress,PORTFOLIO,climate_increment,831105843.7653613
3066,super_stress,PORTFOLIO,climate_increment,144626589.23176664
3067,super_stress,PORTFOLIO,climate_increment,411839482.1106464
3068,super_stress,PORTFOLIO,climate_increment,120469685.94783741
3069,super_stress,PORTFOLIO,climate_increment,277560887.8722364
3070,super_stress,PORTFOLIO,climate_increment,223035104.4524099
3071,super_stress,PORTFOLIO,climate_increment,-2316161.388132834
3072,super_stress,PORTFOLIO,climate_increment,340921112.2401363
3073,super_stress,PORTFOLIO,climate_increment,-141756948.17636302
3074,super_stress,PORTFOLIO,climate_increment,416390352.6782532
3075,super_stress,PORTFOLIO,climate_increment,1014651885.0067223
3076,super_stress,PORTFOLIO,climate_increment,430501903.01030815
3077,super_stress,PORTFOLIO,climate_increment,151855223.85741827
3078,super_stress,PORTFOLIO,climate_increment,820026588.9819546
3079,super_stress,PORTFOLIO,climate_increment,256038400.01166674
3080,super_stress,PORTFOLIO,climate_increment,296569766.64173335
3081,super_stress,PORTFOLIO,climate_increment,430940822.6530435
3082,super_stress,PORTFOLIO,climate_increment,407712334.5867505
3083,super_stress,PORTFOLIO,climate_increment,126978172.57613537
3084,super_stress,PORTFOLIO,climate_increment,849060867.3846734
3085,super_stress,PORTFOLIO,climate_increment,554330362.4317929
3086,super_stress,PORTFOLIO,climate_increment,177259986.80653918
3087,super_stress,PORTFOLIO,climate_increment,699295607.6366124
3088,super_stress,PORTFOLIO,climate_increment,311570924.4808836
3089,super_stress,PORTFOLIO,climate_increment,687332473.2653956
3090,super_stress,PORTFOLIO,climate_increment,479057919.34857327
3091,super_stress,PORTFOLIO,climate_increment,672681649.339063
3092,super_stress,PORTFOLIO,climate_increment,494771847.5441918
3093,super_stress,PORTFOLIO,climate_increment,806008833.3492807
3094,super_stress,PORTFOLIO,climate_increment,498004632.85848165
3095,super_stress,PORTFOLIO,climate_increment,541976989.6786339
3096,super_stress,PORTFOLIO,climate_increment,-261037990.79375765
3097,super_stress,PORTFOLIO,climate_increment,63399198.178413354
3098,super_stress,PORTFOLIO,climate_increment,203070406.45852187
3099,super_stress,PORTFOLIO,climate_increment,222296892.21552956
3100,super_stress,PORTFOLIO,climate_increment,778549183.7250403
3101,super_stress,PORTFOLIO,climate_increment,359600327.9395526
3102,super_stress,PORTFOLIO,climate_increment,1385152654.9654174
3103,super_stress,PORTFOLIO,climate_increment,320075945.16066813
3104,super_stress,PORTFOLIO,climate_increment,557363597.5787323
3105,super_stress,PORTFOLIO,climate_increment,838405857.9094256
3106,super_stress,PORTFOLIO,climate_increment,459614507.2404669
3107,super_stress,PORTFOLIO,climate_increment,129178731.13052674
3108,super_stress,PORTFOLIO,climate_increment,370262375.3343062
3109,super_stress,PORTFOLIO,climate_increment,1073995686.7070708
3110,super_stress,PORTFOLIO,climate_increment,-23505077.312725864
3111,super_stress,PORTFOLIO,climate_increment,-305026434.21586573
3112,super_stress,PORTFOLIO,climate_increment,456770758.70380855
3113,super_stress,PORTFOLIO,climate_increment,457657656.0457042
3114,super_stress,PORTFOLIO,climate_increment,717710079.5765412
3115,super_stress,PORTFOLIO,climate_increment,265495541.22303584
3116,super_stress,PORTFOLIO,climate_increment,761334515.824898
3117,super_stress,PORTFOLIO,climate_increment,-48814935.405016825
3118,super_stress,PORTFOLIO,climate_increment,413779609.25691617
3119,super_stress,PORTFOLIO,climate_increment,160370014.02580506
3120,super_stress,PORTFOLIO,climate_increment,465837343.67118704
3121,super_stress,PORTFOLIO,climate_increment,361401410.12869453
3122,super_stress,PORTFOLIO,climate_increment,290105670.6117297
3123,super_stress,PORTFOLIO,climate_increment,300077091.57410514
3124,super_stress,PORTFOLIO,climate_increment,249268518.3099908
3125,super_stress,PORTFOLIO,climate_increment,869822981.7128445
3126,super_stress,PORTFOLIO,climate_increment,474569711.01325655
3127,super_stress,PORTFOLIO,climate_increment,558029778.2958307
3128,super_stress,PORTFOLIO,climate_increment,119030721.2885619
3129,super_stress,PORTFOLIO,climate_increment,176851050.6625601
3130,super_stress,PORTFOLIO,climate_increment,345706046.52304345
3131,super_stress,PORTFOLIO,climate_increment,475169230.43054795
3132,super_stress,PORTFOLIO,climate_increment,1097551513.1256294
3133,super_stress,PORTFOLIO,climate_increment,670006225.2708924
3134,super_stress,PORTFOLIO,climate_increment,1016305679.1366762
3135,super_stress,PORTFOLIO,climate_increment,1114797737.8366342
3136,super_stress,PORTFOLIO,climate_increment,648951829.6699165
3137,super_stress,PORTFOLIO,climate_increment,536981683.1894494
3138,super_stress,PORTFOLIO,climate_increment,717268757.0913603
3139,super_stress,PORTFOLIO,climate_increment,457622735.0764758
3140,super_stress,PORTFOLIO,climate_increment,348907270.9088219
3141,super_stress,PORTFOLIO,climate_increment,214994382.31261465
3142,super_stress,PORTFOLIO,climate_increment,558870938.1298224
3143,super_stress,PORTFOLIO,climate_increment,-42996114.544801675
3144,super_stress,PORTFOLIO,climate_increment,120425547.74882632
3145,super_stress,PORTFOLIO,climate_increment,741972187.5569621
3146,super_stress,PORTFOLIO,climate_increment,143888900.75581747
3147,super_stress,PORTFOLIO,climate_increment,369795200.7391725
3148,super_stress,PORTFOLIO,climate_increment,726139060.8475128
3149,super_stress,PORTFOLIO,climate_increment,98543517.52524412
3150,super_stress,PORTFOLIO,climate_increment,649769509.8404814
3151,super_stress,PORTFOLIO,climate_increment,524988680.80922866
3152,super_stress,PORTFOLIO,climate_increment,672411370.2474098
3153,super_stress,PORTFOLIO,climate_increment,1081200711.0347877
3154,super_stress,PORTFOLIO,climate_increment,635443659.6901479
3155,super_stress,PORTFOLIO,climate_increment,558694294.2960858
3156,super_stress,PORTFOLIO,climate_increment,1348228296.8216188
3157,super_stress,PORTFOLIO,climate_increment,769391210.6411687
3158,super_stress,PORTFOLIO,climate_increment,306309450.7173182
3159,super_stress,PORTFOLIO,climate_increment,290588517.7616401
3160,super_stress,PORTFOLIO,climate_increment,742443017.1308454
3161,super_stress,PORTFOLIO,climate_increment,462487929.41699106
3162,super_stress,PORTFOLIO,climate_increment,193181825.66239694
3163,super_stress,PORTFOLIO,climate_increment,461491196.8032193
3164,super_stress,PORTFOLIO,climate_increment,754165819.3958473
3165,super_stress,PORTFOLIO,climate_increment,900525019.9931781
3166,super_stress,PORTFOLIO,climate_increment,498788042.5181199
3167,super_stress,PORTFOLIO,climate_increment,516177679.4353146
3168,super_stress,PORTFOLIO,climate_increment,161725557.7987817
3169,super_stress,PORTFOLIO,climate_increment,604489852.6730056
3170,super_stress,PORTFOLIO,climate_increment,202541170.2268524
3171,super_stress,PORTFOLIO,climate_increment,844952620.7518551
3172,super_stress,PORTFOLIO,climate_increment,216155899.52708143
3173,super_stress,PORTFOLIO,climate_increment,520844476.6005122
3174,super_stress,PORTFOLIO,climate_increment,198518360.72854367
3175,super_stress,PORTFOLIO,climate_increment,617439488.3241866
3176,super_stress,PORTFOLIO,climate_increment,1065646785.6134303
3177,super_stress,PORTFOLIO,climate_increment,368103318.2471568
3178,super_stress,PORTFOLIO,climate_increment,413943800.1027046
3179,super_stress,PORTFOLIO,climate_increment,808527359.2886678
3180,super_stress,PORTFOLIO,climate_increment,62094866.09553225
3181,super_stress,PORTFOLIO,climate_increment,820848978.9873939
3182,super_stress,PORTFOLIO,climate_increment,347024554.5049678
3183,super_stress,PORTFOLIO,climate_increment,-761295.3581423082
3184,super_stress,PORTFOLIO,climate_increment,225400628.3743976
3185,super_stress,PORTFOLIO,climate_increment,753150331.8694679
3186,super_stress,PORTFOLIO,climate_increment,948378977.1201874
3187,super_stress,PORTFOLIO,climate_increment,484152100.61778915
3188,super_stress,PORTFOLIO,climate_increment,723394854.8878945
3189,super_stress,PORTFOLIO,climate_increment,447536082.39572394
3190,super_stress,PORTFOLIO,climate_increment,224665349.1676178
3191,super_stress,PORTFOLIO,climate_increment,389403802.4129161
3192,super_stress,PORTFOLIO,climate_increment,508875958.38236034
3193,super_stress,PORTFOLIO,climate_increment,378806277.6661012
3194,super_stress,PORTFOLIO,climate_increment,190723744.36849573
3195,super_stress,PORTFOLIO,climate_increment,651345173.101094
3196,super_stress,PORTFOLIO,climate_increment,491398405.6347431
3197,super_stress,PORTFOLIO,climate_increment,85266076.689301
3198,super_stress,PORTFOLIO,climate_increment,297660189.614836
3199,super_stress,PORTFOLIO,climate_increment,574637430.0467663
3200,super_stress,PORTFOLIO,climate_increment,438923697.8848119
3201,super_stress,PORTFOLIO,climate_increment,340597554.2958863
3202,super_stress,PORTFOLIO,climate_increment,73208460.18947324
3203,super_stress,PORTFOLIO,climate_increment,241727275.77708995
3204,super_stress,PORTFOLIO,climate_increment,734586830.3401053
3205,super_stress,PORTFOLIO,climate_increment,221195345.44341904
3206,super_stress,PORTFOLIO,climate_increment,269941470.15237886
3207,super_stress,PORTFOLIO,climate_increment,486385970.5006914
3208,super_stress,PORTFOLIO,climate_increment,451409925.3588775
3209,super_stress,PORTFOLIO,climate_increment,394470730.02208054
3210,super_stress,PORTFOLIO,climate_increment,547061681.6337651
3211,super_stress,PORTFOLIO,climate_increment,649110724.6818718
3212,super_stress,PORTFOLIO,climate_increment,879057868.7449067
3213,super_stress,PORTFOLIO,climate_increment,467971213.74592674
3214,super_stress,PORTFOLIO,climate_increment,279847995.2822786
3215,super_stress,PORTFOLIO,climate_increment,527848659.6559716
3216,super_stress,PORTFOLIO,climate_increment,557937342.8480794
3217,super_stress,PORTFOLIO,climate_increment,294306513.41760147
3218,super_stress,PORTFOLIO,climate_increment,585502198.1857675
3219,super_stress,PORTFOLIO,climate_increment,322761400.4948723
3220,super_stress,PORTFOLIO,climate_increment,369008108.92951727
3221,super_stress,PORTFOLIO,climate_increment,826405833.1737295
3222,super_stress,PORTFOLIO,climate_increment,1079213049.3048549
3223,super_stress,PORTFOLIO,climate_increment,670075880.0639968
3224,super_stress,PORTFOLIO,climate_increment,787412234.6764334
3225,super_stress,PORTFOLIO,climate_increment,408321591.7136502
3226,super_stress,PORTFOLIO,climate_increment,577893785.3398477
3227,super_stress,PORTFOLIO,climate_increment,407569944.1326729
3228,super_stress,PORTFOLIO,climate_increment,693547866.8408517
3229,super_stress,PORTFOLIO,climate_increment,517909817.13980347
3230,super_stress,PORTFOLIO,climate_increment,770563419.8492972
3231,super_stress,PORTFOLIO,climate_increment,563729152.0976428
3232,super_stress,PORTFOLIO,climate_increment,311248370.89235884
3233,super_stress,PORTFOLIO,climate_increment,540761485.5094314
3234,super_stress,PORTFOLIO,climate_increment,-208703278.25355908
3235,super_stress,PORTFOLIO,climate_increment,-156963243.26933172
3236,super_stress,PORTFOLIO,climate_increment,439056661.908478
3237,super_stress,PORTFOLIO,climate_increment,610410988.9992605
3238,super_stress,PORTFOLIO,climate_increment,1094292584.7429843
3239,super_stress,PORTFOLIO,climate_increment,-78950053.39208855
3240,super_stress,PORTFOLIO,climate_increment,126478912.97889982
3241,super_stress,PORTFOLIO,climate_increment,311304893.5249959
3242,super_stress,PORTFOLIO,climate_increment,438678944.19914865
3243,super_stress,PORTFOLIO,climate_increment,579358301.5960722
3244,super_stress,PORTFOLIO,climate_increment,443104082.73704237
3245,super_stress,PORTFOLIO,climate_increment,821607995.0580578
3246,super_stress,PORTFOLIO,climate_increment,518610157.68461156
3247,super_stress,PORTFOLIO,climate_increment,1142180701.2719307
3248,super_stress,PORTFOLIO,climate_increment,420245777.3094954
3249,super_stress,PORTFOLIO,climate_increment,632512306.1099817
3250,super_stress,PORTFOLIO,climate_increment,371306049.12395877
3251,super_stress,PORTFOLIO,climate_increment,599320087.3156286
3252,super_stress,PORTFOLIO,climate_increment,513869556.4134597
3253,super_stress,PORTFOLIO,climate_increment,371514043.58463156
3254,super_stress,PORTFOLIO,climate_increment,512483906.7088798
3255,super_stress,PORTFOLIO,climate_increment,448652518.08260447
3256,super_stress,PORTFOLIO,climate_increment,719126284.6811229
3257,super_stress,PORTFOLIO,climate_increment,1619886223.7669444
3258,super_stress,PORTFOLIO,climate_increment,1049917707.7036046
3259,super_stress,PORTFOLIO,climate_increment,528633899.36503756
3260,super_stress,PORTFOLIO,climate_increment,483152971.6451499
3261,super_stress,PORTFOLIO,climate_increment,379630074.03063494
3262,super_stress,PORTFOLIO,climate_increment,364142527.2248025
3263,super_stress,PORTFOLIO,climate_increment,477519070.5949907
3264,super_stress,PORTFOLIO,climate_increment,325374910.5320256
3265,super_stress,PORTFOLIO,climate_increment,508973177.97320616
3266,super_stress,PORTFOLIO,climate_increment,383245562.18316835
3267,super_stress,PORTFOLIO,climate_increment,282091027.15478307
3268,super_stress,PORTFOLIO,climate_increment,491628348.9793249
3269,super_stress,PORTFOLIO,climate_increment,473730627.7779202
3270,super_stress,PORTFOLIO,climate_increment,338700026.2524688
3271,super_stress,PORTFOLIO,climate_increment,857253173.0938609
3272,super_stress,PORTFOLIO,climate_increment,712769861.359149
3273,super_stress,PORTFOLIO,climate_increment,392972766.370063
3274,super_stress,PORTFOLIO,climate_increment,1056880024.4969254
3275,super_stress,PORTFOLIO,climate_increment,254739469.4732326
3276,super_stress,PORTFOLIO,climate_increment,435830155.4759717
3277,super_stress,PORTFOLIO,climate_increment,573816946.1109476
3278,super_stress,PORTFOLIO,climate_increment,880803569.2624577
3279,super_stress,PORTFOLIO,climate_increment,542486280.6288671
3280,super_stress,PORTFOLIO,climate_increment,147874705.81694883
3281,super_stress,PORTFOLIO,climate_increment,373475858.58344334
3282,super_stress,PORTFOLIO,climate_increment,266030159.96987328
3283,super_stress,PORTFOLIO,climate_increment,473098502.08470803
3284,super_stress,PORTFOLIO,climate_increment,791395850.0096128
3285,super_stress,PORTFOLIO,climate_increment,770055752.4080002
3286,super_stress,PORTFOLIO,climate_increment,314228912.3794618
3287,super_stress,PORTFOLIO,climate_increment,766780417.6961317
3288,super_stress,PORTFOLIO,climate_increment,298575793.8415152
3289,super_stress,PORTFOLIO,climate_increment,997922200.5955926
3290,super_stress,PORTFOLIO,climate_increment,322099120.2613502
3291,super_stress,PORTFOLIO,climate_increment,803736095.475349
3292,super_stress,PORTFOLIO,climate_increment,507107663.4057918
3293,super_stress,PORTFOLIO,climate_increment,1740335329.6476111
3294,super_stress,PORTFOLIO,climate_increment,1046713058.6831393
3295,super_stress,PORTFOLIO,climate_increment,546961543.2237824
3296,super_stress,PORTFOLIO,climate_increment,190792522.6585815
3297,super_stress,PORTFOLIO,climate_increment,834348641.9378964
3298,super_stress,PORTFOLIO,climate_increment,485802893.5893848
3299,super_stress,PORTFOLIO,climate_increment,374445008.7286866
3300,super_stress,PORTFOLIO,climate_increment,73603328.6242183
3301,super_stress,PORTFOLIO,climate_increment,-92284603.78656301
3302,super_stress,PORTFOLIO,climate_increment,435440468.9874071
3303,super_stress,PORTFOLIO,climate_increment,783955987.3201451
3304,super_stress,PORTFOLIO,climate_increment,348954190.3345089
3305,super_stress,PORTFOLIO,climate_increment,178894462.40439743
3306,super_stress,PORTFOLIO,climate_increment,-191221192.10390294
3307,super_stress,PORTFOLIO,climate_increment,113656786.34010844
3308,super_stress,PORTFOLIO,climate_increment,311278520.04571825
3309,super_stress,PORTFOLIO,climate_increment,1244237261.5743532
3310,super_stress,PORTFOLIO,climate_increment,-16927930.10082465
3311,super_stress,PORTFOLIO,climate_increment,282053617.7325657
3312,super_stress,PORTFOLIO,climate_increment,502152606.96521825
3313,super_stress,PORTFOLIO,climate_increment,449685646.3655885
3314,super_stress,PORTFOLIO,climate_increment,1085739169.3408601
3315,super_stress,PORTFOLIO,climate_increment,769536521.0424733
3316,super_stress,PORTFOLIO,climate_increment,317306617.6424149
3317,super_stress,PORTFOLIO,climate_increment,245353987.4446276
3318,super_stress,PORTFOLIO,climate_increment,393653070.13377064
3319,super_stress,PORTFOLIO,climate_increment,255224389.4588714
3320,super_stress,PORTFOLIO,climate_increment,289941734.3667704
3321,super_stress,PORTFOLIO,climate_increment,273808827.5527594
3322,super_stress,PORTFOLIO,climate_increment,220315348.24776775
3323,super_stress,PORTFOLIO,climate_increment,163345240.1183471
3324,super_stress,PORTFOLIO,climate_increment,517499929.91941005
3325,super_stress,PORTFOLIO,climate_increment,803590212.9424115
3326,super_stress,PORTFOLIO,climate_increment,-287650703.5466716
3327,super_stress,PORTFOLIO,climate_increment,773997530.6279873
3328,super_stress,PORTFOLIO,climate_increment,699568293.0465417
3329,super_stress,PORTFOLIO,climate_increment,341529702.0298777
3330,super_stress,PORTFOLIO,climate_increment,310371297.25261706
3331,super_stress,PORTFOLIO,climate_increment,241616895.11979112
3332,super_stress,PORTFOLIO,climate_increment,1275698655.7387207
3333,super_stress,PORTFOLIO,climate_increment,465273706.0028622
3334,super_stress,PORTFOLIO,climate_increment,288315775.87328726
3335,super_stress,PORTFOLIO,climate_increment,457886933.8017073
3336,super_stress,PORTFOLIO,climate_increment,406436530.0302076
3337,super_stress,PORTFOLIO,climate_increment,701607578.9745831
3338,super_stress,PORTFOLIO,climate_increment,276118271.87639225
3339,super_stress,PORTFOLIO,climate_increment,721393615.6094371
3340,super_stress,PORTFOLIO,climate_increment,352120619.15145826
3341,super_stress,PORTFOLIO,climate_increment,527859116.87286144
3342,super_stress,PORTFOLIO,climate_increment,298926392.3886462
3343,super_stress,PORTFOLIO,climate_increment,539627947.8806084
3344,super_stress,PORTFOLIO,climate_increment,373097435.2783765
3345,super_stress,PORTFOLIO,climate_increment,411670141.8735015
3346,super_stress,PORTFOLIO,climate_increment,-114076735.05987927
3347,super_stress,PORTFOLIO,climate_increment,299669974.1186174
3348,super_stress,PORTFOLIO,climate_increment,775915467.6228873
3349,super_stress,PORTFOLIO,climate_increment,433381155.6908127
3350,super_stress,PORTFOLIO,climate_increment,727794149.2632958
3351,super_stress,PORTFOLIO,climate_increment,403797854.2912855
3352,super_stress,PORTFOLIO,climate_increment,582847284.8285967
3353,super_stress,PORTFOLIO,climate_increment,136415672.94867155
3354,super_stress,PORTFOLIO,climate_increment,325051033.88356555
3355,super_stress,PORTFOLIO,climate_increment,689536373.4567109
3356,super_stress,PORTFOLIO,climate_increment,580220916.3232852
3357,super_stress,PORTFOLIO,climate_increment,376971666.1249183
3358,super_stress,PORTFOLIO,climate_increment,763549867.5437034
3359,super_stress,PORTFOLIO,climate_increment,486635675.94547284
3360,super_stress,PORTFOLIO,climate_increment,508290964.5801712
3361,super_stress,PORTFOLIO,climate_increment,390567037.5426823
3362,super_stress,PORTFOLIO,climate_increment,186736974.15357888
3363,super_stress,PORTFOLIO,climate_increment,450454569.4198644
3364,super_stress,PORTFOLIO,climate_increment,158728746.29267064
3365,super_stress,PORTFOLIO,climate_increment,667005849.4047871
3366,super_stress,PORTFOLIO,climate_increment,734563304.0792711
3367,super_stress,PORTFOLIO,climate_increment,775356467.5786984
3368,super_stress,PORTFOLIO,climate_increment,251370747.20758876
3369,super_stress,PORTFOLIO,climate_increment,314159989.91645867
3370,super_stress,PORTFOLIO,climate_increment,580131797.6569141
3371,super_stress,PORTFOLIO,climate_increment,822705966.756215
3372,super_stress,PORTFOLIO,climate_increment,422145979.4287508
3373,super_stress,PORTFOLIO,climate_increment,711667976.1174972
3374,super_stress,PORTFOLIO,climate_increment,190092093.57904258
3375,super_stress,PORTFOLIO,climate_increment,601924122.6438156
3376,super_stress,PORTFOLIO,climate_increment,258279939.63293552
3377,super_stress,PORTFOLIO,climate_increment,158435288.43570352
3378,super_stress,PORTFOLIO,climate_increment,585656056.8688973
3379,super_stress,PORTFOLIO,climate_increment,620445085.2516292
3380,super_stress,PORTFOLIO,climate_increment,427155181.3003796
3381,super_stress,PORTFOLIO,climate_increment,195915416.6943047
3382,super_stress,PORTFOLIO,climate_increment,252898926.17239675
3383,super_stress,PORTFOLIO,climate_increment,402489463.9522814
3384,super_stress,PORTFOLIO,climate_increment,95680136.29840381
3385,super_stress,PORTFOLIO,climate_increment,612709411.4652773
3386,super_stress,PORTFOLIO,climate_increment,349651782.6525791
3387,super_stress,PORTFOLIO,climate_increment,546814825.9326636
3388,super_stress,PORTFOLIO,climate_increment,553576970.1373211
3389,super_stress,PORTFOLIO,climate_increment,68718817.63985024
3390,super_stress,PORTFOLIO,climate_increment,428880263.34238845
3391,super_stress,PORTFOLIO,climate_increment,1190168034.6505635
3392,super_stress,PORTFOLIO,climate_increment,475497868.2006479
3393,super_stress,PORTFOLIO,climate_increment,16561149.17083854
3394,super_stress,PORTFOLIO,climate_increment,415700623.2898881
3395,super_stress,PORTFOLIO,climate_increment,694538838.967833
3396,super_stress,PORTFOLIO,climate_increment,454068563.3896733
3397,super_stress,PORTFOLIO,climate_increment,407125323.81051624
3398,super_stress,PORTFOLIO,climate_increment,198025713.95145983
3399,super_stress,PORTFOLIO,climate_increment,226875967.90012327
3400,super_stress,PORTFOLIO,climate_increment,532847418.1438041
3401,super_stress,PORTFOLIO,climate_increment,580274869.3362206
3402,super_stress,PORTFOLIO,climate_increment,862507121.7642608
3403,super_stress,PORTFOLIO,climate_increment,426328638.5495031
3404,super_stress,PORTFOLIO,climate_increment,753864777.4293272
3405,super_stress,PORTFOLIO,climate_increment,1059230441.0800196
3406,super_stress,PORTFOLIO,climate_increment,509595350.9102472
3407,super_stress,PORTFOLIO,climate_increment,431811583.0582342
3408,super_stress,PORTFOLIO,climate_increment,403073649.2183879
3409,super_stress,PORTFOLIO,climate_increment,253563127.065798
3410,super_stress,PORTFOLIO,climate_increment,350197766.07604533
3411,super_stress,PORTFOLIO,climate_increment,546086404.7759349
3412,super_stress,PORTFOLIO,climate_increment,1063349846.5233386
3413,super_stress,PORTFOLIO,climate_increment,347156269.26176506
3414,super_stress,PORTFOLIO,climate_increment,908580330.4391048
3415,super_stress,PORTFOLIO,climate_increment,341478667.6358847
3416,super_stress,PORTFOLIO,climate_increment,590556207.689431
3417,super_stress,PORTFOLIO,climate_increment,937131780.8527702
3418,super_stress,PORTFOLIO,climate_increment,678209648.5758401
3419,super_stress,PORTFOLIO,climate_increment,154284528.61237875
3420,super_stress,PORTFOLIO,climate_increment,162662749.90130293
3421,super_stress,PORTFOLIO,climate_increment,640336064.6696023
3422,super_stress,PORTFOLIO,climate_increment,74791176.77693103
3423,super_stress,PORTFOLIO,climate_increment,106273696.69019368
3424,super_stress,PORTFOLIO,climate_increment,602906525.3013382
3425,super_stress,PORTFOLIO,climate_increment,124955447.90311061
3426,super_stress,PORTFOLIO,climate_increment,319051583.5225086
3427,super_stress,PORTFOLIO,climate_increment,965243152.6872859
3428,super_stress,PORTFOLIO,climate_increment,387799565.9418471
3429,super_stress,PORTFOLIO,climate_increment,503763437.0361498
3430,super_stress,PORTFOLIO,climate_increment,567542910.2284492
3431,super_stress,PORTFOLIO,climate_increment,1053038852.8565065
3432,super_stress,PORTFOLIO,climate_increment,532693913.1164974
3433,super_stress,PORTFOLIO,climate_increment,14876945.376994876
3434,super_stress,PORTFOLIO,climate_increment,-58386913.171686225
3435,super_stress,PORTFOLIO,climate_increment,363097287.7839663
3436,super_stress,PORTFOLIO,climate_increment,102926649.14964092
3437,super_stress,PORTFOLIO,climate_increment,172931838.53604358
3438,super_stress,PORTFOLIO,climate_increment,432354074.2121482
3439,super_stress,PORTFOLIO,climate_increment,597351600.6286291
3440,super_stress,PORTFOLIO,climate_increment,560234485.5354509
3441,super_stress,PORTFOLIO,climate_increment,702347287.347896
3442,super_stress,PORTFOLIO,climate_increment,397354625.81621426
3443,super_stress,PORTFOLIO,climate_increment,301083058.27618533
3444,super_stress,PORTFOLIO,climate_increment,350296422.1068711
3445,super_stress,PORTFOLIO,climate_increment,980316285.735936
3446,super_stress,PORTFOLIO,climate_increment,829150940.5280727
3447,super_stress,PORTFOLIO,climate_increment,129022115.32524747
3448,super_stress,PORTFOLIO,climate_increment,352712082.33837855
3449,super_stress,PORTFOLIO,climate_increment,69364849.66988517
3450,super_stress,PORTFOLIO,climate_increment,1174867872.3572373
3451,super_stress,PORTFOLIO,climate_increment,404017237.7786608
3452,super_stress,PORTFOLIO,climate_increment,708410659.8543854
3453,super_stress,PORTFOLIO,climate_increment,563088154.8783159
3454,super_stress,PORTFOLIO,climate_increment,692851949.9926802
3455,super_stress,PORTFOLIO,climate_increment,95712173.22289701
3456,super_stress,PORTFOLIO,climate_increment,819930333.1989715
3457,super_stress,PORTFOLIO,climate_increment,1011817730.4628811
3458,super_stress,PORTFOLIO,climate_increment,778627674.0688993
3459,super_stress,PORTFOLIO,climate_increment,766138343.2579637
3460,super_stress,PORTFOLIO,climate_increment,749137837.9176581
3461,super_stress,PORTFOLIO,climate_increment,492581538.74181837
3462,super_stress,PORTFOLIO,climate_increment,375241954.4297112
3463,super_stress,PORTFOLIO,climate_increment,-111896835.26125343
3464,super_stress,PORTFOLIO,climate_increment,362604858.6893588
3465,super_stress,PORTFOLIO,climate_increment,253362269.594234
3466,super_stress,PORTFOLIO,climate_increment,-52359172.974509075
3467,super_stress,PORTFOLIO,climate_increment,796047855.2111723
3468,super_stress,PORTFOLIO,climate_increment,364272812.1431867
3469,super_stress,PORTFOLIO,climate_increment,454931765.66197664
3470,super_stress,PORTFOLIO,climate_increment,544751066.4851718
3471,super_stress,PORTFOLIO,climate_increment,679365650.2040933
3472,super_stress,PORTFOLIO,climate_increment,112915577.46488202
3473,super_stress,PORTFOLIO,climate_increment,323666144.6173894
3474,super_stress,PORTFOLIO,climate_increment,565461717.0164019
3475,super_stress,PORTFOLIO,climate_increment,482053877.70736974
3476,super_stress,PORTFOLIO,climate_increment,806267518.1735272
3477,super_stress,PORTFOLIO,climate_increment,412602205.1933592
3478,super_stress,PORTFOLIO,climate_increment,221811294.40559804
3479,super_stress,PORTFOLIO,climate_increment,449148699.8780409
3480,super_stress,PORTFOLIO,climate_increment,71020675.7908692
3481,super_stress,PORTFOLIO,climate_increment,270353473.9087812
3482,super_stress,PORTFOLIO,climate_increment,799024427.0676979
3483,super_stress,PORTFOLIO,climate_increment,280280795.821671
3484,super_stress,PORTFOLIO,climate_increment,440869542.7925715
3485,super_stress,PORTFOLIO,climate_increment,733004788.9489647
3486,super_stress,PORTFOLIO,climate_increment,873265687.0660365
3487,super_stress,PORTFOLIO,climate_increment,471197649.83734256
3488,super_stress,PORTFOLIO,climate_increment,435789693.66106623
3489,super_stress,PORTFOLIO,climate_increment,195897895.43600222
3490,super_stress,PORTFOLIO,climate_increment,571522665.6801594
3491,super_stress,PORTFOLIO,climate_increment,422138384.5774291
3492,super_stress,PORTFOLIO,climate_increment,479691667.2334394
3493,super_stress,PORTFOLIO,climate_increment,779128823.262716
3494,super_stress,PORTFOLIO,climate_increment,249604014.9228946
3495,super_stress,PORTFOLIO,climate_increment,796078077.0095147
3496,super_stress,PORTFOLIO,climate_increment,313023313.6008899
3497,super_stress,PORTFOLIO,climate_increment,121060634.59928179
3498,super_stress,PORTFOLIO,climate_increment,452556868.6279262
3499,super_stress,PORTFOLIO,climate_increment,592973826.2935426
3500,super_stress,PORTFOLIO,climate_increment,598858086.2920959
3501,super_stress,PORTFOLIO,climate_increment,165390282.73662403
3502,super_stress,PORTFOLIO,climate_increment,205716406.13560984
3503,super_stress,PORTFOLIO,climate_increment,215434287.13364738
3504,super_stress,PORTFOLIO,climate_increment,512234485.9758384
3505,super_stress,PORTFOLIO,climate_increment,704997132.5945702
3506,super_stress,PORTFOLIO,climate_increment,633828922.7955363
3507,super_stress,PORTFOLIO,climate_increment,396911607.06691235
3508,super_stress,PORTFOLIO,climate_increment,362273878.8223197
3509,super_stress,PORTFOLIO,climate_increment,493950381.4583314
3510,super_stress,PORTFOLIO,climate_increment,567445477.8937038
3511,super_stress,PORTFOLIO,climate_increment,685269135.7473855
3512,super_stress,PORTFOLIO,climate_increment,404349003.06322193
3513,super_stress,PORTFOLIO,climate_increment,450765786.6243396
3514,super_stress,PORTFOLIO,climate_increment,-139592892.0393978
3515,super_stress,PORTFOLIO,climate_increment,203668588.00420165
3516,super_stress,PORTFOLIO,climate_increment,691204444.8382742
3517,super_stress,PORTFOLIO,climate_increment,567498482.6890795
3518,super_stress,PORTFOLIO,climate_increment,363375189.47894686
3519,super_stress,PORTFOLIO,climate_increment,408144242.92223686
3520,super_stress,PORTFOLIO,climate_increment,479177464.4000476
3521,super_stress,PORTFOLIO,climate_increment,498142125.17119676
3522,super_stress,PORTFOLIO,climate_increment,496150399.7167928
3523,super_stress,PORTFOLIO,climate_increment,675762688.7666065
3524,super_stress,PORTFOLIO,climate_increment,102482495.09408177
3525,super_stress,PORTFOLIO,climate_increment,545550218.8392687
3526,super_stress,PORTFOLIO,climate_increment,-427227477.59357584
3527,super_stress,PORTFOLIO,climate_increment,478416549.87750894
3528,super_stress,PORTFOLIO,climate_increment,525653232.1280943
3529,super_stress,PORTFOLIO,climate_increment,704904238.3852763
3530,super_stress,PORTFOLIO,climate_increment,720285850.7098795
3531,super_stress,PORTFOLIO,climate_increment,616387436.7219617
3532,super_stress,PORTFOLIO,climate_increment,893632023.3909274
3533,super_stress,PORTFOLIO,climate_increment,305378969.59114486
3534,super_stress,PORTFOLIO,climate_increment,528311908.36623627
3535,super_stress,PORTFOLIO,climate_increment,1195229297.2320797
3536,super_stress,PORTFOLIO,climate_increment,739727325.4768265
3537,super_stress,PORTFOLIO,climate_increment,266646340.3461484
3538,super_stress,PORTFOLIO,climate_increment,972720913.4628932
3539,super_stress,PORTFOLIO,climate_increment,587774850.2741926
3540,super_stress,PORTFOLIO,climate_increment,1219299272.952835
3541,super_stress,PORTFOLIO,climate_increment,1030379299.8870399
3542,super_stress,PORTFOLIO,climate_increment,-54887949.09771905
3543,super_stress,PORTFOLIO,climate_increment,384206368.6403677
3544,super_stress,PORTFOLIO,climate_increment,915576929.6314331
3545,super_stress,PORTFOLIO,climate_increment,506956334.7125744
3546,super_stress,PORTFOLIO,climate_increment,789785494.2875451
3547,super_stress,PORTFOLIO,climate_increment,253198352.89198622
3548,super_stress,PORTFOLIO,climate_increment,508999133.8982349
3549,super_stress,PORTFOLIO,climate_increment,868275366.8929734
3550,super_stress,PORTFOLIO,climate_increment,1289479249.326008
3551,super_stress,PORTFOLIO,climate_increment,560357105.4391509
3552,super_stress,PORTFOLIO,climate_increment,817599354.6394303
3553,super_stress,PORTFOLIO,climate_increment,259000059.9006233
3554,super_stress,PORTFOLIO,climate_increment,412576316.2173979
3555,super_stress,PORTFOLIO,climate_increment,504511706.7626217
3556,super_stress,PORTFOLIO,climate_increment,188526231.83866322
3557,super_stress,PORTFOLIO,climate_increment,184265779.36585775
3558,super_stress,PORTFOLIO,climate_increment,584382018.0434293
3559,super_stress,PORTFOLIO,climate_increment,438115197.4137457
3560,super_stress,PORTFOLIO,climate_increment,598421256.2088915
3561,super_stress,PORTFOLIO,climate_increment,262517947.82497418
3562,super_stress,PORTFOLIO,climate_increment,457052386.74893004
3563,super_stress,PORTFOLIO,climate_increment,628895009.7081585
3564,super_stress,PORTFOLIO,climate_increment,1090636724.5885568
3565,super_stress,PORTFOLIO,climate_increment,366196023.6530726
3566,super_stress,PORTFOLIO,climate_increment,461744496.65366256
3567,super_stress,PORTFOLIO,climate_increment,630549791.147696
3568,super_stress,PORTFOLIO,climate_increment,483545800.8086783
3569,super_stress,PORTFOLIO,climate_increment,813773929.6563321
3570,super_stress,PORTFOLIO,climate_increment,406105455.9499338
3571,super_stress,PORTFOLIO,climate_increment,188467136.476178
3572,super_stress,PORTFOLIO,climate_increment,-107430046.7238662
3573,super_stress,PORTFOLIO,climate_increment,467149430.5762231
3574,super_stress,PORTFOLIO,climate_increment,717341636.3885822
3575,super_stress,PORTFOLIO,climate_increment,199599687.0839564
3576,super_stress,PORTFOLIO,climate_increment,669482983.5229609
3577,super_stress,PORTFOLIO,climate_increment,441564139.98007506
3578,super_stress,PORTFOLIO,climate_increment,327005463.2425816
3579,super_stress,PORTFOLIO,climate_increment,440221675.0075372
3580,super_stress,PORTFOLIO,climate_increment,372293564.556601
3581,super_stress,PORTFOLIO,climate_increment,499625235.9596872
3582,super_stress,PORTFOLIO,climate_increment,496201650.24332047
3583,super_stress,PORTFOLIO,climate_increment,403504713.1257089
3584,super_stress,PORTFOLIO,climate_increment,1139750226.0742376
3585,super_stress,PORTFOLIO,climate_increment,507399693.47522634
3586,super_stress,PORTFOLIO,climate_increment,398450760.23097306
3587,super_stress,PORTFOLIO,climate_increment,842966962.9679575
3588,super_stress,PORTFOLIO,climate_increment,752470530.4488834
3589,super_stress,PORTFOLIO,climate_increment,163975807.73616195
3590,super_stress,PORTFOLIO,climate_increment,720071209.2380532
3591,super_stress,PORTFOLIO,climate_increment,468305643.6879074
3592,super_stress,PORTFOLIO,climate_increment,781104441.3022022
3593,super_stress,PORTFOLIO,climate_increment,557964332.8420163
3594,super_stress,PORTFOLIO,climate_increment,741974342.2504567
3595,super_stress,PORTFOLIO,climate_increment,588145246.2343723
3596,super_stress,PORTFOLIO,climate_increment,822361487.6278197
3597,super_stress,PORTFOLIO,climate_increment,597042728.0358508
3598,super_stress,PORTFOLIO,climate_increment,583980419.3834406
3599,super_stress,PORTFOLIO,climate_increment,753916022.8394928
3600,super_stress,PORTFOLIO,climate_increment,364254508.4521304
3601,super_stress,PORTFOLIO,climate_increment,445218702.74433345
3602,super_stress,PORTFOLIO,climate_increment,541308115.0041122
3603,super_stress,PORTFOLIO,climate_increment,504008216.22771585
3604,super_stress,PORTFOLIO,climate_increment,418388545.1837277
3605,super_stress,PORTFOLIO,climate_increment,-13597806.148435172
3606,super_stress,PORTFOLIO,climate_increment,1582637981.4507983
3607,super_stress,PORTFOLIO,climate_increment,338812231.14466554
3608,super_stress,PORTFOLIO,climate_increment,452428779.75642884
3609,super_stress,PORTFOLIO,climate_increment,1008198178.3518846
3610,super_stress,PORTFOLIO,climate_increment,628916589.7802466
3611,super_stress,PORTFOLIO,climate_increment,1220819972.6103997
3612,super_stress,PORTFOLIO,climate_increment,304727166.9274575
3613,super_stress,PORTFOLIO,climate_increment,43224047.37768039
3614,super_stress,PORTFOLIO,climate_increment,836791970.3410544
3615,super_stress,PORTFOLIO,climate_increment,677129861.314437
3616,super_stress,PORTFOLIO,climate_increment,83183455.18962443
3617,super_stress,PORTFOLIO,climate_increment,629061439.9986346
3618,super_stress,PORTFOLIO,climate_increment,321732195.3695031
3619,super_stress,PORTFOLIO,climate_increment,340703171.03973925
3620,super_stress,PORTFOLIO,climate_increment,654469743.6576908
3621,super_stress,PORTFOLIO,climate_increment,505920296.25333905
3622,super_stress,PORTFOLIO,climate_increment,66101029.0010326
3623,super_stress,PORTFOLIO,climate_increment,35033913.530928455
3624,super_stress,PORTFOLIO,climate_increment,477602555.2433673
3625,super_stress,PORTFOLIO,climate_increment,720605695.0951849
3626,super_stress,PORTFOLIO,climate_increment,605479370.5052259
3627,super_stress,PORTFOLIO,climate_increment,595807295.6261779
3628,super_stress,PORTFOLIO,climate_increment,996557954.1203077
3629,super_stress,PORTFOLIO,climate_increment,648915923.7785213
3630,super_stress,PORTFOLIO,climate_increment,555866844.4300122
3631,super_stress,PORTFOLIO,climate_increment,533001023.79627216
3632,super_stress,PORTFOLIO,climate_increment,327226484.5493659
3633,super_stress,PORTFOLIO,climate_increment,529997975.4011316
3634,super_stress,PORTFOLIO,climate_increment,118507411.72372842
3635,super_stress,PORTFOLIO,climate_increment,425301174.26192117
3636,super_stress,PORTFOLIO,climate_increment,67748865.79348698
3637,super_stress,PORTFOLIO,climate_increment,393288562.290026
3638,super_stress,PORTFOLIO,climate_increment,323367175.7374987
3639,super_stress,PORTFOLIO,climate_increment,594402523.5534483
3640,super_stress,PORTFOLIO,climate_increment,390467470.1232198
3641,super_stress,PORTFOLIO,climate_increment,961379076.4398003
3642,super_stress,PORTFOLIO,climate_increment,1060288344.1629682
3643,super_stress,PORTFOLIO,climate_increment,412560311.2048456
3644,super_stress,PORTFOLIO,climate_increment,444271405.0603597
3645,super_stress,PORTFOLIO,climate_increment,583522248.0921289
3646,super_stress,PORTFOLIO,climate_increment,596804598.586922
3647,super_stress,PORTFOLIO,climate_increment,9296581.323229538
3648,super_stress,PORTFOLIO,climate_increment,90524996.89357151
3649,super_stress,PORTFOLIO,climate_increment,150696642.48668957
3650,super_stress,PORTFOLIO,climate_increment,718560889.020581
3651,super_stress,PORTFOLIO,climate_increment,651293144.6971674
3652,super_stress,PORTFOLIO,climate_increment,442050043.31409764
3653,super_stress,PORTFOLIO,climate_increment,747560677.5595596
3654,super_stress,PORTFOLIO,climate_increment,634207882.3878456
3655,super_stress,PORTFOLIO,climate_increment,93510394.31576324
3656,super_stress,PORTFOLIO,climate_increment,691123498.5545639
3657,super_stress,PORTFOLIO,climate_increment,494916596.2204385
3658,super_stress,PORTFOLIO,climate_increment,837423287.2506932
3659,super_stress,PORTFOLIO,climate_increment,466396732.3377015
3660,super_stress,PORTFOLIO,climate_increment,549593439.804201
3661,super_stress,PORTFOLIO,climate_increment,494753832.4029087
3662,super_stress,PORTFOLIO,climate_increment,723154129.044697
3663,super_stress,PORTFOLIO,climate_increment,238814677.47787637
3664,super_stress,PORTFOLIO,climate_increment,821190073.373469
3665,super_stress,PORTFOLIO,climate_increment,703417585.673744
3666,super_stress,PORTFOLIO,climate_increment,517599699.43475026
3667,super_stress,PORTFOLIO,climate_increment,157328619.41526246
3668,super_stress,PORTFOLIO,climate_increment,119349041.79324773
3669,super_stress,PORTFOLIO,climate_increment,495952665.1129969
3670,super_stress,PORTFOLIO,climate_increment,946894990.3910881
3671,super_stress,PORTFOLIO,climate_increment,292481027.2878099
3672,super_stress,PORTFOLIO,climate_increment,341365345.8124285
3673,super_stress,PORTFOLIO,climate_increment,352883886.1354039
3674,super_stress,PORTFOLIO,climate_increment,190464004.8562373
3675,super_stress,PORTFOLIO,climate_increment,423979683.83816755
3676,super_stress,PORTFOLIO,climate_increment,398070094.75056785
3677,super_stress,PORTFOLIO,climate_increment,517666200.5779867
3678,super_stress,PORTFOLIO,climate_increment,249733784.36966473
3679,super_stress,PORTFOLIO,climate_increment,566157053.8822223
3680,super_stress,PORTFOLIO,climate_increment,688068350.5633433
3681,super_stress,PORTFOLIO,climate_increment,1023025793.4969078
3682,super_stress,PORTFOLIO,climate_increment,521710260.8186229
3683,super_stress,PORTFOLIO,climate_increment,108404688.74787539
3684,super_stress,PORTFOLIO,climate_increment,714636244.9336759
3685,super_stress,PORTFOLIO,climate_increment,888757747.7879674
3686,super_stress,PORTFOLIO,climate_increment,520115870.606979
3687,super_stress,PORTFOLIO,climate_increment,319135024.4034647
3688,super_stress,PORTFOLIO,climate_increment,330720114.7297099
3689,super_stress,PORTFOLIO,climate_increment,449103315.98934937
3690,super_stress,PORTFOLIO,climate_increment,603077171.4828029
3691,super_stress,PORTFOLIO,climate_increment,258231118.5597744
3692,super_stress,PORTFOLIO,climate_increment,628083167.251373
3693,super_stress,PORTFOLIO,climate_increment,633430295.5522974
3694,super_stress,PORTFOLIO,climate_increment,197045255.12199223
3695,super_stress,PORTFOLIO,climate_increment,393233662.51967573
3696,super_stress,PORTFOLIO,climate_increment,644410057.8501405
3697,super_stress,PORTFOLIO,climate_increment,440747260.74993634
3698,super_stress,PORTFOLIO,climate_increment,-152068065.41214782
3699,super_stress,PORTFOLIO,climate_increment,536319122.32343125
3700,super_stress,PORTFOLIO,climate_increment,-103051675.81644641
3701,super_stress,PORTFOLIO,climate_increment,515654934.7660216
3702,super_stress,PORTFOLIO,climate_increment,732377937.8509656
3703,super_stress,PORTFOLIO,climate_increment,317541776.5669787
3704,super_stress,PORTFOLIO,climate_increment,247903424.80196905
3705,super_stress,PORTFOLIO,climate_increment,582646548.0959159
3706,super_stress,PORTFOLIO,climate_increment,871743615.5670758
3707,super_stress,PORTFOLIO,climate_increment,672001066.8250735
3708,super_stress,PORTFOLIO,climate_increment,146053244.00809985
3709,super_stress,PORTFOLIO,climate_increment,913744155.7633034
3710,super_stress,PORTFOLIO,climate_increment,342832420.95955807
3711,super_stress,PORTFOLIO,climate_increment,570778540.9202665
3712,super_stress,PORTFOLIO,climate_increment,191850169.0388665
3713,super_stress,PORTFOLIO,climate_increment,577639075.1173698
3714,super_stress,PORTFOLIO,climate_increment,948741809.7489442
3715,super_stress,PORTFOLIO,climate_increment,496683203.0924013
3716,super_stress,PORTFOLIO,climate_increment,154107991.59163374
3717,super_stress,PORTFOLIO,climate_increment,317885201.8534708
3718,super_stress,PORTFOLIO,climate_increment,593632619.9807616
3719,super_stress,PORTFOLIO,climate_increment,-135710605.7615286
3720,super_stress,PORTFOLIO,climate_increment,441802926.4573383
3721,super_stress,PORTFOLIO,climate_increment,539289391.980462
3722,super_stress,PORTFOLIO,climate_increment,777240136.1833522
3723,super_stress,PORTFOLIO,climate_increment,238147874.46527076
3724,super_stress,PORTFOLIO,climate_increment,574065148.4322299
3725,super_stress,PORTFOLIO,climate_increment,296712825.3731508
3726,super_stress,PORTFOLIO,climate_increment,643626810.2411615
3727,super_stress,PORTFOLIO,climate_increment,324419036.10945874
3728,super_stress,PORTFOLIO,climate_increment,841636125.6528412
3729,super_stress,PORTFOLIO,climate_increment,690091450.7740711
3730,super_stress,PORTFOLIO,climate_increment,320609223.23047996
3731,super_stress,PORTFOLIO,climate_increment,492966404.45416033
3732,super_stress,PORTFOLIO,climate_increment,678720087.6618518
3733,super_stress,PORTFOLIO,climate_increment,741899959.1884745
3734,super_stress,PORTFOLIO,climate_increment,293160175.27567744
3735,super_stress,PORTFOLIO,climate_increment,1049658030.6895899
3736,super_stress,PORTFOLIO,climate_increment,354894606.6773603
3737,super_stress,PORTFOLIO,climate_increment,283052729.4777655
3738,super_stress,PORTFOLIO,climate_increment,892175833.5614669
3739,super_stress,PORTFOLIO,climate_increment,370324985.96474874
3740,super_stress,PORTFOLIO,climate_increment,629114300.7891413
3741,super_stress,PORTFOLIO,climate_increment,-39510876.71198005
3742,super_stress,PORTFOLIO,climate_increment,826855735.2447823
3743,super_stress,PORTFOLIO,climate_increment,570175601.6540787
3744,super_stress,PORTFOLIO,climate_increment,507066636.6770828
3745,super_stress,PORTFOLIO,climate_increment,507571754.23784786
3746,super_stress,PORTFOLIO,climate_increment,723311184.4112421
3747,super_stress,PORTFOLIO,climate_increment,619921278.3068444
3748,super_stress,PORTFOLIO,climate_increment,1268863642.2846963
3749,super_stress,PORTFOLIO,climate_increment,-85412198.89125185
3750,super_stress,PORTFOLIO,climate_increment,700692324.2917777
3751,super_stress,PORTFOLIO,climate_increment,156721315.54547906
3752,super_stress,PORTFOLIO,climate_increment,774405112.2000172
3753,super_stress,PORTFOLIO,climate_increment,795086866.6533931
3754,super_stress,PORTFOLIO,climate_increment,564090253.1249958
3755,super_stress,PORTFOLIO,climate_increment,617990724.0351176
3756,super_stress,PORTFOLIO,climate_increment,600846405.098286
3757,super_stress,PORTFOLIO,climate_increment,911062552.0216076
3758,super_stress,PORTFOLIO,climate_increment,1121409981.477118
3759,super_stress,PORTFOLIO,climate_increment,701409427.3092161
3760,super_stress,PORTFOLIO,climate_increment,309720748.72021043
3761,super_stress,PORTFOLIO,climate_increment,903676580.7780873
3762,super_stress,PORTFOLIO,climate_increment,218748925.03378356
3763,super_stress,PORTFOLIO,climate_increment,805846182.7823175
3764,super_stress,PORTFOLIO,climate_increment,181021990.09908146
3765,super_stress,PORTFOLIO,climate_increment,-60059749.1710162
3766,super_stress,PORTFOLIO,climate_increment,411687758.4163667
3767,super_stress,PORTFOLIO,climate_increment,664256321.58199
3768,super_stress,PORTFOLIO,climate_increment,206558049.3710551
3769,super_stress,PORTFOLIO,climate_increment,730529305.4617311
3770,super_stress,PORTFOLIO,climate_increment,748035276.5029905
3771,super_stress,PORTFOLIO,climate_increment,280418811.71517736
3772,super_stress,PORTFOLIO,climate_increment,137479267.65777582
3773,super_stress,PORTFOLIO,climate_increment,1203636974.3177755
3774,super_stress,PORTFOLIO,climate_increment,229144120.01439765
3775,super_stress,PORTFOLIO,climate_increment,1042031382.9244775
3776,super_stress,PORTFOLIO,climate_increment,617850532.8627951
3777,super_stress,PORTFOLIO,climate_increment,559082800.3446084
3778,super_stress,PORTFOLIO,climate_increment,320894153.51631624
3779,super_stress,PORTFOLIO,climate_increment,584571350.9652448
3780,super_stress,PORTFOLIO,climate_increment,1111660645.5694773
3781,super_stress,PORTFOLIO,climate_increment,279176896.5776345
3782,super_stress,PORTFOLIO,climate_increment,489093975.8794475
3783,super_stress,PORTFOLIO,climate_increment,528677341.7413524
3784,super_stress,PORTFOLIO,climate_increment,527438177.6579453
3785,super_stress,PORTFOLIO,climate_increment,478539286.56912225
3786,super_stress,PORTFOLIO,climate_increment,285508594.7617733
3787,super_stress,PORTFOLIO,climate_increment,682276141.0817049
3788,super_stress,PORTFOLIO,climate_increment,320711634.50564826
3789,super_stress,PORTFOLIO,climate_increment,251041753.57979903
3790,super_stress,PORTFOLIO,climate_increment,513262068.6340179
3791,super_stress,PORTFOLIO,climate_increment,1135932744.572242
3792,super_stress,PORTFOLIO,climate_increment,81638376.18645167
3793,super_stress,PORTFOLIO,climate_increment,110996218.12008925
3794,super_stress,PORTFOLIO,climate_increment,227160790.6627574
3795,super_stress,PORTFOLIO,climate_increment,350699568.90625066
3796,super_stress,PORTFOLIO,climate_increment,1077946073.4874835
3797,super_stress,PORTFOLIO,climate_increment,582732868.716883
3798,super_stress,PORTFOLIO,climate_increment,439553436.28239524
3799,super_stress,PORTFOLIO,climate_increment,553810431.7745771
3800,super_stress,PORTFOLIO,climate_increment,462775461.9488987
3801,super_stress,PORTFOLIO,climate_increment,-212020002.11498025
3802,super_stress,PORTFOLIO,climate_increment,1080029510.0516999
3803,super_stress,PORTFOLIO,climate_increment,1001492124.0365082
3804,super_stress,PORTFOLIO,climate_increment,425420300.18318444
3805,super_stress,PORTFOLIO,climate_increment,702864868.2142396
3806,super_stress,PORTFOLIO,climate_increment,919338936.068559
3807,super_stress,PORTFOLIO,climate_increment,536914737.9828258
3808,super_stress,PORTFOLIO,climate_increment,235709811.63855532
3809,super_stress,PORTFOLIO,climate_increment,352016041.1692887
3810,super_stress,PORTFOLIO,climate_increment,808212517.188755
3811,super_stress,PORTFOLIO,climate_increment,383923935.72966516
3812,super_stress,PORTFOLIO,climate_increment,216301315.74212316
3813,super_stress,PORTFOLIO,climate_increment,625827594.7861704
3814,super_stress,PORTFOLIO,climate_increment,9773390.494155511
3815,super_stress,PORTFOLIO,climate_increment,540391828.2938863
3816,super_stress,PORTFOLIO,climate_increment,207678566.41541317
3817,super_stress,PORTFOLIO,climate_increment,561554449.1610957
3818,super_stress,PORTFOLIO,climate_increment,543347624.2562704
3819,super_stress,PORTFOLIO,climate_increment,334332857.2153113
3820,super_stress,PORTFOLIO,climate_increment,332611642.5131675
3821,super_stress,PORTFOLIO,climate_increment,782987791.2380509
3822,super_stress,PORTFOLIO,climate_increment,-10356711.872943252
3823,super_stress,PORTFOLIO,climate_increment,500252050.75867665
3824,super_stress,PORTFOLIO,climate_increment,1188663153.9452841
3825,super_stress,PORTFOLIO,climate_increment,422078136.0471593
3826,super_stress,PORTFOLIO,climate_increment,419821609.77608824
3827,super_stress,PORTFOLIO,climate_increment,287461428.1149808
3828,super_stress,PORTFOLIO,climate_increment,191610272.60598192
3829,super_stress,PORTFOLIO,climate_increment,-159097255.4660978
3830,super_stress,PORTFOLIO,climate_increment,523634947.8840608
3831,super_stress,PORTFOLIO,climate_increment,553748519.7221323
3832,super_stress,PORTFOLIO,climate_increment,482930430.4606083
3833,super_stress,PORTFOLIO,climate_increment,29656801.48349367
3834,super_stress,PORTFOLIO,climate_increment,309132706.2505296
3835,super_stress,PORTFOLIO,climate_increment,395558639.5226261
3836,super_stress,PORTFOLIO,climate_increment,372277041.70453
3837,super_stress,PORTFOLIO,climate_increment,339158305.98376197
3838,super_stress,PORTFOLIO,climate_increment,390586860.0923528
3839,super_stress,PORTFOLIO,climate_increment,307733727.4612447
3840,super_stress,PORTFOLIO,climate_increment,1202054431.233745
3841,super_stress,PORTFOLIO,climate_increment,286686503.256805
3842,super_stress,PORTFOLIO,climate_increment,303939580.1313867
3843,super_stress,PORTFOLIO,climate_increment,490855195.95376426
3844,super_stress,PORTFOLIO,climate_increment,780804369.5141064
3845,super_stress,PORTFOLIO,climate_increment,372488633.07635885
3846,super_stress,PORTFOLIO,climate_increment,555404645.0057796
3847,super_stress,PORTFOLIO,climate_increment,264452924.41816425
3848,super_stress,PORTFOLIO,climate_increment,731606282.4543294
3849,super_stress,PORTFOLIO,climate_increment,525272081.9854293
3850,super_stress,PORTFOLIO,climate_increment,-11934125.38853326
3851,super_stress,PORTFOLIO,climate_increment,-86641233.40590264
3852,super_stress,PORTFOLIO,climate_increment,289133392.1009529
3853,super_stress,PORTFOLIO,climate_increment,217335747.62285802
3854,super_stress,PORTFOLIO,climate_increment,241832789.0817263
3855,super_stress,PORTFOLIO,climate_increment,354032833.04369146
3856,super_stress,PORTFOLIO,climate_increment,266238974.72854018
3857,super_stress,PORTFOLIO,climate_increment,668202772.9258177
3858,super_stress,PORTFOLIO,climate_increment,498512904.09576726
3859,super_stress,PORTFOLIO,climate_increment,900765342.6639682
3860,super_stress,PORTFOLIO,climate_increment,75772857.84315199
3861,super_stress,PORTFOLIO,climate_increment,410871376.58313966
3862,super_stress,PORTFOLIO,climate_increment,506181202.6737859
3863,super_stress,PORTFOLIO,climate_increment,605733076.6718329
3864,super_stress,PORTFOLIO,climate_increment,354813356.26706195
3865,super_stress,PORTFOLIO,climate_increment,378017226.8123298
3866,super_stress,PORTFOLIO,climate_increment,647169788.6960624
3867,super_stress,PORTFOLIO,climate_increment,240284820.34395948
3868,super_stress,PORTFOLIO,climate_increment,324586488.90744865
3869,super_stress,PORTFOLIO,climate_increment,204811643.31842554
3870,super_stress,PORTFOLIO,climate_increment,160581240.00568628
3871,super_stress,PORTFOLIO,climate_increment,653811415.2095731
3872,super_stress,PORTFOLIO,climate_increment,875167287.3057328
3873,super_stress,PORTFOLIO,climate_increment,471536975.8606526
3874,super_stress,PORTFOLIO,climate_increment,633022085.3320887
3875,super_stress,PORTFOLIO,climate_increment,566139148.3993402
3876,super_stress,PORTFOLIO,climate_increment,487140906.09490407
3877,super_stress,PORTFOLIO,climate_increment,865146034.4371027
3878,super_stress,PORTFOLIO,climate_increment,285540397.6148341
3879,super_stress,PORTFOLIO,climate_increment,511550674.32258195
3880,super_stress,PORTFOLIO,climate_increment,390888691.4125588
3881,super_stress,PORTFOLIO,climate_increment,550702694.5757403
3882,super_stress,PORTFOLIO,climate_increment,566603578.885389
3883,super_stress,PORTFOLIO,climate_increment,10140279.313954571
3884,super_stress,PORTFOLIO,climate_increment,244829715.70495704
3885,super_stress,PORTFOLIO,climate_increment,275634612.6417093
3886,super_stress,PORTFOLIO,climate_increment,398684203.9016725
3887,super_stress,PORTFOLIO,climate_increment,39726777.398647115
3888,super_stress,PORTFOLIO,climate_increment,435922935.7022083
3889,super_stress,PORTFOLIO,climate_increment,583084733.2673904
3890,super_stress,PORTFOLIO,climate_increment,252962549.93287027
3891,super_stress,PORTFOLIO,climate_increment,437190495.8451367
3892,super_stress,PORTFOLIO,climate_increment,265458634.30739528
3893,super_stress,PORTFOLIO,climate_increment,182104873.91221097
3894,super_stress,PORTFOLIO,climate_increment,373464458.4178835
3895,super_stress,PORTFOLIO,climate_increment,269897203.3324239
3896,super_stress,PORTFOLIO,climate_increment,611355820.6543703
3897,super_stress,PORTFOLIO,climate_increment,234909681.1270226
3898,super_stress,PORTFOLIO,climate_increment,946577741.9381206
3899,super_stress,PORTFOLIO,climate_increment,693498659.9706737
3900,super_stress,PORTFOLIO,climate_increment,67942305.37716694
3901,super_stress,PORTFOLIO,climate_increment,126838621.83751625
3902,super_stress,PORTFOLIO,climate_increment,759277811.7613423
3903,super_stress,PORTFOLIO,climate_increment,359477896.3699278
3904,super_stress,PORTFOLIO,climate_increment,434726728.72140086
3905,super_stress,PORTFOLIO,climate_increment,190370558.21217516
3906,super_stress,PORTFOLIO,climate_increment,591737809.4936349
3907,super_stress,PORTFOLIO,climate_increment,738134819.9719003
3908,super_stress,PORTFOLIO,climate_increment,276569909.6430231
3909,super_stress,PORTFOLIO,climate_increment,402697209.3122847
3910,super_stress,PORTFOLIO,climate_increment,380929400.0692045
3911,super_stress,PORTFOLIO,climate_increment,635461838.857215
3912,super_stress,PORTFOLIO,climate_increment,271806288.41656685
3913,super_stress,PORTFOLIO,climate_increment,373034066.32381463
3914,super_stress,PORTFOLIO,climate_increment,438264175.55497175
3915,super_stress,PORTFOLIO,climate_increment,385888189.7509518
3916,super_stress,PORTFOLIO,climate_increment,606508565.4172285
3917,super_stress,PORTFOLIO,climate_increment,821132942.5933882
3918,super_stress,PORTFOLIO,climate_increment,477778897.36362046
3919,super_stress,PORTFOLIO,climate_increment,636594417.9969898
3920,super_stress,PORTFOLIO,climate_increment,593801201.1783686
3921,super_stress,PORTFOLIO,climate_increment,695151923.2286704
3922,super_stress,PORTFOLIO,climate_increment,442626103.93895334
3923,super_stress,PORTFOLIO,climate_increment,247128621.69807
3924,super_stress,PORTFOLIO,climate_increment,1046611862.1271338
3925,super_stress,PORTFOLIO,climate_increment,2734554.8186722985
3926,super_stress,PORTFOLIO,climate_increment,474504408.20528364
3927,super_stress,PORTFOLIO,climate_increment,999497159.4438101
3928,super_stress,PORTFOLIO,climate_increment,174225212.641724
3929,super_stress,PORTFOLIO,climate_increment,313931767.91510403
3930,super_stress,PORTFOLIO,climate_increment,814613141.3007909
3931,super_stress,PORTFOLIO,climate_increment,356992782.7989802
3932,super_stress,PORTFOLIO,climate_increment,771267674.5567724
3933,super_stress,PORTFOLIO,climate_increment,1251452561.2477236
3934,super_stress,PORTFOLIO,climate_increment,62880136.96768646
3935,super_stress,PORTFOLIO,climate_increment,257452284.9389305
3936,super_stress,PORTFOLIO,climate_increment,167676483.0937184
3937,super_stress,PORTFOLIO,climate_increment,618800660.8045851
3938,super_stress,PORTFOLIO,climate_increment,369513707.24018514
3939,super_stress,PORTFOLIO,climate_increment,88947491.06595129
3940,super_stress,PORTFOLIO,climate_increment,931999288.0410446
3941,super_stress,PORTFOLIO,climate_increment,856393878.2154804
3942,super_stress,PORTFOLIO,climate_increment,330181888.91335374
3943,super_stress,PORTFOLIO,climate_increment,172057154.07743195
3944,super_stress,PORTFOLIO,climate_increment,474604628.10838276
3945,super_stress,PORTFOLIO,climate_increment,884069064.9055812
3946,super_stress,PORTFOLIO,climate_increment,506779093.3123812
3947,super_stress,PORTFOLIO,climate_increment,328501808.494891
3948,super_stress,PORTFOLIO,climate_increment,147386653.6684722
3949,super_stress,PORTFOLIO,climate_increment,123258387.23888443
3950,super_stress,PORTFOLIO,climate_increment,388957100.3921628
3951,super_stress,PORTFOLIO,climate_increment,439832435.0118638
3952,super_stress,PORTFOLIO,climate_increment,58903231.01653759
3953,super_stress,PORTFOLIO,climate_increment,377624318.7470656
3954,super_stress,PORTFOLIO,climate_increment,561540447.2853235
3955,super_stress,PORTFOLIO,climate_increment,416463756.377614
3956,super_stress,PORTFOLIO,climate_increment,480187094.599658
3957,super_stress,PORTFOLIO,climate_increment,639391213.9246048
3958,super_stress,PORTFOLIO,climate_increment,344510156.4600748
3959,super_stress,PORTFOLIO,climate_increment,766218752.0112871
3960,super_stress,PORTFOLIO,climate_increment,618087207.9272933
3961,super_stress,PORTFOLIO,climate_increment,733165571.1247598
3962,super_stress,PORTFOLIO,climate_increment,802013068.1986217
3963,super_stress,PORTFOLIO,climate_increment,755939955.4602734
3964,super_stress,PORTFOLIO,climate_increment,985646262.0637436
3965,super_stress,PORTFOLIO,climate_increment,328768597.1117304
3966,super_stress,PORTFOLIO,climate_increment,923445297.4243808
3967,super_stress,PORTFOLIO,climate_increment,594054647.4640758
3968,super_stress,PORTFOLIO,climate_increment,487826024.3643969
3969,super_stress,PORTFOLIO,climate_increment,705543344.4079652
3970,super_stress,PORTFOLIO,climate_increment,1019642778.870368
3971,super_stress,PORTFOLIO,climate_increment,430728055.1846016
3972,super_stress,PORTFOLIO,climate_increment,22521967.89453152
3973,super_stress,PORTFOLIO,climate_increment,495409039.2965325
3974,super_stress,PORTFOLIO,climate_increment,701027605.2708117
3975,super_stress,PORTFOLIO,climate_increment,793980989.8449823
3976,super_stress,PORTFOLIO,climate_increment,378176072.7761221
3977,super_stress,PORTFOLIO,climate_increment,927879635.3946363
3978,super_stress,PORTFOLIO,climate_increment,453417328.5775444
3979,super_stress,PORTFOLIO,climate_increment,288954311.34762394
3980,super_stress,PORTFOLIO,climate_increment,524704451.3665341
3981,super_stress,PORTFOLIO,climate_increment,446322618.7188212
3982,super_stress,PORTFOLIO,climate_increment,576203382.4075236
3983,super_stress,PORTFOLIO,climate_increment,648548675.8230764
3984,super_stress,PORTFOLIO,climate_increment,118549781.97821929
3985,super_stress,PORTFOLIO,climate_increment,45050588.88230616
3986,super_stress,PORTFOLIO,climate_increment,302316234.31403387
3987,super_stress,PORTFOLIO,climate_increment,317056865.18294865
3988,super_stress,PORTFOLIO,climate_increment,295588295.3447413
3989,super_stress,PORTFOLIO,climate_increment,299278382.04028493
3990,super_stress,PORTFOLIO,climate_increment,581183388.080565
3991,super_stress,PORTFOLIO,climate_increment,313124847.84468275
3992,super_stress,PORTFOLIO,climate_increment,346868246.49801874
3993,super_stress,PORTFOLIO,climate_increment,1024359015.2907919
3994,super_stress,PORTFOLIO,climate_increment,515316827.9544238
3995,super_stress,PORTFOLIO,climate_increment,1832455630.5716136
3996,super_stress,PORTFOLIO,climate_increment,277384274.0474104
3997,super_stress,PORTFOLIO,climate_increment,583187072.8976514
3998,super_stress,PORTFOLIO,climate_increment,705583422.7194097
3999,super_stress,PORTFOLIO,climate_increment,598850534.655026
4000,super_stress,PORTFOLIO,climate_increment,702382451.6879257
4001,super_stress,PORTFOLIO,climate_increment,819760971.4273494
4002,super_stress,PORTFOLIO,climate_increment,462923227.8762236
4003,super_stress,PORTFOLIO,climate_increment,573676367.6685096
4004,super_stress,PORTFOLIO,climate_increment,407645065.2794383
4005,super_stress,PORTFOLIO,climate_increment,428432623.965342
4006,super_stress,PORTFOLIO,climate_increment,178080293.90321454
4007,super_stress,PORTFOLIO,climate_increment,504794714.314873
4008,super_stress,PORTFOLIO,climate_increment,1176044300.4203637
4009,super_stress,PORTFOLIO,climate_increment,-440397504.07038224
4010,super_stress,PORTFOLIO,climate_increment,186689699.57654038
4011,super_stress,PORTFOLIO,climate_increment,901948287.956906
4012,super_stress,PORTFOLIO,climate_increment,842728510.5590684
4013,super_stress,PORTFOLIO,climate_increment,367556421.3934549
4014,super_stress,PORTFOLIO,climate_increment,190277905.72730032
4015,super_stress,PORTFOLIO,climate_increment,1328007137.1912966
4016,super_stress,PORTFOLIO,climate_increment,-186326815.70396945
4017,super_stress,PORTFOLIO,climate_increment,259404064.19118318
4018,super_stress,PORTFOLIO,climate_increment,88614344.36398317
4019,super_stress,PORTFOLIO,climate_increment,533138774.6365109
4020,super_stress,PORTFOLIO,climate_increment,369779605.6310177
4021,super_stress,PORTFOLIO,climate_increment,387359163.5362772
4022,super_stress,PORTFOLIO,climate_increment,784244481.3615057
4023,super_stress,PORTFOLIO,climate_increment,793625419.1358795
4024,super_stress,PORTFOLIO,climate_increment,1065259533.7530718
4025,super_stress,PORTFOLIO,climate_increment,413882131.2921991
4026,super_stress,PORTFOLIO,climate_increment,338917513.925476
4027,super_stress,PORTFOLIO,climate_increment,827838568.0094911
4028,super_stress,PORTFOLIO,climate_increment,676613156.4893947
4029,super_stress,PORTFOLIO,climate_increment,126325449.64984724
4030,super_stress,PORTFOLIO,climate_increment,318538795.7225103
4031,super_stress,PORTFOLIO,climate_increment,57694460.13109651
4032,super_stress,PORTFOLIO,climate_increment,628796088.3352495
4033,super_stress,PORTFOLIO,climate_increment,919913670.4167861
4034,super_stress,PORTFOLIO,climate_increment,76871829.70512281
4035,super_stress,PORTFOLIO,climate_increment,729874433.1620452
4036,super_stress,PORTFOLIO,climate_increment,689084244.3210275
4037,super_stress,PORTFOLIO,climate_increment,495011089.7456154
4038,super_stress,PORTFOLIO,climate_increment,1065353191.4652399
4039,super_stress,PORTFOLIO,climate_increment,219501580.3540498
4040,super_stress,PORTFOLIO,climate_increment,191949470.48282436
4041,super_stress,PORTFOLIO,climate_increment,360480663.5286426
4042,super_stress,PORTFOLIO,climate_increment,377788245.77677035
4043,super_stress,PORTFOLIO,climate_increment,447728568.0610956
4044,super_stress,PORTFOLIO,climate_increment,493149480.3858821
4045,super_stress,PORTFOLIO,climate_increment,453708012.2089626
4046,super_stress,PORTFOLIO,climate_increment,-149419272.35752344
4047,super_stress,PORTFOLIO,climate_increment,131888970.02914709
4048,super_stress,PORTFOLIO,climate_increment,-153084591.19248945
4049,super_stress,PORTFOLIO,climate_increment,285747963.7634348
4050,super_stress,PORTFOLIO,climate_increment,147334243.61007375
4051,super_stress,PORTFOLIO,climate_increment,1141598772.867692
4052,super_stress,PORTFOLIO,climate_increment,299291199.4184396
4053,super_stress,PORTFOLIO,climate_increment,266914529.38675374
4054,super_stress,PORTFOLIO,climate_increment,392395745.6096805
4055,super_stress,PORTFOLIO,climate_increment,905585041.9713607
4056,super_stress,PORTFOLIO,climate_increment,962880961.9254302
4057,super_stress,PORTFOLIO,climate_increment,304267684.8947594
4058,super_stress,PORTFOLIO,climate_increment,595712016.3988981
4059,super_stress,PORTFOLIO,climate_increment,349274228.6690692
4060,super_stress,PORTFOLIO,climate_increment,275613619.5216422
4061,super_stress,PORTFOLIO,climate_increment,378152025.58861464
4062,super_stress,PORTFOLIO,climate_increment,101718172.73733306
4063,super_stress,PORTFOLIO,climate_increment,686817834.0158243
4064,super_stress,PORTFOLIO,climate_increment,643162612.8043599
4065,super_stress,PORTFOLIO,climate_increment,592176462.9592642
4066,super_stress,PORTFOLIO,climate_increment,620578641.9518943
4067,super_stress,PORTFOLIO,climate_increment,790441950.3490462
4068,super_stress,PORTFOLIO,climate_increment,115786646.2311133
4069,super_stress,PORTFOLIO,climate_increment,-104001135.61448114
4070,super_stress,PORTFOLIO,climate_increment,338564607.22181803
4071,super_stress,PORTFOLIO,climate_increment,527454441.59586465
4072,super_stress,PORTFOLIO,climate_increment,464517463.105537
4073,super_stress,PORTFOLIO,climate_increment,410009132.45070505
4074,super_stress,PORTFOLIO,climate_increment,909799572.1302141
4075,super_stress,PORTFOLIO,climate_increment,519772492.48258764
4076,super_stress,PORTFOLIO,climate_increment,138803270.6379295
4077,super_stress,PORTFOLIO,climate_increment,701554905.0785761
4078,super_stress,PORTFOLIO,climate_increment,588258722.3367468
4079,super_stress,PORTFOLIO,climate_increment,294453607.0915925
4080,super_stress,PORTFOLIO,climate_increment,579461853.7525139
4081,super_stress,PORTFOLIO,climate_increment,837900812.6365198
4082,super_stress,PORTFOLIO,climate_increment,101262846.11093774
4083,super_stress,PORTFOLIO,climate_increment,984806097.7774358
4084,super_stress,PORTFOLIO,climate_increment,378476913.8120066
4085,super_stress,PORTFOLIO,climate_increment,393997659.9445243
4086,super_stress,PORTFOLIO,climate_increment,151510920.50452214
4087,super_stress,PORTFOLIO,climate_increment,86192982.59862526
4088,super_stress,PORTFOLIO,climate_increment,327586510.4736112
4089,super_stress,PORTFOLIO,climate_increment,330420518.9929947
4090,super_stress,PORTFOLIO,climate_increment,1377174709.3646615
4091,super_stress,PORTFOLIO,climate_increment,155022505.20566118
4092,super_stress,PORTFOLIO,climate_increment,791414413.5331547
4093,super_stress,PORTFOLIO,climate_increment,609251509.2288423
4094,super_stress,PORTFOLIO,climate_increment,321915102.38109016
4095,super_stress,PORTFOLIO,climate_increment,537180485.8088778
4096,super_stress,PORTFOLIO,climate_increment,253366375.51595208
4097,super_stress,PORTFOLIO,climate_increment,162425442.97881925
4098,super_stress,PORTFOLIO,climate_increment,537443365.0487206
4099,super_stress,PORTFOLIO,climate_increment,66203057.76114485
4100,super_stress,PORTFOLIO,climate_increment,584670887.3237585
4101,super_stress,PORTFOLIO,climate_increment,242306888.98494002
4102,super_stress,PORTFOLIO,climate_increment,1178574595.5186346
4103,super_stress,PORTFOLIO,climate_increment,1015817555.3315829
4104,super_stress,PORTFOLIO,climate_increment,198559898.45078006
4105,super_stress,PORTFOLIO,climate_increment,515545364.48966694
4106,super_stress,PORTFOLIO,climate_increment,-189802819.0158686
4107,super_stress,PORTFOLIO,climate_increment,574937218.2615795
4108,super_stress,PORTFOLIO,climate_increment,996370355.9629405
4109,super_stress,PORTFOLIO,climate_increment,703124780.2957417
4110,super_stress,PORTFOLIO,climate_increment,765843855.4348876
4111,super_stress,PORTFOLIO,climate_increment,225134222.94227806
4112,super_stress,PORTFOLIO,climate_increment,1166106617.8570762
4113,super_stress,PORTFOLIO,climate_increment,415351349.0675756
4114,super_stress,PORTFOLIO,climate_increment,202316407.68687224
4115,super_stress,PORTFOLIO,climate_increment,659933695.6642584
4116,super_stress,PORTFOLIO,climate_increment,273025612.8013764
4117,super_stress,PORTFOLIO,climate_increment,898926975.0714792
4118,super_stress,PORTFOLIO,climate_increment,583188734.328274
4119,super_stress,PORTFOLIO,climate_increment,369426818.76900774
4120,super_stress,PORTFOLIO,climate_increment,502543801.0367134
4121,super_stress,PORTFOLIO,climate_increment,396311688.3986908
4122,super_stress,PORTFOLIO,climate_increment,314429092.6609692
4123,super_stress,PORTFOLIO,climate_increment,259123722.54608622
4124,super_stress,PORTFOLIO,climate_increment,-183464564.92447594
4125,super_stress,PORTFOLIO,climate_increment,383860686.472659
4126,super_stress,PORTFOLIO,climate_increment,140683602.22583526
4127,super_stress,PORTFOLIO,climate_increment,187206291.2682822
4128,super_stress,PORTFOLIO,climate_increment,1122914371.986846
4129,super_stress,PORTFOLIO,climate_increment,503060961.48224133
4130,super_stress,PORTFOLIO,climate_increment,483955125.10460037
4131,super_stress,PORTFOLIO,climate_increment,825638149.2454879
4132,super_stress,PORTFOLIO,climate_increment,735033611.721216
4133,super_stress,PORTFOLIO,climate_increment,344950705.8782397
4134,super_stress,PORTFOLIO,climate_increment,635414343.422017
4135,super_stress,PORTFOLIO,climate_increment,700001417.8030987
4136,super_stress,PORTFOLIO,climate_increment,605641234.9633489
4137,super_stress,PORTFOLIO,climate_increment,639552421.1266989
4138,super_stress,PORTFOLIO,climate_increment,471064934.89965004
4139,super_stress,PORTFOLIO,climate_increment,432292622.9573444
4140,super_stress,PORTFOLIO,climate_increment,331462359.28722745
4141,super_stress,PORTFOLIO,climate_increment,201939398.96825635
4142,super_stress,PORTFOLIO,climate_increment,112487709.59868674
4143,super_stress,PORTFOLIO,climate_increment,365573129.23160917
4144,super_stress,PORTFOLIO,climate_increment,361236709.25758165
4145,super_stress,PORTFOLIO,climate_increment,234041990.18299526
4146,super_stress,PORTFOLIO,climate_increment,296358626.04650086
4147,super_stress,PORTFOLIO,climate_increment,486962404.3635173
4148,super_stress,PORTFOLIO,climate_increment,57509883.119842574
4149,super_stress,PORTFOLIO,climate_increment,616492592.0135674
4150,super_stress,PORTFOLIO,climate_increment,200086107.80131692
4151,super_stress,PORTFOLIO,climate_increment,366789973.04794776
4152,super_stress,PORTFOLIO,climate_increment,510994189.35363734
4153,super_stress,PORTFOLIO,climate_increment,7004646.078795646
4154,super_stress,PORTFOLIO,climate_increment,899154643.8026305
4155,super_stress,PORTFOLIO,climate_increment,466185789.19286567
4156,super_stress,PORTFOLIO,climate_increment,339210649.8213281
4157,super_stress,PORTFOLIO,climate_increment,744183991.5975049
4158,super_stress,PORTFOLIO,climate_increment,569992032.7851858
4159,super_stress,PORTFOLIO,climate_increment,584663609.4793415
4160,super_stress,PORTFOLIO,climate_increment,259757046.60261646
4161,super_stress,PORTFOLIO,climate_increment,651867416.4545357
4162,super_stress,PORTFOLIO,climate_increment,1273356746.7532341
4163,super_stress,PORTFOLIO,climate_increment,102221392.73238768
4164,super_stress,PORTFOLIO,climate_increment,971759296.5637046
4165,super_stress,PORTFOLIO,climate_increment,1071785295.7160201
4166,super_stress,PORTFOLIO,climate_increment,657042356.4961386
4167,super_stress,PORTFOLIO,climate_increment,419830031.4146706
4168,super_stress,PORTFOLIO,climate_increment,418987507.5190443
4169,super_stress,PORTFOLIO,climate_increment,1214884355.0584016
4170,super_stress,PORTFOLIO,climate_increment,573797931.9858111
4171,super_stress,PORTFOLIO,climate_increment,176532678.82636464
4172,super_stress,PORTFOLIO,climate_increment,486555673.3979949
4173,super_stress,PORTFOLIO,climate_increment,606707012.7967775
4174,super_stress,PORTFOLIO,climate_increment,714960395.23005
4175,super_stress,PORTFOLIO,climate_increment,1239538262.030997
4176,super_stress,PORTFOLIO,climate_increment,361051785.0395508
4177,super_stress,PORTFOLIO,climate_increment,220212870.43744445
4178,super_stress,PORTFOLIO,climate_increment,694088002.5578686
4179,super_stress,PORTFOLIO,climate_increment,663162711.7048079
4180,super_stress,PORTFOLIO,climate_increment,241317287.32343295
4181,super_stress,PORTFOLIO,climate_increment,471848314.180782
4182,super_stress,PORTFOLIO,climate_increment,480585482.71033067
4183,super_stress,PORTFOLIO,climate_increment,115766035.61585979
4184,super_stress,PORTFOLIO,climate_increment,788878887.4263071
4185,super_stress,PORTFOLIO,climate_increment,522690678.9931416
4186,super_stress,PORTFOLIO,climate_increment,447030349.83990264
4187,super_stress,PORTFOLIO,climate_increment,400952334.5210883
4188,super_stress,PORTFOLIO,climate_increment,1036788994.9264666
4189,super_stress,PORTFOLIO,climate_increment,430920740.4549606
4190,super_stress,PORTFOLIO,climate_increment,804952833.0016152
4191,super_stress,PORTFOLIO,climate_increment,290948518.9957312
4192,super_stress,PORTFOLIO,climate_increment,452126280.55878127
4193,super_stress,PORTFOLIO,climate_increment,516230462.15732205
4194,super_stress,PORTFOLIO,climate_increment,409225806.4545646
4195,super_stress,PORTFOLIO,climate_increment,455834217.8203421
4196,super_stress,PORTFOLIO,climate_increment,440126425.63240564
4197,super_stress,PORTFOLIO,climate_increment,267246368.5162745
4198,super_stress,PORTFOLIO,climate_increment,497605143.2584545
4199,super_stress,PORTFOLIO,climate_increment,971551073.2702329
4200,super_stress,PORTFOLIO,climate_increment,694130312.098791
4201,super_stress,PORTFOLIO,climate_increment,243402694.41315776
4202,super_stress,PORTFOLIO,climate_increment,210146851.52322033
4203,super_stress,PORTFOLIO,climate_increment,805907406.5213741
4204,super_stress,PORTFOLIO,climate_increment,136009261.67678186
4205,super_stress,PORTFOLIO,climate_increment,632238494.7136616
4206,super_stress,PORTFOLIO,climate_increment,294692098.5613691
4207,super_stress,PORTFOLIO,climate_increment,601545756.9962085
4208,super_stress,PORTFOLIO,climate_increment,187258056.16632238
4209,super_stress,PORTFOLIO,climate_increment,1008730202.5962341
4210,super_stress,PORTFOLIO,climate_increment,612695872.8638223
4211,super_stress,PORTFOLIO,climate_increment,626642629.3484348
4212,super_stress,PORTFOLIO,climate_increment,490434298.0857071
4213,super_stress,PORTFOLIO,climate_increment,-187575176.14413875
4214,super_stress,PORTFOLIO,climate_increment,139930821.91211858
4215,super_stress,PORTFOLIO,climate_increment,246570196.8015177
4216,super_stress,PORTFOLIO,climate_increment,509430519.4132414
4217,super_stress,PORTFOLIO,climate_increment,163852455.78845358
4218,super_stress,PORTFOLIO,climate_increment,333386290.7452008
4219,super_stress,PORTFOLIO,climate_increment,579816707.254107
4220,super_stress,PORTFOLIO,climate_increment,378437584.5300568
4221,super_stress,PORTFOLIO,climate_increment,371560412.73562735
4222,super_stress,PORTFOLIO,climate_increment,-50733817.321876355
4223,super_stress,PORTFOLIO,climate_increment,906476635.7819036
4224,super_stress,PORTFOLIO,climate_increment,761529608.1630273
4225,super_stress,PORTFOLIO,climate_increment,357085207.6635904
4226,super_stress,PORTFOLIO,climate_increment,738416811.4171815
4227,super_stress,PORTFOLIO,climate_increment,464693662.626146
4228,super_stress,PORTFOLIO,climate_increment,454554031.38059217
4229,super_stress,PORTFOLIO,climate_increment,630045309.636642
4230,super_stress,PORTFOLIO,climate_increment,411664223.11295986
4231,super_stress,PORTFOLIO,climate_increment,386836605.4438363
4232,super_stress,PORTFOLIO,climate_increment,1216664673.1452823
4233,super_stress,PORTFOLIO,climate_increment,327446442.734872
4234,super_stress,PORTFOLIO,climate_increment,667862406.3905591
4235,super_stress,PORTFOLIO,climate_increment,481245889.9702951
4236,super_stress,PORTFOLIO,climate_increment,311896152.8107778
4237,super_stress,PORTFOLIO,climate_increment,1465611886.6788428
4238,super_stress,PORTFOLIO,climate_increment,364298149.9916181
4239,super_stress,PORTFOLIO,climate_increment,733840694.1973487
4240,super_stress,PORTFOLIO,climate_increment,694978946.2904786
4241,super_stress,PORTFOLIO,climate_increment,391478965.40448177
4242,super_stress,PORTFOLIO,climate_increment,1097899958.0703704
4243,super_stress,PORTFOLIO,climate_increment,911988583.0892403
4244,super_stress,PORTFOLIO,climate_increment,377857193.7230334
4245,super_stress,PORTFOLIO,climate_increment,300033775.1596266
4246,super_stress,PORTFOLIO,climate_increment,574306692.1533934
4247,super_stress,PORTFOLIO,climate_increment,497702988.9760643
4248,super_stress,PORTFOLIO,climate_increment,544515183.7144302
4249,super_stress,PORTFOLIO,climate_increment,21605452.97635409
4250,super_stress,PORTFOLIO,climate_increment,1002659228.4276783
4251,super_stress,PORTFOLIO,climate_increment,-35214222.08015781
4252,super_stress,PORTFOLIO,climate_increment,493039500.19871485
4253,super_stress,PORTFOLIO,climate_increment,598548196.5447329
4254,super_stress,PORTFOLIO,climate_increment,694296846.0801679
4255,super_stress,PORTFOLIO,climate_increment,451531429.3460686
4256,super_stress,PORTFOLIO,climate_increment,62561547.30597142
4257,super_stress,PORTFOLIO,climate_increment,522033498.437991
4258,super_stress,PORTFOLIO,climate_increment,333538639.65743244
4259,super_stress,PORTFOLIO,climate_increment,142679031.03122622
4260,super_stress,PORTFOLIO,climate_increment,657486775.8466365
4261,super_stress,PORTFOLIO,climate_increment,437224130.2934707
4262,super_stress,PORTFOLIO,climate_increment,515422137.14437747
4263,super_stress,PORTFOLIO,climate_increment,251291495.5123056
4264,super_stress,PORTFOLIO,climate_increment,637706353.2152481
4265,super_stress,PORTFOLIO,climate_increment,351823594.0769259
4266,super_stress,PORTFOLIO,climate_increment,332018930.7117946
4267,super_stress,PORTFOLIO,climate_increment,465320814.4233274
4268,super_stress,PORTFOLIO,climate_increment,674730815.2645311
4269,super_stress,PORTFOLIO,climate_increment,818903789.937293
4270,super_stress,PORTFOLIO,climate_increment,508515475.0441159
4271,super_stress,PORTFOLIO,climate_increment,610622339.686946
4272,super_stress,PORTFOLIO,climate_increment,717711362.7601032
4273,super_stress,PORTFOLIO,climate_increment,167379459.1341028
4274,super_stress,PORTFOLIO,climate_increment,397302032.5985427
4275,super_stress,PORTFOLIO,climate_increment,368748294.08579576
4276,super_stress,PORTFOLIO,climate_increment,740275643.2437152
4277,super_stress,PORTFOLIO,climate_increment,527860847.8531277
4278,super_stress,PORTFOLIO,climate_increment,540996797.5581391
4279,super_stress,PORTFOLIO,climate_increment,523126202.9841965
4280,super_stress,PORTFOLIO,climate_increment,751825659.9284862
4281,super_stress,PORTFOLIO,climate_increment,236497779.75112224
4282,super_stress,PORTFOLIO,climate_increment,517696795.3628753
4283,super_stress,PORTFOLIO,climate_increment,181553129.89332467
4284,super_stress,PORTFOLIO,climate_increment,652395977.3990481
4285,super_stress,PORTFOLIO,climate_increment,306046186.4133541
4286,super_stress,PORTFOLIO,climate_increment,778628083.665129
4287,super_stress,PORTFOLIO,climate_increment,336096624.55475533
4288,super_stress,PORTFOLIO,climate_increment,524522616.567654
4289,super_stress,PORTFOLIO,climate_increment,32348134.07231892
4290,super_stress,PORTFOLIO,climate_increment,288655422.8284514
4291,super_stress,PORTFOLIO,climate_increment,746042499.9509032
4292,super_stress,PORTFOLIO,climate_increment,463283163.91109574
4293,super_stress,PORTFOLIO,climate_increment,148538855.75827172
4294,super_stress,PORTFOLIO,climate_increment,544340455.2520493
4295,super_stress,PORTFOLIO,climate_increment,425630945.3879133
4296,super_stress,PORTFOLIO,climate_increment,212659178.54266825
4297,super_stress,PORTFOLIO,climate_increment,416623658.5708438
4298,super_stress,PORTFOLIO,climate_increment,289733462.9655146
4299,super_stress,PORTFOLIO,climate_increment,787041048.710703
4300,super_stress,PORTFOLIO,climate_increment,458274838.03474003
4301,super_stress,PORTFOLIO,climate_increment,524047579.8851534
4302,super_stress,PORTFOLIO,climate_increment,-239092749.0653509
4303,super_stress,PORTFOLIO,climate_increment,785158747.8020465
4304,super_stress,PORTFOLIO,climate_increment,176437259.20519522
4305,super_stress,PORTFOLIO,climate_increment,322134217.6252716
4306,super_stress,PORTFOLIO,climate_increment,653062512.3968141
4307,super_stress,PORTFOLIO,climate_increment,234156120.7982772
4308,super_stress,PORTFOLIO,climate_increment,335186569.62053096
4309,super_stress,PORTFOLIO,climate_increment,349150558.9602645
4310,super_stress,PORTFOLIO,climate_increment,407941942.9193618
4311,super_stress,PORTFOLIO,climate_increment,375491491.7275864
4312,super_stress,PORTFOLIO,climate_increment,576494201.4716142
4313,super_stress,PORTFOLIO,climate_increment,781909929.8382349
4314,super_stress,PORTFOLIO,climate_increment,292163935.64573413
4315,super_stress,PORTFOLIO,climate_increment,740636178.7044936
4316,super_stress,PORTFOLIO,climate_increment,214232501.69728893
4317,super_stress,PORTFOLIO,climate_increment,34461173.20514593
4318,super_stress,PORTFOLIO,climate_increment,215701228.16243502
4319,super_stress,PORTFOLIO,climate_increment,738541009.9122062
4320,super_stress,PORTFOLIO,climate_increment,48357499.12406075
4321,super_stress,PORTFOLIO,climate_increment,424336632.4542906
4322,super_stress,PORTFOLIO,climate_increment,411790127.1699169
4323,super_stress,PORTFOLIO,climate_increment,564506102.2551482
4324,super_stress,PORTFOLIO,climate_increment,325433731.39701134
4325,super_stress,PORTFOLIO,climate_increment,354604777.8388341
4326,super_stress,PORTFOLIO,climate_increment,296007502.12790716
4327,super_stress,PORTFOLIO,climate_increment,168601658.28392497
4328,super_stress,PORTFOLIO,climate_increment,580965443.5413401
4329,super_stress,PORTFOLIO,climate_increment,496649574.7836505
4330,super_stress,PORTFOLIO,climate_increment,470975334.7214741
4331,super_stress,PORTFOLIO,climate_increment,1145105786.3739703
4332,super_stress,PORTFOLIO,climate_increment,837102228.9292878
4333,super_stress,PORTFOLIO,climate_increment,359639790.07900214
4334,super_stress,PORTFOLIO,climate_increment,401669457.9681238
4335,super_stress,PORTFOLIO,climate_increment,537907457.3555831
4336,super_stress,PORTFOLIO,climate_increment,401627171.5308075
4337,super_stress,PORTFOLIO,climate_increment,716319256.4485153
4338,super_stress,PORTFOLIO,climate_increment,525271226.24381965
4339,super_stress,PORTFOLIO,climate_increment,331817072.92331064
4340,super_stress,PORTFOLIO,climate_increment,765366738.714119
4341,super_stress,PORTFOLIO,climate_increment,-216832748.46790737
4342,super_stress,PORTFOLIO,climate_increment,-20379989.61265011
4343,super_stress,PORTFOLIO,climate_increment,778323587.5386282
4344,super_stress,PORTFOLIO,climate_increment,412856815.58283967
4345,super_stress,PORTFOLIO,climate_increment,749959486.379918
4346,super_stress,PORTFOLIO,climate_increment,1094131050.3741496
4347,super_stress,PORTFOLIO,climate_increment,827326274.1601117
4348,super_stress,PORTFOLIO,climate_increment,334393512.6263309
4349,super_stress,PORTFOLIO,climate_increment,934663090.8653451
4350,super_stress,PORTFOLIO,climate_increment,568659954.3780284
4351,super_stress,PORTFOLIO,climate_increment,437740192.93590856
4352,super_stress,PORTFOLIO,climate_increment,499459124.131424
4353,super_stress,PORTFOLIO,climate_increment,380802054.9638818
4354,super_stress,PORTFOLIO,climate_increment,309144298.6696153
4355,super_stress,PORTFOLIO,climate_increment,634401530.9177511
4356,super_stress,PORTFOLIO,climate_increment,404693046.6545377
4357,super_stress,PORTFOLIO,climate_increment,789157665.7355115
4358,super_stress,PORTFOLIO,climate_increment,1089840074.7903395
4359,super_stress,PORTFOLIO,climate_increment,441851678.16906536
4360,super_stress,PORTFOLIO,climate_increment,404973371.951489
4361,super_stress,PORTFOLIO,climate_increment,389375065.3546472
4362,super_stress,PORTFOLIO,climate_increment,429406143.2171999
4363,super_stress,PORTFOLIO,climate_increment,270135248.8690127
4364,super_stress,PORTFOLIO,climate_increment,389858770.1514823
4365,super_stress,PORTFOLIO,climate_increment,245601795.6280025
4366,super_stress,PORTFOLIO,climate_increment,822431464.4743152
4367,super_stress,PORTFOLIO,climate_increment,-17506349.956323434
4368,super_stress,PORTFOLIO,climate_increment,373256596.08621705
4369,super_stress,PORTFOLIO,climate_increment,601886073.0544482
4370,super_stress,PORTFOLIO,climate_increment,110557349.655138
4371,super_stress,PORTFOLIO,climate_increment,318981626.78162825
4372,super_stress,PORTFOLIO,climate_increment,318286645.9259791
4373,super_stress,PORTFOLIO,climate_increment,483081751.61920756
4374,super_stress,PORTFOLIO,climate_increment,543040404.8976481
4375,super_stress,PORTFOLIO,climate_increment,373058686.9614358
4376,super_stress,PORTFOLIO,climate_increment,473798876.99391
4377,super_stress,PORTFOLIO,climate_increment,736953548.1577184
4378,super_stress,PORTFOLIO,climate_increment,825295734.1656386
4379,super_stress,PORTFOLIO,climate_increment,350366107.2360465
4380,super_stress,PORTFOLIO,climate_increment,450992127.08221406
4381,super_stress,PORTFOLIO,climate_increment,582739276.8679125
4382,super_stress,PORTFOLIO,climate_increment,-185990534.85045943
4383,super_stress,PORTFOLIO,climate_increment,583219743.3373128
4384,super_stress,PORTFOLIO,climate_increment,479235496.74812376
4385,super_stress,PORTFOLIO,climate_increment,1167663013.069993
4386,super_stress,PORTFOLIO,climate_increment,609059500.8955514
4387,super_stress,PORTFOLIO,climate_increment,281424161.8043688
4388,super_stress,PORTFOLIO,climate_increment,-363160345.77243376
4389,super_stress,PORTFOLIO,climate_increment,347850042.97363216
4390,super_stress,PORTFOLIO,climate_increment,658025901.4549795
4391,super_stress,PORTFOLIO,climate_increment,192776544.5049063
4392,super_stress,PORTFOLIO,climate_increment,1124665188.1560874
4393,super_stress,PORTFOLIO,climate_increment,570310824.3126359
4394,super_stress,PORTFOLIO,climate_increment,237353955.8896824
4395,super_stress,PORTFOLIO,climate_increment,589560851.7424964
4396,super_stress,PORTFOLIO,climate_increment,622744546.8414329
4397,super_stress,PORTFOLIO,climate_increment,143927485.1182216
4398,super_stress,PORTFOLIO,climate_increment,345451669.6437999
4399,super_stress,PORTFOLIO,climate_increment,364691082.9442712
4400,super_stress,PORTFOLIO,climate_increment,401975615.84715825
4401,super_stress,PORTFOLIO,climate_increment,892965669.6451734
4402,super_stress,PORTFOLIO,climate_increment,1076174282.8232143
4403,super_stress,PORTFOLIO,climate_increment,172808172.00280035
4404,super_stress,PORTFOLIO,climate_increment,405885734.4098961
4405,super_stress,PORTFOLIO,climate_increment,167491212.5389423
4406,super_stress,PORTFOLIO,climate_increment,590801986.4672426
4407,super_stress,PORTFOLIO,climate_increment,785521021.0183632
4408,super_stress,PORTFOLIO,climate_increment,140432745.7882966
4409,super_stress,PORTFOLIO,climate_increment,469451940.2855918
4410,super_stress,PORTFOLIO,climate_increment,706754831.0195771
4411,super_stress,PORTFOLIO,climate_increment,597826318.8192081
4412,super_stress,PORTFOLIO,climate_increment,592239123.6739295
4413,super_stress,PORTFOLIO,climate_increment,117208529.1088687
4414,super_stress,PORTFOLIO,climate_increment,362525862.98689526
4415,super_stress,PORTFOLIO,climate_increment,321591793.771272
4416,super_stress,PORTFOLIO,climate_increment,256673766.8971733
4417,super_stress,PORTFOLIO,climate_increment,349952687.31918395
4418,super_stress,PORTFOLIO,climate_increment,562714183.3548014
4419,super_stress,PORTFOLIO,climate_increment,248689928.35729775
4420,super_stress,PORTFOLIO,climate_increment,419918558.1495153
4421,super_stress,PORTFOLIO,climate_increment,679838836.589552
4422,super_stress,PORTFOLIO,climate_increment,389404405.89108676
4423,super_stress,PORTFOLIO,climate_increment,713479375.7467598
4424,super_stress,PORTFOLIO,climate_increment,223850934.61092627
4425,super_stress,PORTFOLIO,climate_increment,656900792.8769253
4426,super_stress,PORTFOLIO,climate_increment,483396241.2091955
4427,super_stress,PORTFOLIO,climate_increment,98503715.94644538
4428,super_stress,PORTFOLIO,climate_increment,1190159583.9673033
4429,super_stress,PORTFOLIO,climate_increment,203044701.9836094
4430,super_stress,PORTFOLIO,climate_increment,569421183.3872938
4431,super_stress,PORTFOLIO,climate_increment,408959171.1220039
4432,super_stress,PORTFOLIO,climate_increment,372426440.4795711
4433,super_stress,PORTFOLIO,climate_increment,614445960.9865417
4434,super_stress,PORTFOLIO,climate_increment,507508268.165552
4435,super_stress,PORTFOLIO,climate_increment,381099106.6115661
4436,super_stress,PORTFOLIO,climate_increment,482112050.1495094
4437,super_stress,PORTFOLIO,climate_increment,353894366.55731547
4438,super_stress,PORTFOLIO,climate_increment,503938898.9245294
4439,super_stress,PORTFOLIO,climate_increment,509213493.44066995
4440,super_stress,PORTFOLIO,climate_increment,776901107.5703002
4441,super_stress,PORTFOLIO,climate_increment,906292166.9848812
4442,super_stress,PORTFOLIO,climate_increment,545524360.6505065
4443,super_stress,PORTFOLIO,climate_increment,435504482.92641026
4444,super_stress,PORTFOLIO,climate_increment,793488044.5333651
4445,super_stress,PORTFOLIO,climate_increment,288497938.959
4446,super_stress,PORTFOLIO,climate_increment,475490535.3444523
4447,super_stress,PORTFOLIO,climate_increment,343572924.2960794
4448,super_stress,PORTFOLIO,climate_increment,-211513871.98422095
4449,super_stress,PORTFOLIO,climate_increment,284242504.8591833
4450,super_stress,PORTFOLIO,climate_increment,428124815.9904205
4451,super_stress,PORTFOLIO,climate_increment,-273060467.9259826
4452,super_stress,PORTFOLIO,climate_increment,369706391.22259796
4453,super_stress,PORTFOLIO,climate_increment,124700447.5224223
4454,super_stress,PORTFOLIO,climate_increment,111463006.93031597
4455,super_stress,PORTFOLIO,climate_increment,92988530.03396681
4456,super_stress,PORTFOLIO,climate_increment,698277237.1573305
4457,super_stress,PORTFOLIO,climate_increment,507777722.33954436
4458,super_stress,PORTFOLIO,climate_increment,480927048.9041552
4459,super_stress,PORTFOLIO,climate_increment,329788159.57663864
4460,super_stress,PORTFOLIO,climate_increment,199820493.38667104
4461,super_stress,PORTFOLIO,climate_increment,108540170.87902519
4462,super_stress,PORTFOLIO,climate_increment,616658708.3413446
4463,super_stress,PORTFOLIO,climate_increment,638879209.0355545
4464,super_stress,PORTFOLIO,climate_increment,443265907.9558144
4465,super_stress,PORTFOLIO,climate_increment,-2531772.19266909
4466,super_stress,PORTFOLIO,climate_increment,210875795.38835576
4467,super_stress,PORTFOLIO,climate_increment,656156808.7683644
4468,super_stress,PORTFOLIO,climate_increment,540689939.1097897
4469,super_stress,PORTFOLIO,climate_increment,610398919.2764124
4470,super_stress,PORTFOLIO,climate_increment,945540749.3003798
4471,super_stress,PORTFOLIO,climate_increment,-12204482.059635486
4472,super_stress,PORTFOLIO,climate_increment,100742833.46856119
4473,super_stress,PORTFOLIO,climate_increment,54915617.49745737
4474,super_stress,PORTFOLIO,climate_increment,416368511.741687
4475,super_stress,PORTFOLIO,climate_increment,427031761.388669
4476,super_stress,PORTFOLIO,climate_increment,174374862.55308002
4477,super_stress,PORTFOLIO,climate_increment,302323631.79890126
4478,super_stress,PORTFOLIO,climate_increment,491617065.10244626
4479,super_stress,PORTFOLIO,climate_increment,520376417.1508817
4480,super_stress,PORTFOLIO,climate_increment,533037803.44096726
4481,super_stress,PORTFOLIO,climate_increment,275127416.0922051
4482,super_stress,PORTFOLIO,climate_increment,553936641.2329458
4483,super_stress,PORTFOLIO,climate_increment,512680010.5056448
4484,super_stress,PORTFOLIO,climate_increment,872330623.6044155
4485,super_stress,PORTFOLIO,climate_increment,945756575.4933201
4486,super_stress,PORTFOLIO,climate_increment,432915960.1140854
4487,super_stress,PORTFOLIO,climate_increment,545294461.4125279
4488,super_stress,PORTFOLIO,climate_increment,273707820.1183135
4489,super_stress,PORTFOLIO,climate_increment,262394425.6974955
4490,super_stress,PORTFOLIO,climate_increment,617091909.1810678
4491,super_stress,PORTFOLIO,climate_increment,526943764.3515985
4492,super_stress,PORTFOLIO,climate_increment,797436233.8248645
4493,super_stress,PORTFOLIO,climate_increment,419726249.1016536
4494,super_stress,PORTFOLIO,climate_increment,594226559.2764031
4495,super_stress,PORTFOLIO,climate_increment,-2297488.0380076095
4496,super_stress,PORTFOLIO,climate_increment,709017825.7206916
4497,super_stress,PORTFOLIO,climate_increment,263396131.62638986
4498,super_stress,PORTFOLIO,climate_increment,586107458.849339
4499,super_stress,PORTFOLIO,climate_increment,424130780.1112547
4500,super_stress,PORTFOLIO,climate_increment,338248803.91439563
4501,super_stress,PORTFOLIO,climate_increment,767902471.9922103
4502,super_stress,PORTFOLIO,climate_increment,267380676.2648848
4503,super_stress,PORTFOLIO,climate_increment,559735458.0825642
4504,super_stress,PORTFOLIO,climate_increment,1057409528.6547911
4505,super_stress,PORTFOLIO,climate_increment,165757560.15436763
4506,super_stress,PORTFOLIO,climate_increment,-295657817.4425759
4507,super_stress,PORTFOLIO,climate_increment,186929916.8461494
4508,super_stress,PORTFOLIO,climate_increment,1112379455.0898836
4509,super_stress,PORTFOLIO,climate_increment,612331710.6319008
4510,super_stress,PORTFOLIO,climate_increment,-20622321.3352427
4511,super_stress,PORTFOLIO,climate_increment,968056442.7336162
4512,super_stress,PORTFOLIO,climate_increment,650768966.2295592
4513,super_stress,PORTFOLIO,climate_increment,261717273.18882892
4514,super_stress,PORTFOLIO,climate_increment,196287342.9011715
4515,super_stress,PORTFOLIO,climate_increment,831147842.5757533
4516,super_stress,PORTFOLIO,climate_increment,84883806.14208317
4517,super_stress,PORTFOLIO,climate_increment,579545360.1026398
4518,super_stress,PORTFOLIO,climate_increment,484071233.55732596
4519,super_stress,PORTFOLIO,climate_increment,594310694.0020486
4520,super_stress,PORTFOLIO,climate_increment,-14176042.279578298
4521,super_stress,PORTFOLIO,climate_increment,904789676.9445772
4522,super_stress,PORTFOLIO,climate_increment,293718107.82810396
4523,super_stress,PORTFOLIO,climate_increment,576899746.1260285
4524,super_stress,PORTFOLIO,climate_increment,424059768.30317664
4525,super_stress,PORTFOLIO,climate_increment,17345924.611116376
4526,super_stress,PORTFOLIO,climate_increment,741556370.08829
4527,super_stress,PORTFOLIO,climate_increment,632226237.9361044
4528,super_stress,PORTFOLIO,climate_increment,219611243.02011254
4529,super_stress,PORTFOLIO,climate_increment,269167137.2075588
4530,super_stress,PORTFOLIO,climate_increment,1145329767.0712993
4531,super_stress,PORTFOLIO,climate_increment,311356975.3340472
4532,super_stress,PORTFOLIO,climate_increment,714362169.6981331
4533,super_stress,PORTFOLIO,climate_increment,506498617.91021824
4534,super_stress,PORTFOLIO,climate_increment,658738958.9974084
4535,super_stress,PORTFOLIO,climate_increment,363594553.1127337
4536,super_stress,PORTFOLIO,climate_increment,255167801.28005308
4537,super_stress,PORTFOLIO,climate_increment,368388924.58521086
4538,super_stress,PORTFOLIO,climate_increment,68610270.57158978
4539,super_stress,PORTFOLIO,climate_increment,700647070.2433094
4540,super_stress,PORTFOLIO,climate_increment,345435756.65449643
4541,super_stress,PORTFOLIO,climate_increment,214561078.54386503
4542,super_stress,PORTFOLIO,climate_increment,515047734.7589338
4543,super_stress,PORTFOLIO,climate_increment,524111095.74183184
4544,super_stress,PORTFOLIO,climate_increment,-30180205.19499652
4545,super_stress,PORTFOLIO,climate_increment,208346009.46938756
4546,super_stress,PORTFOLIO,climate_increment,810467560.3743242
4547,super_stress,PORTFOLIO,climate_increment,647251759.3401943
4548,super_stress,PORTFOLIO,climate_increment,1005124018.2369589
4549,super_stress,PORTFOLIO,climate_increment,-65729396.21861854
4550,super_stress,PORTFOLIO,climate_increment,636702975.835503
4551,super_stress,PORTFOLIO,climate_increment,538546867.8613288
4552,super_stress,PORTFOLIO,climate_increment,1264244039.533591
4553,super_stress,PORTFOLIO,climate_increment,361137386.27389526
4554,super_stress,PORTFOLIO,climate_increment,491069796.4146327
4555,super_stress,PORTFOLIO,climate_increment,208194597.4489244
4556,super_stress,PORTFOLIO,climate_increment,655268210.788716
4557,super_stress,PORTFOLIO,climate_increment,902704539.89267
4558,super_stress,PORTFOLIO,climate_increment,556678761.9473836
4559,super_stress,PORTFOLIO,climate_increment,278514938.73845667
4560,super_stress,PORTFOLIO,climate_increment,493704591.5715395
4561,super_stress,PORTFOLIO,climate_increment,345735705.19512826
4562,super_stress,PORTFOLIO,climate_increment,671678518.3387104
4563,super_stress,PORTFOLIO,climate_increment,340635828.49055284
4564,super_stress,PORTFOLIO,climate_increment,249529878.32817805
4565,super_stress,PORTFOLIO,climate_increment,391607082.50283706
4566,super_stress,PORTFOLIO,climate_increment,898273823.3004228
4567,super_stress,PORTFOLIO,climate_increment,724277194.4376037
4568,super_stress,PORTFOLIO,climate_increment,869024955.9737276
4569,super_stress,PORTFOLIO,climate_increment,143644859.76953134
4570,super_stress,PORTFOLIO,climate_increment,589766587.784216
4571,super_stress,PORTFOLIO,climate_increment,509333863.62213105
4572,super_stress,PORTFOLIO,climate_increment,788014304.1882951
4573,super_stress,PORTFOLIO,climate_increment,483454105.1042929
4574,super_stress,PORTFOLIO,climate_increment,550160002.0056359
4575,super_stress,PORTFOLIO,climate_increment,595310770.088356
4576,super_stress,PORTFOLIO,climate_increment,713538958.5242743
4577,super_stress,PORTFOLIO,climate_increment,15774069.51175523
4578,super_stress,PORTFOLIO,climate_increment,323632174.6892276
4579,super_stress,PORTFOLIO,climate_increment,356728272.1144144
4580,super_stress,PORTFOLIO,climate_increment,383368805.02070963
4581,super_stress,PORTFOLIO,climate_increment,505004876.069137
4582,super_stress,PORTFOLIO,climate_increment,436913152.19046044
4583,super_stress,PORTFOLIO,climate_increment,635279320.6703749
4584,super_stress,PORTFOLIO,climate_increment,524851684.462301
4585,super_stress,PORTFOLIO,climate_increment,269641493.89721066
4586,super_stress,PORTFOLIO,climate_increment,782496324.102861
4587,super_stress,PORTFOLIO,climate_increment,434001891.851259
4588,super_stress,PORTFOLIO,climate_increment,359689314.0263393
4589,super_stress,PORTFOLIO,climate_increment,522738302.2543722
4590,super_stress,PORTFOLIO,climate_increment,286965666.74213296
4591,super_stress,PORTFOLIO,climate_increment,156698412.67579585
4592,super_stress,PORTFOLIO,climate_increment,329279345.6403654
4593,super_stress,PORTFOLIO,climate_increment,597788781.2247561
4594,super_stress,PORTFOLIO,climate_increment,263667828.2869784
4595,super_stress,PORTFOLIO,climate_increment,914001871.9920166
4596,super_stress,PORTFOLIO,climate_increment,823265215.2786801
4597,super_stress,PORTFOLIO,climate_increment,518517688.31005174
4598,super_stress,PORTFOLIO,climate_increment,886962021.5110492
4599,super_stress,PORTFOLIO,climate_increment,-156820797.9936722
4600,super_stress,PORTFOLIO,climate_increment,413859541.22435814
4601,super_stress,PORTFOLIO,climate_increment,81659492.8155144
4602,super_stress,PORTFOLIO,climate_increment,373226724.9250674
4603,super_stress,PORTFOLIO,climate_increment,490090575.12556297
4604,super_stress,PORTFOLIO,climate_increment,532849604.6153712
4605,super_stress,PORTFOLIO,climate_increment,869503081.8094499
4606,super_stress,PORTFOLIO,climate_increment,484921245.266709
4607,super_stress,PORTFOLIO,climate_increment,407917657.2579801
4608,super_stress,PORTFOLIO,climate_increment,956441667.9895506
4609,super_stress,PORTFOLIO,climate_increment,274992003.09279555
4610,super_stress,PORTFOLIO,climate_increment,453893667.87654704
4611,super_stress,PORTFOLIO,climate_increment,220845566.11842394
4612,super_stress,PORTFOLIO,climate_increment,54711346.35657175
4613,super_stress,PORTFOLIO,climate_increment,162735313.17817587
4614,super_stress,PORTFOLIO,climate_increment,383137314.20363027
4615,super_stress,PORTFOLIO,climate_increment,1148722704.3532758
4616,super_stress,PORTFOLIO,climate_increment,243615972.0103422
4617,super_stress,PORTFOLIO,climate_increment,368507391.71451366
4618,super_stress,PORTFOLIO,climate_increment,289227138.91368514
4619,super_stress,PORTFOLIO,climate_increment,265417589.0422411
4620,super_stress,PORTFOLIO,climate_increment,124766915.65601377
4621,super_stress,PORTFOLIO,climate_increment,306131765.25873816
4622,super_stress,PORTFOLIO,climate_increment,529514297.10863554
4623,super_stress,PORTFOLIO,climate_increment,470945704.926695
4624,super_stress,PORTFOLIO,climate_increment,214420539.02882808
4625,super_stress,PORTFOLIO,climate_increment,410729899.11633444
4626,super_stress,PORTFOLIO,climate_increment,124773673.26177885
4627,super_stress,PORTFOLIO,climate_increment,190800106.34983334
4628,super_stress,PORTFOLIO,climate_increment,897319301.5512409
4629,super_stress,PORTFOLIO,climate_increment,697124157.4190072
4630,super_stress,PORTFOLIO,climate_increment,418611950.71134615
4631,super_stress,PORTFOLIO,climate_increment,918026091.8009105
4632,super_stress,PORTFOLIO,climate_increment,550797660.7552867
4633,super_stress,PORTFOLIO,climate_increment,450288105.3295653
4634,super_stress,PORTFOLIO,climate_increment,364583735.70214206
4635,super_stress,PORTFOLIO,climate_increment,247411735.13560802
4636,super_stress,PORTFOLIO,climate_increment,1274682658.9896681
4637,super_stress,PORTFOLIO,climate_increment,468816010.37534356
4638,super_stress,PORTFOLIO,climate_increment,168006870.41717118
4639,super_stress,PORTFOLIO,climate_increment,374149389.3009093
4640,super_stress,PORTFOLIO,climate_increment,533471215.7664969
4641,super_stress,PORTFOLIO,climate_increment,447185531.7600982
4642,super_stress,PORTFOLIO,climate_increment,751178409.2776873
4643,super_stress,PORTFOLIO,climate_increment,377162605.90555525
4644,super_stress,PORTFOLIO,climate_increment,435709427.8718895
4645,super_stress,PORTFOLIO,climate_increment,74272808.2832124
4646,super_stress,PORTFOLIO,climate_increment,195206524.669048
4647,super_stress,PORTFOLIO,climate_increment,323383161.2117681
4648,super_stress,PORTFOLIO,climate_increment,677760690.9909143
4649,super_stress,PORTFOLIO,climate_increment,812675168.8156247
4650,super_stress,PORTFOLIO,climate_increment,438340352.73346096
4651,super_stress,PORTFOLIO,climate_increment,335723626.10371566
4652,super_stress,PORTFOLIO,climate_increment,196467484.44083357
4653,super_stress,PORTFOLIO,climate_increment,598357404.9334592
4654,super_stress,PORTFOLIO,climate_increment,73066357.55584721
4655,super_stress,PORTFOLIO,climate_increment,525086007.35638314
4656,super_stress,PORTFOLIO,climate_increment,955817524.0121603
4657,super_stress,PORTFOLIO,climate_increment,363897234.84077907
4658,super_stress,PORTFOLIO,climate_increment,-315577385.04625446
4659,super_stress,PORTFOLIO,climate_increment,411150879.1913574
4660,super_stress,PORTFOLIO,climate_increment,478763256.92034197
4661,super_stress,PORTFOLIO,climate_increment,175562823.11650926
4662,super_stress,PORTFOLIO,climate_increment,575775905.2703109
4663,super_stress,PORTFOLIO,climate_increment,-155163084.45211902
4664,super_stress,PORTFOLIO,climate_increment,1035334673.9421926
4665,super_stress,PORTFOLIO,climate_increment,707765053.9547869
4666,super_stress,PORTFOLIO,climate_increment,508040579.40102476
4667,super_stress,PORTFOLIO,climate_increment,116472006.64668964
4668,super_stress,PORTFOLIO,climate_increment,368130890.39146537
4669,super_stress,PORTFOLIO,climate_increment,476679773.50207376
4670,super_stress,PORTFOLIO,climate_increment,-23629679.301078442
4671,super_stress,PORTFOLIO,climate_increment,82917099.59265901
4672,super_stress,PORTFOLIO,climate_increment,725411222.8822049
4673,super_stress,PORTFOLIO,climate_increment,262578013.04978517
4674,super_stress,PORTFOLIO,climate_increment,83763234.60664651
4675,super_stress,PORTFOLIO,climate_increment,479795661.55113554
4676,super_stress,PORTFOLIO,climate_increment,237977791.42607003
4677,super_stress,PORTFOLIO,climate_increment,442958203.69445586
4678,super_stress,PORTFOLIO,climate_increment,411046497.3334867
4679,super_stress,PORTFOLIO,climate_increment,943157188.1684264
4680,super_stress,PORTFOLIO,climate_increment,288036641.8423414
4681,super_stress,PORTFOLIO,climate_increment,662033107.2993538
4682,super_stress,PORTFOLIO,climate_increment,429962802.58084166
4683,super_stress,PORTFOLIO,climate_increment,292777340.9189456
4684,super_stress,PORTFOLIO,climate_increment,286463357.46517164
4685,super_stress,PORTFOLIO,climate_increment,434406401.91548586
4686,super_stress,PORTFOLIO,climate_increment,1066819032.9595233
4687,super_stress,PORTFOLIO,climate_increment,849083499.7249047
4688,super_stress,PORTFOLIO,climate_increment,558385745.7367554
4689,super_stress,PORTFOLIO,climate_increment,640620554.8110784
4690,super_stress,PORTFOLIO,climate_increment,292688667.64539593
4691,super_stress,PORTFOLIO,climate_increment,705176033.4025104
4692,super_stress,PORTFOLIO,climate_increment,371061438.7906579
4693,super_stress,PORTFOLIO,climate_increment,346308097.67026836
4694,super_stress,PORTFOLIO,climate_increment,349137576.0888247
4695,super_stress,PORTFOLIO,climate_increment,811021357.7756346
4696,super_stress,PORTFOLIO,climate_increment,1179000737.2053168
4697,super_stress,PORTFOLIO,climate_increment,290193896.8842027
4698,super_stress,PORTFOLIO,climate_increment,553993936.0501273
4699,super_stress,PORTFOLIO,climate_increment,464308314.45040435
4700,super_stress,PORTFOLIO,climate_increment,784854017.507952
4701,super_stress,PORTFOLIO,climate_increment,228040714.9465268
4702,super_stress,PORTFOLIO,climate_increment,347200857.0553595
4703,super_stress,PORTFOLIO,climate_increment,507841156.8995789
4704,super_stress,PORTFOLIO,climate_increment,678996138.3132704
4705,super_stress,PORTFOLIO,climate_increment,298107876.2584999
4706,super_stress,PORTFOLIO,climate_increment,809399775.9441243
4707,super_stress,PORTFOLIO,climate_increment,65735934.444582485
4708,super_stress,PORTFOLIO,climate_increment,100786923.63110644
4709,super_stress,PORTFOLIO,climate_increment,85204166.13711438
4710,super_stress,PORTFOLIO,climate_increment,215195108.5704193
4711,super_stress,PORTFOLIO,climate_increment,619020483.1504991
4712,super_stress,PORTFOLIO,climate_increment,1080328995.1580207
4713,super_stress,PORTFOLIO,climate_increment,277167008.6521271
4714,super_stress,PORTFOLIO,climate_increment,414126992.46190774
4715,super_stress,PORTFOLIO,climate_increment,290473502.94803804
4716,super_stress,PORTFOLIO,climate_increment,261045912.67202207
4717,super_stress,PORTFOLIO,climate_increment,304711597.712667
4718,super_stress,PORTFOLIO,climate_increment,86726773.45947379
4719,super_stress,PORTFOLIO,climate_increment,396227203.88476306
4720,super_stress,PORTFOLIO,climate_increment,763846378.6711997
4721,super_stress,PORTFOLIO,climate_increment,761464623.6648272
4722,super_stress,PORTFOLIO,climate_increment,567694142.6112434
4723,super_stress,PORTFOLIO,climate_increment,436627217.3370805
4724,super_stress,PORTFOLIO,climate_increment,241832190.40054208
4725,super_stress,PORTFOLIO,climate_increment,1045789430.8902441
4726,super_stress,PORTFOLIO,climate_increment,476740661.1126757
4727,super_stress,PORTFOLIO,climate_increment,304060022.56670785
4728,super_stress,PORTFOLIO,climate_increment,1089721847.3507054
4729,super_stress,PORTFOLIO,climate_increment,559339616.3471962
4730,super_stress,PORTFOLIO,climate_increment,463255059.73854613
4731,super_stress,PORTFOLIO,climate_increment,565101449.4989827
4732,super_stress,PORTFOLIO,climate_increment,36291216.96130164
4733,super_stress,PORTFOLIO,climate_increment,964047743.0698102
4734,super_stress,PORTFOLIO,climate_increment,467109902.545556
4735,super_stress,PORTFOLIO,climate_increment,309346391.45858854
4736,super_stress,PORTFOLIO,climate_increment,866716564.0560607
4737,super_stress,PORTFOLIO,climate_increment,377367395.85798764
4738,super_stress,PORTFOLIO,climate_increment,799860661.5222647
4739,super_stress,PORTFOLIO,climate_increment,583036765.5328814
4740,super_stress,PORTFOLIO,climate_increment,716087280.9525207
4741,super_stress,PORTFOLIO,climate_increment,828414646.2013891
4742,super_stress,PORTFOLIO,climate_increment,808623993.6996276
4743,super_stress,PORTFOLIO,climate_increment,423398027.6961537
4744,super_stress,PORTFOLIO,climate_increment,878650943.1551336
4745,super_stress,PORTFOLIO,climate_increment,784222560.2427566
4746,super_stress,PORTFOLIO,climate_increment,636724370.2992504
4747,super_stress,PORTFOLIO,climate_increment,484398263.0553917
4748,super_stress,PORTFOLIO,climate_increment,725717098.3179197
4749,super_stress,PORTFOLIO,climate_increment,670275995.2654543
4750,super_stress,PORTFOLIO,climate_increment,586791804.4944649
4751,super_stress,PORTFOLIO,climate_increment,355383977.9430497
4752,super_stress,PORTFOLIO,climate_increment,138850499.73180827
4753,super_stress,PORTFOLIO,climate_increment,342611563.84392715
4754,super_stress,PORTFOLIO,climate_increment,346029819.76885307
4755,super_stress,PORTFOLIO,climate_increment,618126691.4977192
4756,super_stress,PORTFOLIO,climate_increment,396784819.9221011
4757,super_stress,PORTFOLIO,climate_increment,426494494.8743492
4758,super_stress,PORTFOLIO,climate_increment,112988526.59762794
4759,super_stress,PORTFOLIO,climate_increment,449707230.51072
4760,super_stress,PORTFOLIO,climate_increment,732179741.592982
4761,super_stress,PORTFOLIO,climate_increment,314413637.6921961
4762,super_stress,PORTFOLIO,climate_increment,272308162.9020912
4763,super_stress,PORTFOLIO,climate_increment,375445486.62752646
4764,super_stress,PORTFOLIO,climate_increment,560305372.9126549
4765,super_stress,PORTFOLIO,climate_increment,1206945665.0685148
4766,super_stress,PORTFOLIO,climate_increment,535062757.3754444
4767,super_stress,PORTFOLIO,climate_increment,469027498.617746
4768,super_stress,PORTFOLIO,climate_increment,519532874.2561071
4769,super_stress,PORTFOLIO,climate_increment,1049526743.842272
4770,super_stress,PORTFOLIO,climate_increment,317879446.35152745
4771,super_stress,PORTFOLIO,climate_increment,216574222.64951944
4772,super_stress,PORTFOLIO,climate_increment,347337112.1271814
4773,super_stress,PORTFOLIO,climate_increment,715011436.5418733
4774,super_stress,PORTFOLIO,climate_increment,787369164.0367898
4775,super_stress,PORTFOLIO,climate_increment,312568873.0792562
4776,super_stress,PORTFOLIO,climate_increment,503783179.3473918
4777,super_stress,PORTFOLIO,climate_increment,1133745483.5746276
4778,super_stress,PORTFOLIO,climate_increment,721922995.1117308
4779,super_stress,PORTFOLIO,climate_increment,511951107.89233005
4780,super_stress,PORTFOLIO,climate_increment,589484673.1632857
4781,super_stress,PORTFOLIO,climate_increment,783087933.3541049
4782,super_stress,PORTFOLIO,climate_increment,296624148.11443186
4783,super_stress,PORTFOLIO,climate_increment,670622933.395779
4784,super_stress,PORTFOLIO,climate_increment,371762986.14454097
4785,super_stress,PORTFOLIO,climate_increment,838996665.5659094
4786,super_stress,PORTFOLIO,climate_increment,451443073.156458
4787,super_stress,PORTFOLIO,climate_increment,444728824.50809544
4788,super_stress,PORTFOLIO,climate_increment,418299816.74383545
4789,super_stress,PORTFOLIO,climate_increment,451590086.4152837
4790,super_stress,PORTFOLIO,climate_increment,22781848.029166725
4791,super_stress,PORTFOLIO,climate_increment,346973793.75240433
4792,super_stress,PORTFOLIO,climate_increment,331054281.1529516
4793,super_stress,PORTFOLIO,climate_increment,307632298.7900657
4794,super_stress,PORTFOLIO,climate_increment,884976089.9465623
4795,super_stress,PORTFOLIO,climate_increment,451354502.06144625
4796,super_stress,PORTFOLIO,climate_increment,80315546.6507432
4797,super_stress,PORTFOLIO,climate_increment,394389758.9047817
4798,super_stress,PORTFOLIO,climate_increment,429013915.2848354
4799,super_stress,PORTFOLIO,climate_increment,950133725.6565064
4800,super_stress,PORTFOLIO,climate_increment,948464031.8108958
4801,super_stress,PORTFOLIO,climate_increment,534353834.7461073
4802,super_stress,PORTFOLIO,climate_increment,694919415.5628908
4803,super_stress,PORTFOLIO,climate_increment,351364706.63661957
4804,super_stress,PORTFOLIO,climate_increment,201458499.99748895
4805,super_stress,PORTFOLIO,climate_increment,655154507.9811196
4806,super_stress,PORTFOLIO,climate_increment,610935074.9196527
4807,super_stress,PORTFOLIO,climate_increment,325602757.6932181
4808,super_stress,PORTFOLIO,climate_increment,655120853.0874734
4809,super_stress,PORTFOLIO,climate_increment,258494731.24914062
4810,super_stress,PORTFOLIO,climate_increment,33759398.11970477
4811,super_stress,PORTFOLIO,climate_increment,786999538.3461251
4812,super_stress,PORTFOLIO,climate_increment,162546558.3933783
4813,super_stress,PORTFOLIO,climate_increment,338825355.06367123
4814,super_stress,PORTFOLIO,climate_increment,266596350.72587806
4815,super_stress,PORTFOLIO,climate_increment,496508556.69609237
4816,super_stress,PORTFOLIO,climate_increment,-31995705.967736345
4817,super_stress,PORTFOLIO,climate_increment,437386671.5916684
4818,super_stress,PORTFOLIO,climate_increment,460668628.5111311
4819,super_stress,PORTFOLIO,climate_increment,364682062.6370568
4820,super_stress,PORTFOLIO,climate_increment,762111499.1552302
4821,super_stress,PORTFOLIO,climate_increment,481137042.28365725
4822,super_stress,PORTFOLIO,climate_increment,259139628.94495004
4823,super_stress,PORTFOLIO,climate_increment,67749932.93249148
4824,super_stress,PORTFOLIO,climate_increment,97963158.02229115
4825,super_stress,PORTFOLIO,climate_increment,474491302.1678193
4826,super_stress,PORTFOLIO,climate_increment,738209784.8475689
4827,super_stress,PORTFOLIO,climate_increment,321765082.3340963
4828,super_stress,PORTFOLIO,climate_increment,750386866.3900294
4829,super_stress,PORTFOLIO,climate_increment,-151882735.46906227
4830,super_stress,PORTFOLIO,climate_increment,-136405875.84050038
4831,super_stress,PORTFOLIO,climate_increment,944955825.8186004
4832,super_stress,PORTFOLIO,climate_increment,247058123.89536798
4833,super_stress,PORTFOLIO,climate_increment,1135998035.1249602
4834,super_stress,PORTFOLIO,climate_increment,258510802.0822568
4835,super_stress,PORTFOLIO,climate_increment,995448093.3920985
4836,super_stress,PORTFOLIO,climate_increment,449145114.14120615
4837,super_stress,PORTFOLIO,climate_increment,225470947.67396954
4838,super_stress,PORTFOLIO,climate_increment,394112258.9975134
4839,super_stress,PORTFOLIO,climate_increment,536123589.3977347
4840,super_stress,PORTFOLIO,climate_increment,133182389.8428281
4841,super_stress,PORTFOLIO,climate_increment,437984565.32201684
4842,super_stress,PORTFOLIO,climate_increment,392511209.5313626
4843,super_stress,PORTFOLIO,climate_increment,102885376.19289018
4844,super_stress,PORTFOLIO,climate_increment,650401143.0209409
4845,super_stress,PORTFOLIO,climate_increment,507649907.3424287
4846,super_stress,PORTFOLIO,climate_increment,146422368.87070414
4847,super_stress,PORTFOLIO,climate_increment,377419534.17252815
4848,super_stress,PORTFOLIO,climate_increment,91247863.78814812
4849,super_stress,PORTFOLIO,climate_increment,505947041.4208258
4850,super_stress,PORTFOLIO,climate_increment,630569861.9327092
4851,super_stress,PORTFOLIO,climate_increment,197112277.11193007
4852,super_stress,PORTFOLIO,climate_increment,562518663.1022897
4853,super_stress,PORTFOLIO,climate_increment,477657367.316682
4854,super_stress,PORTFOLIO,climate_increment,290087273.83213925
4855,super_stress,PORTFOLIO,climate_increment,530070282.1547112
4856,super_stress,PORTFOLIO,climate_increment,262727102.08590588
4857,super_stress,PORTFOLIO,climate_increment,308296812.08655024
4858,super_stress,PORTFOLIO,climate_increment,400919632.16438687
4859,super_stress,PORTFOLIO,climate_increment,295104380.3203211
4860,super_stress,PORTFOLIO,climate_increment,463167581.4240534
4861,super_stress,PORTFOLIO,climate_increment,517310343.6868986
4862,super_stress,PORTFOLIO,climate_increment,253248168.1213061
4863,super_stress,PORTFOLIO,climate_increment,623788129.426506
4864,super_stress,PORTFOLIO,climate_increment,430487958.2232603
4865,super_stress,PORTFOLIO,climate_increment,712301512.2230608
4866,super_stress,PORTFOLIO,climate_increment,251154064.09982982
4867,super_stress,PORTFOLIO,climate_increment,328046606.0288693
4868,super_stress,PORTFOLIO,climate_increment,496679869.9366614
4869,super_stress,PORTFOLIO,climate_increment,1131580196.7996602
4870,super_stress,PORTFOLIO,climate_increment,95666807.55929631
4871,super_stress,PORTFOLIO,climate_increment,930346447.6783158
4872,super_stress,PORTFOLIO,climate_increment,276770969.4477519
4873,super_stress,PORTFOLIO,climate_increment,270955922.17811847
4874,super_stress,PORTFOLIO,climate_increment,564394602.1171705
4875,super_stress,PORTFOLIO,climate_increment,1071561743.4954296
4876,super_stress,PORTFOLIO,climate_increment,399008665.5394355
4877,super_stress,PORTFOLIO,climate_increment,1621540451.707594
4878,super_stress,PORTFOLIO,climate_increment,269565941.3990333
4879,super_stress,PORTFOLIO,climate_increment,510976460.37829953
4880,super_stress,PORTFOLIO,climate_increment,20592107.64870584
4881,super_stress,PORTFOLIO,climate_increment,246787187.97492287
4882,super_stress,PORTFOLIO,climate_increment,251780249.93359616
4883,super_stress,PORTFOLIO,climate_increment,280083582.55658793
4884,super_stress,PORTFOLIO,climate_increment,92070863.568571
4885,super_stress,PORTFOLIO,climate_increment,526829253.51433176
4886,super_stress,PORTFOLIO,climate_increment,401269472.15362453
4887,super_stress,PORTFOLIO,climate_increment,330122229.4161611
4888,super_stress,PORTFOLIO,climate_increment,216221088.55751
4889,super_stress,PORTFOLIO,climate_increment,556618334.3362099
4890,super_stress,PORTFOLIO,climate_increment,246563095.96287814
4891,super_stress,PORTFOLIO,climate_increment,783568993.3429953
4892,super_stress,PORTFOLIO,climate_increment,532369164.82433355
4893,super_stress,PORTFOLIO,climate_increment,262568950.7573897
4894,super_stress,PORTFOLIO,climate_increment,248532663.85384372
4895,super_stress,PORTFOLIO,climate_increment,628295089.9084175
4896,super_stress,PORTFOLIO,climate_increment,346252998.47266924
4897,super_stress,PORTFOLIO,climate_increment,325143473.32313395
4898,super_stress,PORTFOLIO,climate_increment,318365117.89157766
4899,super_stress,PORTFOLIO,climate_increment,370311203.6859164
4900,super_stress,PORTFOLIO,climate_increment,703641404.9433248
4901,super_stress,PORTFOLIO,climate_increment,677793233.5630432
4902,super_stress,PORTFOLIO,climate_increment,229125496.52096638
4903,super_stress,PORTFOLIO,climate_increment,653402818.9465789
4904,super_stress,PORTFOLIO,climate_increment,565628576.6652986
4905,super_stress,PORTFOLIO,climate_increment,174407519.77858835
4906,super_stress,PORTFOLIO,climate_increment,1070014493.1723992
4907,super_stress,PORTFOLIO,climate_increment,455278181.6458668
4908,super_stress,PORTFOLIO,climate_increment,745408208.1520152
4909,super_stress,PORTFOLIO,climate_increment,576291924.5902344
4910,super_stress,PORTFOLIO,climate_increment,182827151.9912975
4911,super_stress,PORTFOLIO,climate_increment,237320319.06380126
4912,super_stress,PORTFOLIO,climate_increment,757916300.207695
4913,super_stress,PORTFOLIO,climate_increment,437240869.55836415
4914,super_stress,PORTFOLIO,climate_increment,695905137.0991374
4915,super_stress,PORTFOLIO,climate_increment,-157603082.487135
4916,super_stress,PORTFOLIO,climate_increment,484866317.4159121
4917,super_stress,PORTFOLIO,climate_increment,941014422.3341144
4918,super_stress,PORTFOLIO,climate_increment,627756389.0227062
4919,super_stress,PORTFOLIO,climate_increment,322423152.44874233
4920,super_stress,PORTFOLIO,climate_increment,465963295.9479816
4921,super_stress,PORTFOLIO,climate_increment,247127512.11648947
4922,super_stress,PORTFOLIO,climate_increment,440104094.8422207
4923,super_stress,PORTFOLIO,climate_increment,485667741.528862
4924,super_stress,PORTFOLIO,climate_increment,535700862.85125715
4925,super_stress,PORTFOLIO,climate_increment,651178411.7238635
4926,super_stress,PORTFOLIO,climate_increment,333558784.0015297
4927,super_stress,PORTFOLIO,climate_increment,585394124.3489461
4928,super_stress,PORTFOLIO,climate_increment,439842863.69920266
4929,super_stress,PORTFOLIO,climate_increment,286123162.97574747
4930,super_stress,PORTFOLIO,climate_increment,159469611.99730548
4931,super_stress,PORTFOLIO,climate_increment,767866989.7116804
4932,super_stress,PORTFOLIO,climate_increment,232952669.59143195
4933,super_stress,PORTFOLIO,climate_increment,370077187.6429292
4934,super_stress,PORTFOLIO,climate_increment,71334439.45839393
4935,super_stress,PORTFOLIO,climate_increment,506030359.01576364
4936,super_stress,PORTFOLIO,climate_increment,138536505.42706916
4937,super_stress,PORTFOLIO,climate_increment,103223899.7237951
4938,super_stress,PORTFOLIO,climate_increment,730163924.5594002
4939,super_stress,PORTFOLIO,climate_increment,1353235933.0469627
4940,super_stress,PORTFOLIO,climate_increment,623666577.8081869
4941,super_stress,PORTFOLIO,climate_increment,-838372.35781332
4942,super_stress,PORTFOLIO,climate_increment,356437321.00290567
4943,super_stress,PORTFOLIO,climate_increment,-55306814.237190455
4944,super_stress,PORTFOLIO,climate_increment,324840365.1988489
4945,super_stress,PORTFOLIO,climate_increment,664259982.0983851
4946,super_stress,PORTFOLIO,climate_increment,161056895.68792957
4947,super_stress,PORTFOLIO,climate_increment,593270202.7512604
4948,super_stress,PORTFOLIO,climate_increment,699159335.0253181
4949,super_stress,PORTFOLIO,climate_increment,-316855784.77386254
4950,super_stress,PORTFOLIO,climate_increment,526559254.26584876
4951,super_stress,PORTFOLIO,climate_increment,293743321.57194495
4952,super_stress,PORTFOLIO,climate_increment,509043660.85221386
4953,super_stress,PORTFOLIO,climate_increment,803611234.9647173
4954,super_stress,PORTFOLIO,climate_increment,1096096193.7085826
4955,super_stress,PORTFOLIO,climate_increment,-108768790.68044758
4956,super_stress,PORTFOLIO,climate_increment,798891377.7133006
4957,super_stress,PORTFOLIO,climate_increment,178510305.36111462
4958,super_stress,PORTFOLIO,climate_increment,1841608.1469411205
4959,super_stress,PORTFOLIO,climate_increment,526555743.87563163
4960,super_stress,PORTFOLIO,climate_increment,345493745.20951915
4961,super_stress,PORTFOLIO,climate_increment,553685171.2193326
4962,super_stress,PORTFOLIO,climate_increment,557124678.4344308
4963,super_stress,PORTFOLIO,climate_increment,61478735.588913605
4964,super_stress,PORTFOLIO,climate_increment,781193370.4437754
4965,super_stress,PORTFOLIO,climate_increment,1261112799.364593
4966,super_stress,PORTFOLIO,climate_increment,321060248.90096545
4967,super_stress,PORTFOLIO,climate_increment,971824792.3353294
4968,super_stress,PORTFOLIO,climate_increment,126639366.72701885
4969,super_stress,PORTFOLIO,climate_increment,462539408.57553756
4970,super_stress,PORTFOLIO,climate_increment,757403072.0281326
4971,super_stress,PORTFOLIO,climate_increment,23531951.81493258
4972,super_stress,PORTFOLIO,climate_increment,259022171.01611927
4973,super_stress,PORTFOLIO,climate_increment,546739439.3248438
4974,super_stress,PORTFOLIO,climate_increment,572430818.5785145
4975,super_stress,PORTFOLIO,climate_increment,250836369.25666627
4976,super_stress,PORTFOLIO,climate_increment,425817862.1208459
4977,super_stress,PORTFOLIO,climate_increment,221281525.46171144
4978,super_stress,PORTFOLIO,climate_increment,501579616.3000802
4979,super_stress,PORTFOLIO,climate_increment,400032308.1221399
4980,super_stress,PORTFOLIO,climate_increment,474170758.5677066
4981,super_stress,PORTFOLIO,climate_increment,1332033459.5905366
4982,super_stress,PORTFOLIO,climate_increment,467461916.0548238
4983,super_stress,PORTFOLIO,climate_increment,411635257.6836437
4984,super_stress,PORTFOLIO,climate_increment,597500067.5932491
4985,super_stress,PORTFOLIO,climate_increment,397940154.79875225
4986,super_stress,PORTFOLIO,climate_increment,-47221665.089154586
4987,super_stress,PORTFOLIO,climate_increment,680229521.3011316
4988,super_stress,PORTFOLIO,climate_increment,362388219.4097281
4989,super_stress,PORTFOLIO,climate_increment,447467431.75807434
4990,super_stress,PORTFOLIO,climate_increment,341303797.4442287
4991,super_stress,PORTFOLIO,climate_increment,436396239.6190146
4992,super_stress,PORTFOLIO,climate_increment,144913505.0623384
4993,super_stress,PORTFOLIO,climate_increment,390893045.76398313
4994,super_stress,PORTFOLIO,climate_increment,641942926.1811798
4995,super_stress,PORTFOLIO,climate_increment,1005200716.7471251
4996,super_stress,PORTFOLIO,climate_increment,319500338.54620844
4997,super_stress,PORTFOLIO,climate_increment,461353125.61931545
4998,super_stress,PORTFOLIO,climate_increment,87515421.05933088
4999,super_stress,PORTFOLIO,climate_increment,466520092.74911
5000,super_stress,PORTFOLIO,climate_increment,340262397.4531456
5001,super_stress,PORTFOLIO,climate_increment,509242492.1588227
5002,super_stress,PORTFOLIO,climate_increment,454837289.70516
5003,super_stress,PORTFOLIO,climate_increment,1163686228.3749094
5004,super_stress,PORTFOLIO,climate_increment,505596069.7777992
5005,super_stress,PORTFOLIO,climate_increment,549415860.3703482
5006,super_stress,PORTFOLIO,climate_increment,405145924.2380088
5007,super_stress,PORTFOLIO,climate_increment,500649017.3987595
5008,super_stress,PORTFOLIO,climate_increment,460398702.4277952
5009,super_stress,PORTFOLIO,climate_increment,328855036.3931127
5010,super_stress,PORTFOLIO,climate_increment,189009063.05375338
5011,super_stress,PORTFOLIO,climate_increment,127061370.22136511
5012,super_stress,PORTFOLIO,climate_increment,419576793.66556704
5013,super_stress,PORTFOLIO,climate_increment,554728276.0824579
5014,super_stress,PORTFOLIO,climate_increment,475353799.1250619
5015,super_stress,PORTFOLIO,climate_increment,100241719.87441535
5016,super_stress,PORTFOLIO,climate_increment,548666610.3748981
5017,super_stress,PORTFOLIO,climate_increment,381379276.8351752
5018,super_stress,PORTFOLIO,climate_increment,483363830.81215394
5019,super_stress,PORTFOLIO,climate_increment,361813578.0335714
5020,super_stress,PORTFOLIO,climate_increment,525187362.9371615
5021,super_stress,PORTFOLIO,climate_increment,-98466736.68857972
5022,super_stress,PORTFOLIO,climate_increment,1168024711.7728996
5023,super_stress,PORTFOLIO,climate_increment,629149681.3492537
5024,super_stress,PORTFOLIO,climate_increment,384619814.9607503
5025,super_stress,PORTFOLIO,climate_increment,1005944984.8572264
5026,super_stress,PORTFOLIO,climate_increment,831720397.9160496
5027,super_stress,PORTFOLIO,climate_increment,576225856.2676232
5028,super_stress,PORTFOLIO,climate_increment,-75703027.29914819
5029,super_stress,PORTFOLIO,climate_increment,363698156.3237304
5030,super_stress,PORTFOLIO,climate_increment,862691546.0025331
5031,super_stress,PORTFOLIO,climate_increment,247892179.4056104
5032,super_stress,PORTFOLIO,climate_increment,500155356.4738242
5033,super_stress,PORTFOLIO,climate_increment,515887389.98132044
5034,super_stress,PORTFOLIO,climate_increment,-346753549.6724965
5035,super_stress,PORTFOLIO,climate_increment,377151139.4607482
5036,super_stress,PORTFOLIO,climate_increment,434213868.9960719
5037,super_stress,PORTFOLIO,climate_increment,269232520.3456532
5038,super_stress,PORTFOLIO,climate_increment,641396836.548136
5039,super_stress,PORTFOLIO,climate_increment,711119463.402277
5040,super_stress,PORTFOLIO,climate_increment,824133743.3172107
5041,super_stress,PORTFOLIO,climate_increment,685549098.0634662
5042,super_stress,PORTFOLIO,climate_increment,520199045.052411
5043,super_stress,PORTFOLIO,climate_increment,434353380.02305084
5044,super_stress,PORTFOLIO,climate_increment,936877901.7927294
5045,super_stress,PORTFOLIO,climate_increment,250662542.64871842
5046,super_stress,PORTFOLIO,climate_increment,313417392.38963234
5047,super_stress,PORTFOLIO,climate_increment,259010467.94068927
5048,super_stress,PORTFOLIO,climate_increment,553506673.7389889
5049,super_stress,PORTFOLIO,climate_increment,669080237.0707761
5050,super_stress,PORTFOLIO,climate_increment,-100383378.43652835
5051,super_stress,PORTFOLIO,climate_increment,438773932.93477607
5052,super_stress,PORTFOLIO,climate_increment,1092831194.4895375
5053,super_stress,PORTFOLIO,climate_increment,629529685.6737901
5054,super_stress,PORTFOLIO,climate_increment,442711617.69226784
5055,super_stress,PORTFOLIO,climate_increment,322755819.49737334
5056,super_stress,PORTFOLIO,climate_increment,1181735943.8899622
5057,super_stress,PORTFOLIO,climate_increment,766942518.3254343
5058,super_stress,PORTFOLIO,climate_increment,521842881.1541518
5059,super_stress,PORTFOLIO,climate_increment,316466370.6829068
5060,super_stress,PORTFOLIO,climate_increment,161727162.5539448
5061,super_stress,PORTFOLIO,climate_increment,310120895.1384559
5062,super_stress,PORTFOLIO,climate_increment,506798406.6649651
5063,super_stress,PORTFOLIO,climate_increment,780605657.7945417
5064,super_stress,PORTFOLIO,climate_increment,1374400002.0488107
5065,super_stress,PORTFOLIO,climate_increment,306942280.9638669
5066,super_stress,PORTFOLIO,climate_increment,133085526.53271587
5067,super_stress,PORTFOLIO,climate_increment,-77440445.93279408
5068,super_stress,PORTFOLIO,climate_increment,777095147.6530387
5069,super_stress,PORTFOLIO,climate_increment,190229089.64694253
5070,super_stress,PORTFOLIO,climate_increment,433067499.0443901
5071,super_stress,PORTFOLIO,climate_increment,57635978.68731995
5072,super_stress,PORTFOLIO,climate_increment,641729649.161286
5073,super_stress,PORTFOLIO,climate_increment,526533737.0748722
5074,super_stress,PORTFOLIO,climate_increment,569661947.5672655
5075,super_stress,PORTFOLIO,climate_increment,594304878.7959431
5076,super_stress,PORTFOLIO,climate_increment,76978090.04251811
5077,super_stress,PORTFOLIO,climate_increment,132063979.15890518
5078,super_stress,PORTFOLIO,climate_increment,832079873.7534091
5079,super_stress,PORTFOLIO,climate_increment,384744848.6096864
5080,super_stress,PORTFOLIO,climate_increment,621540554.0402154
5081,super_stress,PORTFOLIO,climate_increment,407842430.677067
5082,super_stress,PORTFOLIO,climate_increment,951636443.5083882
5083,super_stress,PORTFOLIO,climate_increment,238471139.17128527
5084,super_stress,PORTFOLIO,climate_increment,1114636611.6983724
5085,super_stress,PORTFOLIO,climate_increment,882114705.035264
5086,super_stress,PORTFOLIO,climate_increment,468653101.5663923
5087,super_stress,PORTFOLIO,climate_increment,79100585.95776398
5088,super_stress,PORTFOLIO,climate_increment,942646266.3569256
5089,super_stress,PORTFOLIO,climate_increment,1011696191.8670808
5090,super_stress,PORTFOLIO,climate_increment,794851421.8432491
5091,super_stress,PORTFOLIO,climate_increment,304269893.49963933
5092,super_stress,PORTFOLIO,climate_increment,169503655.8749659
5093,super_stress,PORTFOLIO,climate_increment,241740254.3212466
5094,super_stress,PORTFOLIO,climate_increment,208093749.26516518
5095,super_stress,PORTFOLIO,climate_increment,-54999263.947792485
5096,super_stress,PORTFOLIO,climate_increment,172247302.16460106
5097,super_stress,PORTFOLIO,climate_increment,403616146.7392268
5098,super_stress,PORTFOLIO,climate_increment,298578041.2235629
5099,super_stress,PORTFOLIO,climate_increment,1052872796.0875808
5100,super_stress,PORTFOLIO,climate_increment,810773344.3425056
5101,super_stress,PORTFOLIO,climate_increment,715757117.061822
5102,super_stress,PORTFOLIO,climate_increment,705157522.9209838
5103,super_stress,PORTFOLIO,climate_increment,634851744.9346341
5104,super_stress,PORTFOLIO,climate_increment,564701886.8796818
5105,super_stress,PORTFOLIO,climate_increment,454496316.7835863
5106,super_stress,PORTFOLIO,climate_increment,430481290.6970622
5107,super_stress,PORTFOLIO,climate_increment,389945561.2027936
5108,super_stress,PORTFOLIO,climate_increment,92913759.2633224
5109,super_stress,PORTFOLIO,climate_increment,904283715.2241313
5110,super_stress,PORTFOLIO,climate_increment,654796262.9306111
5111,super_stress,PORTFOLIO,climate_increment,447122594.50247616
5112,super_stress,PORTFOLIO,climate_increment,210887960.80014813
5113,super_stress,PORTFOLIO,climate_increment,815454116.0560409
5114,super_stress,PORTFOLIO,climate_increment,416947293.73823637
5115,super_stress,PORTFOLIO,climate_increment,320442466.1099892
5116,super_stress,PORTFOLIO,climate_increment,761700052.2737361
5117,super_stress,PORTFOLIO,climate_increment,378767492.98484373
5118,super_stress,PORTFOLIO,climate_increment,151436714.74477905
5119,super_stress,PORTFOLIO,climate_increment,283721488.5779146
5120,super_stress,PORTFOLIO,climate_increment,544922693.1828295
5121,super_stress,PORTFOLIO,climate_increment,374360832.35004747
5122,super_stress,PORTFOLIO,climate_increment,271745839.04767877
5123,super_stress,PORTFOLIO,climate_increment,582282881.9222856
5124,super_stress,PORTFOLIO,climate_increment,615601271.4762204
5125,super_stress,PORTFOLIO,climate_increment,373069482.9467673
5126,super_stress,PORTFOLIO,climate_increment,390944798.0130357
5127,super_stress,PORTFOLIO,climate_increment,341246217.4497453
5128,super_stress,PORTFOLIO,climate_increment,538136068.9171942
5129,super_stress,PORTFOLIO,climate_increment,425649167.9263019
5130,super_stress,PORTFOLIO,climate_increment,348247424.47299135
5131,super_stress,PORTFOLIO,climate_increment,266485921.10127276
5132,super_stress,PORTFOLIO,climate_increment,845879999.6070136
5133,super_stress,PORTFOLIO,climate_increment,456327613.3284715
5134,super_stress,PORTFOLIO,climate_increment,331668260.421181
5135,super_stress,PORTFOLIO,climate_increment,634118199.7185386
5136,super_stress,PORTFOLIO,climate_increment,395997411.61790246
5137,super_stress,PORTFOLIO,climate_increment,259269331.34553444
5138,super_stress,PORTFOLIO,climate_increment,809617267.9108686
5139,super_stress,PORTFOLIO,climate_increment,716400653.7114829
5140,super_stress,PORTFOLIO,climate_increment,825555671.2571744
5141,super_stress,PORTFOLIO,climate_increment,256793809.1317775
5142,super_stress,PORTFOLIO,climate_increment,-89063317.90059924
5143,super_stress,PORTFOLIO,climate_increment,223343524.21778634
5144,super_stress,PORTFOLIO,climate_increment,321447768.11184883
5145,super_stress,PORTFOLIO,climate_increment,681539534.6810787
5146,super_stress,PORTFOLIO,climate_increment,696735292.3139564
5147,super_stress,PORTFOLIO,climate_increment,482369481.48348475
5148,super_stress,PORTFOLIO,climate_increment,593053642.0351727
5149,super_stress,PORTFOLIO,climate_increment,713529109.1504263
5150,super_stress,PORTFOLIO,climate_increment,433024409.53049964
5151,super_stress,PORTFOLIO,climate_increment,447512600.9506529
5152,super_stress,PORTFOLIO,climate_increment,118763413.93879479
5153,super_stress,PORTFOLIO,climate_increment,345196795.4713031
5154,super_stress,PORTFOLIO,climate_increment,-45656409.39932333
5155,super_stress,PORTFOLIO,climate_increment,293621708.8427547
5156,super_stress,PORTFOLIO,climate_increment,340184011.819528
5157,super_stress,PORTFOLIO,climate_increment,626492144.2437881
5158,super_stress,PORTFOLIO,climate_increment,299459335.7401658
5159,super_stress,PORTFOLIO,climate_increment,320697238.18319196
5160,super_stress,PORTFOLIO,climate_increment,70670446.85541166
5161,super_stress,PORTFOLIO,climate_increment,500764954.3595802
5162,super_stress,PORTFOLIO,climate_increment,981522500.7771076
5163,super_stress,PORTFOLIO,climate_increment,951953655.2382623
5164,super_stress,PORTFOLIO,climate_increment,388531531.37123144
5165,super_stress,PORTFOLIO,climate_increment,364820904.8057784
5166,super_stress,PORTFOLIO,climate_increment,205507237.5797518
5167,super_stress,PORTFOLIO,climate_increment,333874133.0157439
5168,super_stress,PORTFOLIO,climate_increment,373445809.14205104
5169,super_stress,PORTFOLIO,climate_increment,485320220.5075778
5170,super_stress,PORTFOLIO,climate_increment,380650141.6368529
5171,super_stress,PORTFOLIO,climate_increment,393935620.46828264
5172,super_stress,PORTFOLIO,climate_increment,608360867.7762036
5173,super_stress,PORTFOLIO,climate_increment,448287565.5809124
5174,super_stress,PORTFOLIO,climate_increment,234950320.14828315
5175,super_stress,PORTFOLIO,climate_increment,348568406.2812629
5176,super_stress,PORTFOLIO,climate_increment,696100271.4243152
5177,super_stress,PORTFOLIO,climate_increment,477629234.4643586
5178,super_stress,PORTFOLIO,climate_increment,566135847.003163
5179,super_stress,PORTFOLIO,climate_increment,604345121.1132058
5180,super_stress,PORTFOLIO,climate_increment,45564202.99108372
5181,super_stress,PORTFOLIO,climate_increment,755094680.5297252
5182,super_stress,PORTFOLIO,climate_increment,136341011.99721473
5183,super_stress,PORTFOLIO,climate_increment,515351709.53023446
5184,super_stress,PORTFOLIO,climate_increment,521271851.13786215
5185,super_stress,PORTFOLIO,climate_increment,677911387.7154757
5186,super_stress,PORTFOLIO,climate_increment,21073946.08936607
5187,super_stress,PORTFOLIO,climate_increment,460169075.68288374
5188,super_stress,PORTFOLIO,climate_increment,-268619018.872579
5189,super_stress,PORTFOLIO,climate_increment,972774913.3414102
5190,super_stress,PORTFOLIO,climate_increment,748974810.4152716
5191,super_stress,PORTFOLIO,climate_increment,288834654.99742997
5192,super_stress,PORTFOLIO,climate_increment,602480339.0038999
5193,super_stress,PORTFOLIO,climate_increment,667089702.625155
5194,super_stress,PORTFOLIO,climate_increment,-69032922.65710902
5195,super_stress,PORTFOLIO,climate_increment,404496672.2052926
5196,super_stress,PORTFOLIO,climate_increment,603168877.4106989
5197,super_stress,PORTFOLIO,climate_increment,866961924.6134653
5198,super_stress,PORTFOLIO,climate_increment,277016692.42000604
5199,super_stress,PORTFOLIO,climate_increment,126697073.83757423
5200,super_stress,PORTFOLIO,climate_increment,253308070.00127092
5201,super_stress,PORTFOLIO,climate_increment,906779991.7307398
5202,super_stress,PORTFOLIO,climate_increment,398017678.69355637
5203,super_stress,PORTFOLIO,climate_increment,343795267.6995349
5204,super_stress,PORTFOLIO,climate_increment,402571762.15727997
5205,super_stress,PORTFOLIO,climate_increment,614490159.4318863
5206,super_stress,PORTFOLIO,climate_increment,828273711.8792644
5207,super_stress,PORTFOLIO,climate_increment,588061587.1194036
5208,super_stress,PORTFOLIO,climate_increment,665393659.5676796
5209,super_stress,PORTFOLIO,climate_increment,881849716.8331755
5210,super_stress,PORTFOLIO,climate_increment,276658702.9222777
5211,super_stress,PORTFOLIO,climate_increment,471608028.3457224
5212,super_stress,PORTFOLIO,climate_increment,567365067.5467161
5213,super_stress,PORTFOLIO,climate_increment,297674480.809033
5214,super_stress,PORTFOLIO,climate_increment,901959576.3786422
5215,super_stress,PORTFOLIO,climate_increment,806357051.1811785
5216,super_stress,PORTFOLIO,climate_increment,24770154.146974936
5217,super_stress,PORTFOLIO,climate_increment,216837756.23048535
5218,super_stress,PORTFOLIO,climate_increment,460678185.36171055
5219,super_stress,PORTFOLIO,climate_increment,596636701.8348693
5220,super_stress,PORTFOLIO,climate_increment,398609824.27960366
5221,super_stress,PORTFOLIO,climate_increment,527609999.72328526
5222,super_stress,PORTFOLIO,climate_increment,281123472.7660112
5223,super_stress,PORTFOLIO,climate_increment,301734840.1487461
5224,super_stress,PORTFOLIO,climate_increment,778872913.3232303
5225,super_stress,PORTFOLIO,climate_increment,604580109.8683074
5226,super_stress,PORTFOLIO,climate_increment,219071059.1941419
5227,super_stress,PORTFOLIO,climate_increment,717581210.5802124
5228,super_stress,PORTFOLIO,climate_increment,549619145.1863987
5229,super_stress,PORTFOLIO,climate_increment,110512256.3857698
5230,super_stress,PORTFOLIO,climate_increment,658345713.5386236
5231,super_stress,PORTFOLIO,climate_increment,765909578.7419795
5232,super_stress,PORTFOLIO,climate_increment,341415437.73336947
5233,super_stress,PORTFOLIO,climate_increment,279522291.5571415
5234,super_stress,PORTFOLIO,climate_increment,241278097.15463865
5235,super_stress,PORTFOLIO,climate_increment,123009790.20049912
5236,super_stress,PORTFOLIO,climate_increment,275270652.75507724
5237,super_stress,PORTFOLIO,climate_increment,166122738.3625171
5238,super_stress,PORTFOLIO,climate_increment,614304231.7350125
5239,super_stress,PORTFOLIO,climate_increment,277246744.9357526
5240,super_stress,PORTFOLIO,climate_increment,1050829579.342615
5241,super_stress,PORTFOLIO,climate_increment,290434409.5497179
5242,super_stress,PORTFOLIO,climate_increment,-133253918.91411455
5243,super_stress,PORTFOLIO,climate_increment,949733962.8609843
5244,super_stress,PORTFOLIO,climate_increment,364630321.00607824
5245,super_stress,PORTFOLIO,climate_increment,901703123.5391718
5246,super_stress,PORTFOLIO,climate_increment,83622363.83546115
5247,super_stress,PORTFOLIO,climate_increment,615585508.3237276
5248,super_stress,PORTFOLIO,climate_increment,693267702.5200163
5249,super_stress,PORTFOLIO,climate_increment,585623893.0843251
5250,super_stress,PORTFOLIO,climate_increment,209394351.00782442
5251,super_stress,PORTFOLIO,climate_increment,41386832.05282638
5252,super_stress,PORTFOLIO,climate_increment,691267229.7636882
5253,super_stress,PORTFOLIO,climate_increment,227047545.144058
5254,super_stress,PORTFOLIO,climate_increment,966562645.6115376
5255,super_stress,PORTFOLIO,climate_increment,644581656.041151
5256,super_stress,PORTFOLIO,climate_increment,1026277618.7880603
5257,super_stress,PORTFOLIO,climate_increment,371577663.2006737
5258,super_stress,PORTFOLIO,climate_increment,668771024.7900662
5259,super_stress,PORTFOLIO,climate_increment,89974611.64410509
5260,super_stress,PORTFOLIO,climate_increment,540164298.7761358
5261,super_stress,PORTFOLIO,climate_increment,354243178.10440403
5262,super_stress,PORTFOLIO,climate_increment,143013524.2795875
5263,super_stress,PORTFOLIO,climate_increment,602478461.1806912
5264,super_stress,PORTFOLIO,climate_increment,526781851.8802953
5265,super_stress,PORTFOLIO,climate_increment,582529353.6763937
5266,super_stress,PORTFOLIO,climate_increment,982225891.9903576
5267,super_stress,PORTFOLIO,climate_increment,370019936.29672205
5268,super_stress,PORTFOLIO,climate_increment,371635475.8951425
5269,super_stress,PORTFOLIO,climate_increment,1183207647.067483
5270,super_stress,PORTFOLIO,climate_increment,719796295.4526415
5271,super_stress,PORTFOLIO,climate_increment,582869481.5360913
5272,super_stress,PORTFOLIO,climate_increment,887475786.762343
5273,super_stress,PORTFOLIO,climate_increment,809749593.4395138
5274,super_stress,PORTFOLIO,climate_increment,-115753728.07417838
5275,super_stress,PORTFOLIO,climate_increment,672162704.1755968
5276,super_stress,PORTFOLIO,climate_increment,260127534.87459537
5277,super_stress,PORTFOLIO,climate_increment,-15233450.897274844
5278,super_stress,PORTFOLIO,climate_increment,522958569.3953113
5279,super_stress,PORTFOLIO,climate_increment,760024527.2547548
5280,super_stress,PORTFOLIO,climate_increment,397683945.1754016
5281,super_stress,PORTFOLIO,climate_increment,462771638.2521759
5282,super_stress,PORTFOLIO,climate_increment,505612044.8834711
5283,super_stress,PORTFOLIO,climate_increment,491527558.9614156
5284,super_stress,PORTFOLIO,climate_increment,133328870.76605354
5285,super_stress,PORTFOLIO,climate_increment,106487129.73676622
5286,super_stress,PORTFOLIO,climate_increment,523004789.7899517
5287,super_stress,PORTFOLIO,climate_increment,376423358.2394791
5288,super_stress,PORTFOLIO,climate_increment,291639274.7443386
5289,super_stress,PORTFOLIO,climate_increment,153722028.5861808
5290,super_stress,PORTFOLIO,climate_increment,462725043.2198592
5291,super_stress,PORTFOLIO,climate_increment,802707727.9198424
5292,super_stress,PORTFOLIO,climate_increment,1336268483.2964745
5293,super_stress,PORTFOLIO,climate_increment,1062264636.5735815
5294,super_stress,PORTFOLIO,climate_increment,-284956963.14874065
5295,super_stress,PORTFOLIO,climate_increment,779837376.5719379
5296,super_stress,PORTFOLIO,climate_increment,788870819.0403398
5297,super_stress,PORTFOLIO,climate_increment,-156950156.2930241
5298,super_stress,PORTFOLIO,climate_increment,801836256.7274817
5299,super_stress,PORTFOLIO,climate_increment,449676844.95006955
5300,super_stress,PORTFOLIO,climate_increment,348103079.0146663
5301,super_stress,PORTFOLIO,climate_increment,532798773.339184
5302,super_stress,PORTFOLIO,climate_increment,422159069.5559291
5303,super_stress,PORTFOLIO,climate_increment,890751228.057207
5304,super_stress,PORTFOLIO,climate_increment,82729891.9229404
5305,super_stress,PORTFOLIO,climate_increment,365598355.86258316
5306,super_stress,PORTFOLIO,climate_increment,864701155.3926817
5307,super_stress,PORTFOLIO,climate_increment,548072052.4892986
5308,super_stress,PORTFOLIO,climate_increment,593272300.7837672
5309,super_stress,PORTFOLIO,climate_increment,441204117.4215027
5310,super_stress,PORTFOLIO,climate_increment,498060754.1820711
5311,super_stress,PORTFOLIO,climate_increment,849393489.0169195
5312,super_stress,PORTFOLIO,climate_increment,818683817.6412914
5313,super_stress,PORTFOLIO,climate_increment,172150530.17869928
5314,super_stress,PORTFOLIO,climate_increment,-138966911.69560686
5315,super_stress,PORTFOLIO,climate_increment,498803483.9100671
5316,super_stress,PORTFOLIO,climate_increment,763779425.6768612
5317,super_stress,PORTFOLIO,climate_increment,290891597.1551961
5318,super_stress,PORTFOLIO,climate_increment,307803975.3560656
5319,super_stress,PORTFOLIO,climate_increment,554308237.2925977
5320,super_stress,PORTFOLIO,climate_increment,590588668.0242536
5321,super_stress,PORTFOLIO,climate_increment,479028877.0563348
5322,super_stress,PORTFOLIO,climate_increment,1144597131.4064772
5323,super_stress,PORTFOLIO,climate_increment,621626658.5995584
5324,super_stress,PORTFOLIO,climate_increment,621347356.7683319
5325,super_stress,PORTFOLIO,climate_increment,488139847.0138882
5326,super_stress,PORTFOLIO,climate_increment,332625888.7659973
5327,super_stress,PORTFOLIO,climate_increment,562463246.9806355
5328,super_stress,PORTFOLIO,climate_increment,595402359.6549493
5329,super_stress,PORTFOLIO,climate_increment,555823467.3369621
5330,super_stress,PORTFOLIO,climate_increment,255486717.9184499
5331,super_stress,PORTFOLIO,climate_increment,440352776.09032434
5332,super_stress,PORTFOLIO,climate_increment,838942930.1635149
5333,super_stress,PORTFOLIO,climate_increment,173982676.70068172
5334,super_stress,PORTFOLIO,climate_increment,402565774.88404435
5335,super_stress,PORTFOLIO,climate_increment,278637216.9519848
5336,super_stress,PORTFOLIO,climate_increment,314898135.31236047
5337,super_stress,PORTFOLIO,climate_increment,473188728.4611275
5338,super_stress,PORTFOLIO,climate_increment,1491078853.5194798
5339,super_stress,PORTFOLIO,climate_increment,665728404.0823643
5340,super_stress,PORTFOLIO,climate_increment,438969297.3252595
5341,super_stress,PORTFOLIO,climate_increment,556065769.1082873
5342,super_stress,PORTFOLIO,climate_increment,1290395740.412888
5343,super_stress,PORTFOLIO,climate_increment,662563478.4672153
5344,super_stress,PORTFOLIO,climate_increment,613555429.0638376
5345,super_stress,PORTFOLIO,climate_increment,555823538.3414025
5346,super_stress,PORTFOLIO,climate_increment,481472347.5980487
5347,super_stress,PORTFOLIO,climate_increment,458813200.9625799
5348,super_stress,PORTFOLIO,climate_increment,689975184.9536041
5349,super_stress,PORTFOLIO,climate_increment,240162847.267267
5350,super_stress,PORTFOLIO,climate_increment,423717714.82404506
5351,super_stress,PORTFOLIO,climate_increment,640003373.1060635
5352,super_stress,PORTFOLIO,climate_increment,664415603.8028411
5353,super_stress,PORTFOLIO,climate_increment,188520123.3003923
5354,super_stress,PORTFOLIO,climate_increment,697928962.3093365
5355,super_stress,PORTFOLIO,climate_increment,318340500.0805872
5356,super_stress,PORTFOLIO,climate_increment,551581692.3791918
5357,super_stress,PORTFOLIO,climate_increment,531019427.53014725
5358,super_stress,PORTFOLIO,climate_increment,373299444.33396924
5359,super_stress,PORTFOLIO,climate_increment,433737993.6493795
5360,super_stress,PORTFOLIO,climate_increment,557884366.027109
5361,super_stress,PORTFOLIO,climate_increment,290983096.35074794
5362,super_stress,PORTFOLIO,climate_increment,372255059.29845315
5363,super_stress,PORTFOLIO,climate_increment,413521387.9081608
5364,super_stress,PORTFOLIO,climate_increment,659435541.820061
5365,super_stress,PORTFOLIO,climate_increment,97018062.56509136
5366,super_stress,PORTFOLIO,climate_increment,852860385.543741
5367,super_stress,PORTFOLIO,climate_increment,361297044.97752035
5368,super_stress,PORTFOLIO,climate_increment,570307999.4143752
5369,super_stress,PORTFOLIO,climate_increment,523301564.7309901
5370,super_stress,PORTFOLIO,climate_increment,815130470.5459976
5371,super_stress,PORTFOLIO,climate_increment,12462167.107777918
5372,super_stress,PORTFOLIO,climate_increment,568430072.1735833
5373,super_stress,PORTFOLIO,climate_increment,502673201.6362457
5374,super_stress,PORTFOLIO,climate_increment,691713889.9601512
5375,super_stress,PORTFOLIO,climate_increment,449559750.9519014
5376,super_stress,PORTFOLIO,climate_increment,608789417.7205123
5377,super_stress,PORTFOLIO,climate_increment,347421461.2580678
5378,super_stress,PORTFOLIO,climate_increment,703291267.1232214
5379,super_stress,PORTFOLIO,climate_increment,154402425.52711767
5380,super_stress,PORTFOLIO,climate_increment,83852536.73237059
5381,super_stress,PORTFOLIO,climate_increment,161042923.6225387
5382,super_stress,PORTFOLIO,climate_increment,28473587.67114684
5383,super_stress,PORTFOLIO,climate_increment,541311769.9317933
5384,super_stress,PORTFOLIO,climate_increment,783112644.8814381
5385,super_stress,PORTFOLIO,climate_increment,705369854.0755548
5386,super_stress,PORTFOLIO,climate_increment,410534384.5858101
5387,super_stress,PORTFOLIO,climate_increment,335047304.6560063
5388,super_stress,PORTFOLIO,climate_increment,72731334.97609907
5389,super_stress,PORTFOLIO,climate_increment,183125518.6499326
5390,super_stress,PORTFOLIO,climate_increment,382945826.00731313
5391,super_stress,PORTFOLIO,climate_increment,837524295.3871117
5392,super_stress,PORTFOLIO,climate_increment,418932927.15553063
5393,super_stress,PORTFOLIO,climate_increment,94027211.96607645
5394,super_stress,PORTFOLIO,climate_increment,-53382450.8284583
5395,super_stress,PORTFOLIO,climate_increment,223288834.0562032
5396,super_stress,PORTFOLIO,climate_increment,499503437.18131816
5397,super_stress,PORTFOLIO,climate_increment,493624177.53790283
5398,super_stress,PORTFOLIO,climate_increment,523837067.5791231
5399,super_stress,PORTFOLIO,climate_increment,395504678.92339176
5400,super_stress,PORTFOLIO,climate_increment,660421355.2798114
5401,super_stress,PORTFOLIO,climate_increment,449429730.3537674
5402,super_stress,PORTFOLIO,climate_increment,340087526.37375575
5403,super_stress,PORTFOLIO,climate_increment,518517573.91563785
5404,super_stress,PORTFOLIO,climate_increment,1127021001.6189053
5405,super_stress,PORTFOLIO,climate_increment,135662670.15234625
5406,super_stress,PORTFOLIO,climate_increment,568220748.0725524
5407,super_stress,PORTFOLIO,climate_increment,532534209.40100485
5408,super_stress,PORTFOLIO,climate_increment,657757115.9902964
5409,super_stress,PORTFOLIO,climate_increment,429982009.4413703
5410,super_stress,PORTFOLIO,climate_increment,1238899895.2938242
5411,super_stress,PORTFOLIO,climate_increment,469852856.0961817
5412,super_stress,PORTFOLIO,climate_increment,680135428.1121782
5413,super_stress,PORTFOLIO,climate_increment,192146722.263195
5414,super_stress,PORTFOLIO,climate_increment,338529966.08547163
5415,super_stress,PORTFOLIO,climate_increment,396822036.6047785
5416,super_stress,PORTFOLIO,climate_increment,360305855.975285
5417,super_stress,PORTFOLIO,climate_increment,211248695.8575071
5418,super_stress,PORTFOLIO,climate_increment,100040257.63963115
5419,super_stress,PORTFOLIO,climate_increment,589402460.5297445
5420,super_stress,PORTFOLIO,climate_increment,407132121.8430049
5421,super_stress,PORTFOLIO,climate_increment,413467102.29625964
5422,super_stress,PORTFOLIO,climate_increment,-179413433.9988909
5423,super_stress,PORTFOLIO,climate_increment,188060028.49288806
5424,super_stress,PORTFOLIO,climate_increment,306681121.07350147
5425,super_stress,PORTFOLIO,climate_increment,719790066.4284862
5426,super_stress,PORTFOLIO,climate_increment,377643186.70203876
5427,super_stress,PORTFOLIO,climate_increment,527962170.7389739
5428,super_stress,PORTFOLIO,climate_increment,675669492.9729296
5429,super_stress,PORTFOLIO,climate_increment,294830807.0889786
5430,super_stress,PORTFOLIO,climate_increment,26561129.892820098
5431,super_stress,PORTFOLIO,climate_increment,656875585.3456426
5432,super_stress,PORTFOLIO,climate_increment,303326163.1193308
5433,super_stress,PORTFOLIO,climate_increment,968948666.5392451
5434,super_stress,PORTFOLIO,climate_increment,1230336774.3568778
5435,super_stress,PORTFOLIO,climate_increment,167851456.4934603
5436,super_stress,PORTFOLIO,climate_increment,520841279.1736614
5437,super_stress,PORTFOLIO,climate_increment,392857448.71650004
5438,super_stress,PORTFOLIO,climate_increment,611448188.5363417
5439,super_stress,PORTFOLIO,climate_increment,439338886.34031796
5440,super_stress,PORTFOLIO,climate_increment,673462791.061315
5441,super_stress,PORTFOLIO,climate_increment,445808469.80947894
5442,super_stress,PORTFOLIO,climate_increment,214892978.63771987
5443,super_stress,PORTFOLIO,climate_increment,259770048.03836906
5444,super_stress,PORTFOLIO,climate_increment,803847158.5600736
5445,super_stress,PORTFOLIO,climate_increment,401564996.3891646
5446,super_stress,PORTFOLIO,climate_increment,534450601.724642
5447,super_stress,PORTFOLIO,climate_increment,268164974.04267508
5448,super_stress,PORTFOLIO,climate_increment,-78238549.81494592
5449,super_stress,PORTFOLIO,climate_increment,666207024.4255928
5450,super_stress,PORTFOLIO,climate_increment,788314831.9107335
5451,super_stress,PORTFOLIO,climate_increment,949352157.6265258
5452,super_stress,PORTFOLIO,climate_increment,650078985.1380917
5453,super_stress,PORTFOLIO,climate_increment,537445321.7402947
5454,super_stress,PORTFOLIO,climate_increment,440152377.97282904
5455,super_stress,PORTFOLIO,climate_increment,-63747597.59593109
5456,super_stress,PORTFOLIO,climate_increment,535875867.14704365
5457,super_stress,PORTFOLIO,climate_increment,-191713500.02387294
5458,super_stress,PORTFOLIO,climate_increment,450664453.33724505
5459,super_stress,PORTFOLIO,climate_increment,275612831.7008411
5460,super_stress,PORTFOLIO,climate_increment,503165398.97662306
5461,super_stress,PORTFOLIO,climate_increment,544682510.736447
5462,super_stress,PORTFOLIO,climate_increment,424732784.753774
5463,super_stress,PORTFOLIO,climate_increment,425565845.3712445
5464,super_stress,PORTFOLIO,climate_increment,452821267.155963
5465,super_stress,PORTFOLIO,climate_increment,1674511074.7574177
5466,super_stress,PORTFOLIO,climate_increment,889486313.1634121
5467,super_stress,PORTFOLIO,climate_increment,223537199.61823487
5468,super_stress,PORTFOLIO,climate_increment,337310026.10177314
5469,super_stress,PORTFOLIO,climate_increment,350088130.41409516
5470,super_stress,PORTFOLIO,climate_increment,778690516.9320945
5471,super_stress,PORTFOLIO,climate_increment,501660912.5305511
5472,super_stress,PORTFOLIO,climate_increment,341525928.2990864
5473,super_stress,PORTFOLIO,climate_increment,703981999.4348762
5474,super_stress,PORTFOLIO,climate_increment,732673668.3517551
5475,super_stress,PORTFOLIO,climate_increment,731893311.0624735
5476,super_stress,PORTFOLIO,climate_increment,324324876.4079529
5477,super_stress,PORTFOLIO,climate_increment,795906399.8741937
5478,super_stress,PORTFOLIO,climate_increment,177476809.22116318
5479,super_stress,PORTFOLIO,climate_increment,313564790.9854422
5480,super_stress,PORTFOLIO,climate_increment,547063645.7215059
5481,super_stress,PORTFOLIO,climate_increment,498686263.8714987
5482,super_stress,PORTFOLIO,climate_increment,421919385.90456825
5483,super_stress,PORTFOLIO,climate_increment,416706351.322021
5484,super_stress,PORTFOLIO,climate_increment,575752255.3727812
5485,super_stress,PORTFOLIO,climate_increment,286000581.37127775
5486,super_stress,PORTFOLIO,climate_increment,738944133.0034801
5487,super_stress,PORTFOLIO,climate_increment,829462959.9627433
5488,super_stress,PORTFOLIO,climate_increment,410781932.8769094
5489,super_stress,PORTFOLIO,climate_increment,363557220.42306703
5490,super_stress,PORTFOLIO,climate_increment,1211623984.4420311
5491,super_stress,PORTFOLIO,climate_increment,392494772.3919955
5492,super_stress,PORTFOLIO,climate_increment,798174726.152236
5493,super_stress,PORTFOLIO,climate_increment,94075730.1668609
5494,super_stress,PORTFOLIO,climate_increment,476360028.3883843
5495,super_stress,PORTFOLIO,climate_increment,606381670.4931629
5496,super_stress,PORTFOLIO,climate_increment,263413234.20313367
5497,super_stress,PORTFOLIO,climate_increment,173077652.6605411
5498,super_stress,PORTFOLIO,climate_increment,430240738.1789626
5499,super_stress,PORTFOLIO,climate_increment,515644665.71079075
5500,super_stress,PORTFOLIO,climate_increment,919640217.8859304
5501,super_stress,PORTFOLIO,climate_increment,1037789014.7803208
5502,super_stress,PORTFOLIO,climate_increment,1251580100.14829
5503,super_stress,PORTFOLIO,climate_increment,901713519.30134
5504,super_stress,PORTFOLIO,climate_increment,17705033.288529478
5505,super_stress,PORTFOLIO,climate_increment,394350642.82995653
5506,super_stress,PORTFOLIO,climate_increment,611178237.7348055
5507,super_stress,PORTFOLIO,climate_increment,639966460.8959167
5508,super_stress,PORTFOLIO,climate_increment,494523157.33359057
5509,super_stress,PORTFOLIO,climate_increment,-152274359.4483076
5510,super_stress,PORTFOLIO,climate_increment,628691408.6751282
5511,super_stress,PORTFOLIO,climate_increment,725870515.0849239
5512,super_stress,PORTFOLIO,climate_increment,915318746.2167101
5513,super_stress,PORTFOLIO,climate_increment,577298073.8609731
5514,super_stress,PORTFOLIO,climate_increment,410244569.6476022
5515,super_stress,PORTFOLIO,climate_increment,527872156.9132522
5516,super_stress,PORTFOLIO,climate_increment,381661608.72688323
5517,super_stress,PORTFOLIO,climate_increment,108953913.29574513
5518,super_stress,PORTFOLIO,climate_increment,515042184.06443536
5519,super_stress,PORTFOLIO,climate_increment,30353361.77735129
5520,super_stress,PORTFOLIO,climate_increment,540449977.1781033
5521,super_stress,PORTFOLIO,climate_increment,389944293.1866044
5522,super_stress,PORTFOLIO,climate_increment,806125434.6467284
5523,super_stress,PORTFOLIO,climate_increment,425305484.85713845
5524,super_stress,PORTFOLIO,climate_increment,811249370.0496986
5525,super_stress,PORTFOLIO,climate_increment,1122547073.5913088
5526,super_stress,PORTFOLIO,climate_increment,639028939.9361813
5527,super_stress,PORTFOLIO,climate_increment,85818463.78773916
5528,super_stress,PORTFOLIO,climate_increment,160817213.6096445
5529,super_stress,PORTFOLIO,climate_increment,258571866.3960456
5530,super_stress,PORTFOLIO,climate_increment,669168696.085476
5531,super_stress,PORTFOLIO,climate_increment,438654303.56115144
5532,super_stress,PORTFOLIO,climate_increment,508448982.07553566
5533,super_stress,PORTFOLIO,climate_increment,491976363.88463277
5534,super_stress,PORTFOLIO,climate_increment,734583505.428979
5535,super_stress,PORTFOLIO,climate_increment,544142170.0705879
5536,super_stress,PORTFOLIO,climate_increment,560355945.0506696
5537,super_stress,PORTFOLIO,climate_increment,165219842.21257067
5538,super_stress,PORTFOLIO,climate_increment,57087252.08255358
5539,super_stress,PORTFOLIO,climate_increment,585094808.714281
5540,super_stress,PORTFOLIO,climate_increment,469088135.85919774
5541,super_stress,PORTFOLIO,climate_increment,1330524977.3393817
5542,super_stress,PORTFOLIO,climate_increment,439435203.2300673
5543,super_stress,PORTFOLIO,climate_increment,420190581.5255894
5544,super_stress,PORTFOLIO,climate_increment,316672065.0893837
5545,super_stress,PORTFOLIO,climate_increment,598651358.5335732
5546,super_stress,PORTFOLIO,climate_increment,357895846.65079015
5547,super_stress,PORTFOLIO,climate_increment,341953381.88988835
5548,super_stress,PORTFOLIO,climate_increment,580097289.7052667
5549,super_stress,PORTFOLIO,climate_increment,679492888.010175
5550,super_stress,PORTFOLIO,climate_increment,-101701843.64491525
5551,super_stress,PORTFOLIO,climate_increment,284435392.4489025
5552,super_stress,PORTFOLIO,climate_increment,737473446.8491741
5553,super_stress,PORTFOLIO,climate_increment,340076822.2995693
5554,super_stress,PORTFOLIO,climate_increment,-42219847.573051035
5555,super_stress,PORTFOLIO,climate_increment,563033842.8217995
5556,super_stress,PORTFOLIO,climate_increment,555135992.9696813
5557,super_stress,PORTFOLIO,climate_increment,467776474.1455435
5558,super_stress,PORTFOLIO,climate_increment,175589559.936921
5559,super_stress,PORTFOLIO,climate_increment,652050220.5365188
5560,super_stress,PORTFOLIO,climate_increment,400525085.3663513
5561,super_stress,PORTFOLIO,climate_increment,492326858.20795226
5562,super_stress,PORTFOLIO,climate_increment,576197611.4793612
5563,super_stress,PORTFOLIO,climate_increment,938236909.5254432
5564,super_stress,PORTFOLIO,climate_increment,772377764.902909
5565,super_stress,PORTFOLIO,climate_increment,741046279.9031912
5566,super_stress,PORTFOLIO,climate_increment,448588944.4476231
5567,super_stress,PORTFOLIO,climate_increment,374509225.62927514
5568,super_stress,PORTFOLIO,climate_increment,243158577.00988775
5569,super_stress,PORTFOLIO,climate_increment,290825680.68903685
5570,super_stress,PORTFOLIO,climate_increment,586365713.1694355
5571,super_stress,PORTFOLIO,climate_increment,256496434.51761633
5572,super_stress,PORTFOLIO,climate_increment,732724333.8509952
5573,super_stress,PORTFOLIO,climate_increment,792368657.0447061
5574,super_stress,PORTFOLIO,climate_increment,639726943.0088985
5575,super_stress,PORTFOLIO,climate_increment,742270796.1256654
5576,super_stress,PORTFOLIO,climate_increment,446705253.48967767
5577,super_stress,PORTFOLIO,climate_increment,377142470.61683804
5578,super_stress,PORTFOLIO,climate_increment,290147299.0565829
5579,super_stress,PORTFOLIO,climate_increment,1211514783.4647455
5580,super_stress,PORTFOLIO,climate_increment,434823172.4744227
5581,super_stress,PORTFOLIO,climate_increment,423675026.82907146
5582,super_stress,PORTFOLIO,climate_increment,895506518.3758252
5583,super_stress,PORTFOLIO,climate_increment,1351853452.9245977
5584,super_stress,PORTFOLIO,climate_increment,435306250.6576228
5585,super_stress,PORTFOLIO,climate_increment,137226584.58549124
5586,super_stress,PORTFOLIO,climate_increment,424329461.5422872
5587,super_stress,PORTFOLIO,climate_increment,614634134.7308381
5588,super_stress,PORTFOLIO,climate_increment,87969292.27939332
5589,super_stress,PORTFOLIO,climate_increment,354708344.61849016
5590,super_stress,PORTFOLIO,climate_increment,725914624.9262718
5591,super_stress,PORTFOLIO,climate_increment,949303610.3782806
5592,super_stress,PORTFOLIO,climate_increment,826494210.8026478
5593,super_stress,PORTFOLIO,climate_increment,793415691.0719935
5594,super_stress,PORTFOLIO,climate_increment,1406734627.2253494
5595,super_stress,PORTFOLIO,climate_increment,-140589793.41533655
5596,super_stress,PORTFOLIO,climate_increment,298838666.8383787
5597,super_stress,PORTFOLIO,climate_increment,321474080.81351167
5598,super_stress,PORTFOLIO,climate_increment,-366184501.50651217
5599,super_stress,PORTFOLIO,climate_increment,889079188.1732216
5600,super_stress,PORTFOLIO,climate_increment,474486332.10909027
5601,super_stress,PORTFOLIO,climate_increment,273490939.85301054
5602,super_stress,PORTFOLIO,climate_increment,157292132.42611134
5603,super_stress,PORTFOLIO,climate_increment,232444773.66908464
5604,super_stress,PORTFOLIO,climate_increment,804357585.3744999
5605,super_stress,PORTFOLIO,climate_increment,584671264.2680451
5606,super_stress,PORTFOLIO,climate_increment,488467967.2845545
5607,super_stress,PORTFOLIO,climate_increment,366319945.7746986
5608,super_stress,PORTFOLIO,climate_increment,788005592.8444939
5609,super_stress,PORTFOLIO,climate_increment,366270536.51642966
5610,super_stress,PORTFOLIO,climate_increment,400801674.83500826
5611,super_stress,PORTFOLIO,climate_increment,458077976.4244574
5612,super_stress,PORTFOLIO,climate_increment,313499312.6613292
5613,super_stress,PORTFOLIO,climate_increment,174235787.0286522
5614,super_stress,PORTFOLIO,climate_increment,619400486.8340507
5615,super_stress,PORTFOLIO,climate_increment,323008321.6908815
5616,super_stress,PORTFOLIO,climate_increment,21090681.642701775
5617,super_stress,PORTFOLIO,climate_increment,367000745.5959437
5618,super_stress,PORTFOLIO,climate_increment,835771972.373036
5619,super_stress,PORTFOLIO,climate_increment,1075326086.6615164
5620,super_stress,PORTFOLIO,climate_increment,597974551.7120569
5621,super_stress,PORTFOLIO,climate_increment,218901131.90847817
5622,super_stress,PORTFOLIO,climate_increment,149176996.96024963
5623,super_stress,PORTFOLIO,climate_increment,531589970.1090343
5624,super_stress,PORTFOLIO,climate_increment,502372017.9321579
5625,super_stress,PORTFOLIO,climate_increment,1154045840.5821466
5626,super_stress,PORTFOLIO,climate_increment,483143393.12001544
5627,super_stress,PORTFOLIO,climate_increment,896185900.2648987
5628,super_stress,PORTFOLIO,climate_increment,151583862.1422282
5629,super_stress,PORTFOLIO,climate_increment,460890951.1968988
5630,super_stress,PORTFOLIO,climate_increment,817683503.195868
5631,super_stress,PORTFOLIO,climate_increment,173175490.44557327
5632,super_stress,PORTFOLIO,climate_increment,563100243.3046234
5633,super_stress,PORTFOLIO,climate_increment,825610670.4072946
5634,super_stress,PORTFOLIO,climate_increment,392058970.30385566
5635,super_stress,PORTFOLIO,climate_increment,379209458.02433753
5636,super_stress,PORTFOLIO,climate_increment,693226086.7269449
5637,super_stress,PORTFOLIO,climate_increment,813025989.0449004
5638,super_stress,PORTFOLIO,climate_increment,414032606.88571626
5639,super_stress,PORTFOLIO,climate_increment,649806896.5128164
5640,super_stress,PORTFOLIO,climate_increment,1107139708.634746
5641,super_stress,PORTFOLIO,climate_increment,42467123.318139024
5642,super_stress,PORTFOLIO,climate_increment,-105823770.75338632
5643,super_stress,PORTFOLIO,climate_increment,347367339.8155362
5644,super_stress,PORTFOLIO,climate_increment,282032192.97269875
5645,super_stress,PORTFOLIO,climate_increment,-8647223.686582092
5646,super_stress,PORTFOLIO,climate_increment,147483224.19856158
5647,super_stress,PORTFOLIO,climate_increment,363902360.1041442
5648,super_stress,PORTFOLIO,climate_increment,579554878.7527002
5649,super_stress,PORTFOLIO,climate_increment,236898254.5153837
5650,super_stress,PORTFOLIO,climate_increment,235690558.9660782
5651,super_stress,PORTFOLIO,climate_increment,827071072.0095464
5652,super_stress,PORTFOLIO,climate_increment,124073828.75165218
5653,super_stress,PORTFOLIO,climate_increment,207467861.4022706
5654,super_stress,PORTFOLIO,climate_increment,737179664.995262
5655,super_stress,PORTFOLIO,climate_increment,414996679.3687828
5656,super_stress,PORTFOLIO,climate_increment,519471496.7868074
5657,super_stress,PORTFOLIO,climate_increment,682396687.8903123
5658,super_stress,PORTFOLIO,climate_increment,429611336.8005367
5659,super_stress,PORTFOLIO,climate_increment,181271594.58422107
5660,super_stress,PORTFOLIO,climate_increment,792363779.8538332
5661,super_stress,PORTFOLIO,climate_increment,310268780.20710427
5662,super_stress,PORTFOLIO,climate_increment,686238698.8964818
5663,super_stress,PORTFOLIO,climate_increment,553856405.425281
5664,super_stress,PORTFOLIO,climate_increment,599087100.3308094
5665,super_stress,PORTFOLIO,climate_increment,298373322.94312453
5666,super_stress,PORTFOLIO,climate_increment,435362210.42085177
5667,super_stress,PORTFOLIO,climate_increment,498802430.29418826
5668,super_stress,PORTFOLIO,climate_increment,252142755.260042
5669,super_stress,PORTFOLIO,climate_increment,707977982.0617497
5670,super_stress,PORTFOLIO,climate_increment,537765497.0834564
5671,super_stress,PORTFOLIO,climate_increment,885857870.675015
5672,super_stress,PORTFOLIO,climate_increment,80319449.02868457
5673,super_stress,PORTFOLIO,climate_increment,80438031.27706741
5674,super_stress,PORTFOLIO,climate_increment,576651856.7191317
5675,super_stress,PORTFOLIO,climate_increment,1313681939.6826105
5676,super_stress,PORTFOLIO,climate_increment,135535360.72702894
5677,super_stress,PORTFOLIO,climate_increment,268606110.3334313
5678,super_stress,PORTFOLIO,climate_increment,283806771.5874683
5679,super_stress,PORTFOLIO,climate_increment,590534475.3947098
5680,super_stress,PORTFOLIO,climate_increment,795920587.0460047
5681,super_stress,PORTFOLIO,climate_increment,361445346.1501596
5682,super_stress,PORTFOLIO,climate_increment,888832168.8894272
5683,super_stress,PORTFOLIO,climate_increment,271856225.9927066
5684,super_stress,PORTFOLIO,climate_increment,837791400.629585
5685,super_stress,PORTFOLIO,climate_increment,680987270.5062832
5686,super_stress,PORTFOLIO,climate_increment,389694253.77265406
5687,super_stress,PORTFOLIO,climate_increment,504859111.4020045
5688,super_stress,PORTFOLIO,climate_increment,408030320.19803524
5689,super_stress,PORTFOLIO,climate_increment,342736633.65930474
5690,super_stress,PORTFOLIO,climate_increment,744201952.6694313
5691,super_stress,PORTFOLIO,climate_increment,525590734.97921956
5692,super_stress,PORTFOLIO,climate_increment,667158748.8938627
5693,super_stress,PORTFOLIO,climate_increment,252674993.43639177
5694,super_stress,PORTFOLIO,climate_increment,121704816.3916089
5695,super_stress,PORTFOLIO,climate_increment,1010351083.2019222
5696,super_stress,PORTFOLIO,climate_increment,742632429.3006802
5697,super_stress,PORTFOLIO,climate_increment,295053548.2423274
5698,super_stress,PORTFOLIO,climate_increment,475473515.2495724
5699,super_stress,PORTFOLIO,climate_increment,448447187.63311905
5700,super_stress,PORTFOLIO,climate_increment,158973111.23116425
5701,super_stress,PORTFOLIO,climate_increment,623186413.9099352
5702,super_stress,PORTFOLIO,climate_increment,762601414.777395
5703,super_stress,PORTFOLIO,climate_increment,92514590.11623926
5704,super_stress,PORTFOLIO,climate_increment,632933957.934032
5705,super_stress,PORTFOLIO,climate_increment,439767545.36371446
5706,super_stress,PORTFOLIO,climate_increment,1476633839.3787365
5707,super_stress,PORTFOLIO,climate_increment,350431796.52860475
5708,super_stress,PORTFOLIO,climate_increment,961011745.0334171
5709,super_stress,PORTFOLIO,climate_increment,924143505.7532247
5710,super_stress,PORTFOLIO,climate_increment,499452311.39112025
5711,super_stress,PORTFOLIO,climate_increment,81880568.55181442
5712,super_stress,PORTFOLIO,climate_increment,-162089539.88511696
5713,super_stress,PORTFOLIO,climate_increment,553658307.5158465
5714,super_stress,PORTFOLIO,climate_increment,470350765.0178144
5715,super_stress,PORTFOLIO,climate_increment,664170396.0778735
5716,super_stress,PORTFOLIO,climate_increment,977726336.8188066
5717,super_stress,PORTFOLIO,climate_increment,839567331.7205619
5718,super_stress,PORTFOLIO,climate_increment,545799819.8385091
5719,super_stress,PORTFOLIO,climate_increment,1091022836.6243813
5720,super_stress,PORTFOLIO,climate_increment,364443823.61495936
5721,super_stress,PORTFOLIO,climate_increment,801622632.3709733
5722,super_stress,PORTFOLIO,climate_increment,237407973.1351069
5723,super_stress,PORTFOLIO,climate_increment,-90916918.45213263
5724,super_stress,PORTFOLIO,climate_increment,542819829.7764949
5725,super_stress,PORTFOLIO,climate_increment,453816855.8733792
5726,super_stress,PORTFOLIO,climate_increment,317508214.3435354
5727,super_stress,PORTFOLIO,climate_increment,544885700.6844047
5728,super_stress,PORTFOLIO,climate_increment,453825180.0433268
5729,super_stress,PORTFOLIO,climate_increment,350133941.76276314
5730,super_stress,PORTFOLIO,climate_increment,365174937.0319854
5731,super_stress,PORTFOLIO,climate_increment,515808611.7096616
5732,super_stress,PORTFOLIO,climate_increment,523116018.17375815
5733,super_stress,PORTFOLIO,climate_increment,618209023.6013701
5734,super_stress,PORTFOLIO,climate_increment,416479430.224364
5735,super_stress,PORTFOLIO,climate_increment,564738417.0228418
5736,super_stress,PORTFOLIO,climate_increment,993966359.1808631
5737,super_stress,PORTFOLIO,climate_increment,310638324.45580035
5738,super_stress,PORTFOLIO,climate_increment,501957953.58764374
5739,super_stress,PORTFOLIO,climate_increment,939527026.8711088
5740,super_stress,PORTFOLIO,climate_increment,457588914.03870577
5741,super_stress,PORTFOLIO,climate_increment,191477574.07797974
5742,super_stress,PORTFOLIO,climate_increment,726061052.0537729
5743,super_stress,PORTFOLIO,climate_increment,453042898.48772126
5744,super_stress,PORTFOLIO,climate_increment,198165275.95833012
5745,super_stress,PORTFOLIO,climate_increment,-232912135.0322313
5746,super_stress,PORTFOLIO,climate_increment,813523865.8303671
5747,super_stress,PORTFOLIO,climate_increment,164113971.95947284
5748,super_stress,PORTFOLIO,climate_increment,969965457.3771938
5749,super_stress,PORTFOLIO,climate_increment,577437970.7905585
5750,super_stress,PORTFOLIO,climate_increment,561267932.5899928
5751,super_stress,PORTFOLIO,climate_increment,643187949.4791074
5752,super_stress,PORTFOLIO,climate_increment,2157960.589614743
5753,super_stress,PORTFOLIO,climate_increment,251532924.69700852
5754,super_stress,PORTFOLIO,climate_increment,361616844.7158745
5755,super_stress,PORTFOLIO,climate_increment,660395332.2832905
5756,super_stress,PORTFOLIO,climate_increment,398298622.1796233
5757,super_stress,PORTFOLIO,climate_increment,588320536.568508
5758,super_stress,PORTFOLIO,climate_increment,527749091.81909406
5759,super_stress,PORTFOLIO,climate_increment,370914302.83695394
5760,super_stress,PORTFOLIO,climate_increment,457806619.60582227
5761,super_stress,PORTFOLIO,climate_increment,229874022.20140514
5762,super_stress,PORTFOLIO,climate_increment,922579530.2512693
5763,super_stress,PORTFOLIO,climate_increment,52530538.06408225
5764,super_stress,PORTFOLIO,climate_increment,516925770.5121064
5765,super_stress,PORTFOLIO,climate_increment,141686851.3281376
5766,super_stress,PORTFOLIO,climate_increment,-5382827.215540577
5767,super_stress,PORTFOLIO,climate_increment,795882487.371534
5768,super_stress,PORTFOLIO,climate_increment,284738154.1474754
5769,super_stress,PORTFOLIO,climate_increment,960836340.2463032
5770,super_stress,PORTFOLIO,climate_increment,413551127.9052816
5771,super_stress,PORTFOLIO,climate_increment,827248835.0751457
5772,super_stress,PORTFOLIO,climate_increment,654041620.0619998
5773,super_stress,PORTFOLIO,climate_increment,460220064.03051627
5774,super_stress,PORTFOLIO,climate_increment,564766687.0975091
5775,super_stress,PORTFOLIO,climate_increment,762821174.5837471
5776,super_stress,PORTFOLIO,climate_increment,-199498118.79570124
5777,super_stress,PORTFOLIO,climate_increment,439778006.207335
5778,super_stress,PORTFOLIO,climate_increment,431664412.3444363
5779,super_stress,PORTFOLIO,climate_increment,87323083.86248069
5780,super_stress,PORTFOLIO,climate_increment,905601281.5826206
5781,super_stress,PORTFOLIO,climate_increment,360696865.3530123
5782,super_stress,PORTFOLIO,climate_increment,619248875.7116655
5783,super_stress,PORTFOLIO,climate_increment,409859269.1283179
5784,super_stress,PORTFOLIO,climate_increment,596307145.8467335
5785,super_stress,PORTFOLIO,climate_increment,443367207.8662118
5786,super_stress,PORTFOLIO,climate_increment,-130928506.1570576
5787,super_stress,PORTFOLIO,climate_increment,397351431.5128991
5788,super_stress,PORTFOLIO,climate_increment,695835220.140263
5789,super_stress,PORTFOLIO,climate_increment,338202918.80461764
5790,super_stress,PORTFOLIO,climate_increment,406681722.4698238
5791,super_stress,PORTFOLIO,climate_increment,766985584.305985
5792,super_stress,PORTFOLIO,climate_increment,244864380.102075
5793,super_stress,PORTFOLIO,climate_increment,769435953.0034579
5794,super_stress,PORTFOLIO,climate_increment,491923573.6223229
5795,super_stress,PORTFOLIO,climate_increment,151636991.6100238
5796,super_stress,PORTFOLIO,climate_increment,618979519.7568551
5797,super_stress,PORTFOLIO,climate_increment,580993883.884353
5798,super_stress,PORTFOLIO,climate_increment,233984343.90989375
5799,super_stress,PORTFOLIO,climate_increment,657470234.9892117
5800,super_stress,PORTFOLIO,climate_increment,205681287.5287053
5801,super_stress,PORTFOLIO,climate_increment,538057749.9962764
5802,super_stress,PORTFOLIO,climate_increment,1023816714.8251344
5803,super_stress,PORTFOLIO,climate_increment,519000729.62421757
5804,super_stress,PORTFOLIO,climate_increment,407664632.443898
5805,super_stress,PORTFOLIO,climate_increment,101124684.13406955
5806,super_stress,PORTFOLIO,climate_increment,433108195.4948737
5807,super_stress,PORTFOLIO,climate_increment,781297839.0160693
5808,super_stress,PORTFOLIO,climate_increment,177911455.42341504
5809,super_stress,PORTFOLIO,climate_increment,150042451.83521223
5810,super_stress,PORTFOLIO,climate_increment,-23375261.46511285
5811,super_stress,PORTFOLIO,climate_increment,1154342399.212201
5812,super_stress,PORTFOLIO,climate_increment,815170364.3263061
5813,super_stress,PORTFOLIO,climate_increment,540295541.7513071
5814,super_stress,PORTFOLIO,climate_increment,824245467.5107632
5815,super_stress,PORTFOLIO,climate_increment,603633912.2782308
5816,super_stress,PORTFOLIO,climate_increment,403432789.83382183
5817,super_stress,PORTFOLIO,climate_increment,73729623.63285467
5818,super_stress,PORTFOLIO,climate_increment,542393040.8164549
5819,super_stress,PORTFOLIO,climate_increment,178240714.28946552
5820,super_stress,PORTFOLIO,climate_increment,496344484.81916934
5821,super_stress,PORTFOLIO,climate_increment,471298817.1453002
5822,super_stress,PORTFOLIO,climate_increment,344907459.23651904
5823,super_stress,PORTFOLIO,climate_increment,370910268.23329544
5824,super_stress,PORTFOLIO,climate_increment,258948007.55344164
5825,super_stress,PORTFOLIO,climate_increment,370404876.47751623
5826,super_stress,PORTFOLIO,climate_increment,725811407.8326757
5827,super_stress,PORTFOLIO,climate_increment,630438265.2651217
5828,super_stress,PORTFOLIO,climate_increment,342125059.0772217
5829,super_stress,PORTFOLIO,climate_increment,-313431112.206632
5830,super_stress,PORTFOLIO,climate_increment,414252219.1934873
5831,super_stress,PORTFOLIO,climate_increment,458795977.1010509
5832,super_stress,PORTFOLIO,climate_increment,1426496296.429923
5833,super_stress,PORTFOLIO,climate_increment,6659667.522700962
5834,super_stress,PORTFOLIO,climate_increment,683318275.8403188
5835,super_stress,PORTFOLIO,climate_increment,583810848.2554125
5836,super_stress,PORTFOLIO,climate_increment,491992200.5065826
5837,super_stress,PORTFOLIO,climate_increment,373885453.1316856
5838,super_stress,PORTFOLIO,climate_increment,259479538.72207537
5839,super_stress,PORTFOLIO,climate_increment,537792637.4527599
5840,super_stress,PORTFOLIO,climate_increment,690879534.6931375
5841,super_stress,PORTFOLIO,climate_increment,328567464.2210431
5842,super_stress,PORTFOLIO,climate_increment,833495907.3357229
5843,super_stress,PORTFOLIO,climate_increment,250199620.9918884
5844,super_stress,PORTFOLIO,climate_increment,1603786759.524475
5845,super_stress,PORTFOLIO,climate_increment,365602784.4944116
5846,super_stress,PORTFOLIO,climate_increment,225785435.79238078
5847,super_stress,PORTFOLIO,climate_increment,764038382.7758514
5848,super_stress,PORTFOLIO,climate_increment,482394184.2512347
5849,super_stress,PORTFOLIO,climate_increment,355233202.639013
5850,super_stress,PORTFOLIO,climate_increment,204567458.52318898
5851,super_stress,PORTFOLIO,climate_increment,1282360345.375727
5852,super_stress,PORTFOLIO,climate_increment,610044459.9878229
5853,super_stress,PORTFOLIO,climate_increment,227154072.86835438
5854,super_stress,PORTFOLIO,climate_increment,620042730.0545446
5855,super_stress,PORTFOLIO,climate_increment,1001232956.4249754
5856,super_stress,PORTFOLIO,climate_increment,844458983.2119241
5857,super_stress,PORTFOLIO,climate_increment,483048038.3365601
5858,super_stress,PORTFOLIO,climate_increment,452388032.269887
5859,super_stress,PORTFOLIO,climate_increment,-80125890.56185666
5860,super_stress,PORTFOLIO,climate_increment,139973474.93814775
5861,super_stress,PORTFOLIO,climate_increment,653858856.955595
5862,super_stress,PORTFOLIO,climate_increment,248546859.83288968
5863,super_stress,PORTFOLIO,climate_increment,650931493.2866188
5864,super_stress,PORTFOLIO,climate_increment,223214938.16845876
5865,super_stress,PORTFOLIO,climate_increment,1291807819.6746755
5866,super_stress,PORTFOLIO,climate_increment,1032942810.6371785
5867,super_stress,PORTFOLIO,climate_increment,996050986.4884446
5868,super_stress,PORTFOLIO,climate_increment,916892452.5098006
5869,super_stress,PORTFOLIO,climate_increment,299182662.66744334
5870,super_stress,PORTFOLIO,climate_increment,398109650.9989726
5871,super_stress,PORTFOLIO,climate_increment,42793292.86489431
5872,super_stress,PORTFOLIO,climate_increment,313468920.5497438
5873,super_stress,PORTFOLIO,climate_increment,204906746.1286718
5874,super_stress,PORTFOLIO,climate_increment,60293707.635237634
5875,super_stress,PORTFOLIO,climate_increment,193972081.60221043
5876,super_stress,PORTFOLIO,climate_increment,1035308777.5749341
5877,super_stress,PORTFOLIO,climate_increment,708073121.1038022
5878,super_stress,PORTFOLIO,climate_increment,-23537250.34516827
5879,super_stress,PORTFOLIO,climate_increment,192294159.8482058
5880,super_stress,PORTFOLIO,climate_increment,607652756.0116276
5881,super_stress,PORTFOLIO,climate_increment,556533636.017328
5882,super_stress,PORTFOLIO,climate_increment,101463994.07861693
5883,super_stress,PORTFOLIO,climate_increment,565053983.05566
5884,super_stress,PORTFOLIO,climate_increment,723915948.0267677
5885,super_stress,PORTFOLIO,climate_increment,679511987.5161389
5886,super_stress,PORTFOLIO,climate_increment,323590307.1262295
5887,super_stress,PORTFOLIO,climate_increment,371636155.86816156
5888,super_stress,PORTFOLIO,climate_increment,186238243.1769003
5889,super_stress,PORTFOLIO,climate_increment,634550296.6898829
5890,super_stress,PORTFOLIO,climate_increment,356088080.47588086
5891,super_stress,PORTFOLIO,climate_increment,717953025.9441545
5892,super_stress,PORTFOLIO,climate_increment,480504910.16177773
5893,super_stress,PORTFOLIO,climate_increment,466351739.7008328
5894,super_stress,PORTFOLIO,climate_increment,10988177.589212572
5895,super_stress,PORTFOLIO,climate_increment,654912239.7073146
5896,super_stress,PORTFOLIO,climate_increment,575034279.1923331
5897,super_stress,PORTFOLIO,climate_increment,807876033.6560222
5898,super_stress,PORTFOLIO,climate_increment,-18646352.576798964
5899,super_stress,PORTFOLIO,climate_increment,400009205.35904133
5900,super_stress,PORTFOLIO,climate_increment,287169574.6027632
5901,super_stress,PORTFOLIO,climate_increment,757607351.7515844
5902,super_stress,PORTFOLIO,climate_increment,602646956.9290872
5903,super_stress,PORTFOLIO,climate_increment,-202768878.93746924
5904,super_stress,PORTFOLIO,climate_increment,-276486512.9275497
5905,super_stress,PORTFOLIO,climate_increment,719112518.1514399
5906,super_stress,PORTFOLIO,climate_increment,375312953.8711231
5907,super_stress,PORTFOLIO,climate_increment,474934770.46875006
5908,super_stress,PORTFOLIO,climate_increment,848689597.1892583
5909,super_stress,PORTFOLIO,climate_increment,445997727.56936425
5910,super_stress,PORTFOLIO,climate_increment,1300978488.6186945
5911,super_stress,PORTFOLIO,climate_increment,466933622.50324994
5912,super_stress,PORTFOLIO,climate_increment,265371717.41626477
5913,super_stress,PORTFOLIO,climate_increment,90945703.44295746
5914,super_stress,PORTFOLIO,climate_increment,341220147.91774446
5915,super_stress,PORTFOLIO,climate_increment,772342756.1408551
5916,super_stress,PORTFOLIO,climate_increment,874767088.7126696
5917,super_stress,PORTFOLIO,climate_increment,210916940.45023468
5918,super_stress,PORTFOLIO,climate_increment,670079516.9532256
5919,super_stress,PORTFOLIO,climate_increment,353572256.1471733
5920,super_stress,PORTFOLIO,climate_increment,-296957981.1230416
5921,super_stress,PORTFOLIO,climate_increment,225130215.1480252
5922,super_stress,PORTFOLIO,climate_increment,150712752.63885868
5923,super_stress,PORTFOLIO,climate_increment,202253281.89923236
5924,super_stress,PORTFOLIO,climate_increment,897570186.3130543
5925,super_stress,PORTFOLIO,climate_increment,-134373533.98083207
5926,super_stress,PORTFOLIO,climate_increment,87189273.11735038
5927,super_stress,PORTFOLIO,climate_increment,914748165.5141565
5928,super_stress,PORTFOLIO,climate_increment,960843550.161432
5929,super_stress,PORTFOLIO,climate_increment,209705151.96146122
5930,super_stress,PORTFOLIO,climate_increment,1062676777.794289
5931,super_stress,PORTFOLIO,climate_increment,441138571.23249996
5932,super_stress,PORTFOLIO,climate_increment,222893990.7771765
5933,super_stress,PORTFOLIO,climate_increment,292653535.14444244
5934,super_stress,PORTFOLIO,climate_increment,144503151.51956046
5935,super_stress,PORTFOLIO,climate_increment,1110197177.041348
5936,super_stress,PORTFOLIO,climate_increment,505837429.8772384
5937,super_stress,PORTFOLIO,climate_increment,1297928033.5250435
5938,super_stress,PORTFOLIO,climate_increment,786449496.9406284
5939,super_stress,PORTFOLIO,climate_increment,214784870.90620774
5940,super_stress,PORTFOLIO,climate_increment,911480567.2716833
5941,super_stress,PORTFOLIO,climate_increment,1038247480.0722071
5942,super_stress,PORTFOLIO,climate_increment,862520737.5838897
5943,super_stress,PORTFOLIO,climate_increment,159224167.21378365
5944,super_stress,PORTFOLIO,climate_increment,580631293.1392463
5945,super_stress,PORTFOLIO,climate_increment,488203257.3674214
5946,super_stress,PORTFOLIO,climate_increment,527764105.08777195
5947,super_stress,PORTFOLIO,climate_increment,259703171.40552795
5948,super_stress,PORTFOLIO,climate_increment,1202909552.6139529
5949,super_stress,PORTFOLIO,climate_increment,935625255.8019986
5950,super_stress,PORTFOLIO,climate_increment,670912919.9520934
5951,super_stress,PORTFOLIO,climate_increment,669399575.1855178
5952,super_stress,PORTFOLIO,climate_increment,563630238.7933384
5953,super_stress,PORTFOLIO,climate_increment,160571941.05164257
5954,super_stress,PORTFOLIO,climate_increment,250791645.6880642
5955,super_stress,PORTFOLIO,climate_increment,1117114166.8925033
5956,super_stress,PORTFOLIO,climate_increment,598350482.4807801
5957,super_stress,PORTFOLIO,climate_increment,466699978.80051553
5958,super_stress,PORTFOLIO,climate_increment,526206894.2878442
5959,super_stress,PORTFOLIO,climate_increment,446126367.1113947
5960,super_stress,PORTFOLIO,climate_increment,567707318.6263182
5961,super_stress,PORTFOLIO,climate_increment,455222823.9858163
5962,super_stress,PORTFOLIO,climate_increment,323641125.97032404
5963,super_stress,PORTFOLIO,climate_increment,423732815.8606869
5964,super_stress,PORTFOLIO,climate_increment,339835700.0903862
5965,super_stress,PORTFOLIO,climate_increment,178482312.68820232
5966,super_stress,PORTFOLIO,climate_increment,341945136.8629248
5967,super_stress,PORTFOLIO,climate_increment,542790516.4315914
5968,super_stress,PORTFOLIO,climate_increment,310231385.107654
5969,super_stress,PORTFOLIO,climate_increment,575537920.7364864
5970,super_stress,PORTFOLIO,climate_increment,96748865.99027161
5971,super_stress,PORTFOLIO,climate_increment,478430961.75730586
5972,super_stress,PORTFOLIO,climate_increment,699619821.8699917
5973,super_stress,PORTFOLIO,climate_increment,429625332.1225345
5974,super_stress,PORTFOLIO,climate_increment,359817573.9915064
5975,super_stress,PORTFOLIO,climate_increment,146424160.80611432
5976,super_stress,PORTFOLIO,climate_increment,297731536.4305302
5977,super_stress,PORTFOLIO,climate_increment,121218011.94453944
5978,super_stress,PORTFOLIO,climate_increment,302096938.82245433
5979,super_stress,PORTFOLIO,climate_increment,714412977.1822021
5980,super_stress,PORTFOLIO,climate_increment,442616015.38169795
5981,super_stress,PORTFOLIO,climate_increment,239159689.47464612
5982,super_stress,PORTFOLIO,climate_increment,924044914.2087083
5983,super_stress,PORTFOLIO,climate_increment,73759743.87917462
5984,super_stress,PORTFOLIO,climate_increment,856027162.9003557
5985,super_stress,PORTFOLIO,climate_increment,162965286.6378088
5986,super_stress,PORTFOLIO,climate_increment,459669104.78060406
5987,super_stress,PORTFOLIO,climate_increment,363155405.7874847
5988,super_stress,PORTFOLIO,climate_increment,553735903.4322685
5989,super_stress,PORTFOLIO,climate_increment,205216773.59801057
5990,super_stress,PORTFOLIO,climate_increment,599939905.8309271
5991,super_stress,PORTFOLIO,climate_increment,488129130.6969084
5992,super_stress,PORTFOLIO,climate_increment,676395550.5466154
5993,super_stress,PORTFOLIO,climate_increment,766158616.1431619
5994,super_stress,PORTFOLIO,climate_increment,635712346.1504459
5995,super_stress,PORTFOLIO,climate_increment,314137781.3623264
5996,super_stress,PORTFOLIO,climate_increment,164372757.34065616
5997,super_stress,PORTFOLIO,climate_increment,562593346.5845416
5998,super_stress,PORTFOLIO,climate_increment,480788788.63775975
5999,super_stress,PORTFOLIO,climate_increment,277110944.5874972
6000,super_stress,PORTFOLIO,climate_increment,595173371.5798315
6001,super_stress,PORTFOLIO,climate_increment,780191950.8794012
6002,super_stress,PORTFOLIO,climate_increment,586473424.0044334
6003,super_stress,PORTFOLIO,climate_increment,246857269.96616122
6004,super_stress,PORTFOLIO,climate_increment,591315020.66957
6005,super_stress,PORTFOLIO,climate_increment,1022810558.0721573
6006,super_stress,PORTFOLIO,climate_increment,529470059.64745915
6007,super_stress,PORTFOLIO,climate_increment,203625506.27057645
6008,super_stress,PORTFOLIO,climate_increment,798733604.5934349
6009,super_stress,PORTFOLIO,climate_increment,-47124531.10864373
6010,super_stress,PORTFOLIO,climate_increment,643877203.1643956
6011,super_stress,PORTFOLIO,climate_increment,699470994.8773441
6012,super_stress,PORTFOLIO,climate_increment,766661080.7440515
6013,super_stress,PORTFOLIO,climate_increment,265217793.10152283
6014,super_stress,PORTFOLIO,climate_increment,990780139.9455515
6015,super_stress,PORTFOLIO,climate_increment,380331482.06670207
6016,super_stress,PORTFOLIO,climate_increment,791018112.2027262
6017,super_stress,PORTFOLIO,climate_increment,727476784.2120428
6018,super_stress,PORTFOLIO,climate_increment,428250107.00894296
6019,super_stress,PORTFOLIO,climate_increment,372364179.2772959
6020,super_stress,PORTFOLIO,climate_increment,928653261.2915337
6021,super_stress,PORTFOLIO,climate_increment,487083200.0536581
6022,super_stress,PORTFOLIO,climate_increment,225595960.5292899
6023,super_stress,PORTFOLIO,climate_increment,222204411.51996374
6024,super_stress,PORTFOLIO,climate_increment,457639925.35376495
6025,super_stress,PORTFOLIO,climate_increment,925932082.3947896
6026,super_stress,PORTFOLIO,climate_increment,245273636.9784825
6027,super_stress,PORTFOLIO,climate_increment,297493433.94694656
6028,super_stress,PORTFOLIO,climate_increment,444621753.91909844
6029,super_stress,PORTFOLIO,climate_increment,697219904.9688147
6030,super_stress,PORTFOLIO,climate_increment,32178528.933413822
6031,super_stress,PORTFOLIO,climate_increment,33660609.924373746
6032,super_stress,PORTFOLIO,climate_increment,-79847164.093565
6033,super_stress,PORTFOLIO,climate_increment,788635759.9375957
6034,super_stress,PORTFOLIO,climate_increment,808702738.701985
6035,super_stress,PORTFOLIO,climate_increment,484859437.7465418
6036,super_stress,PORTFOLIO,climate_increment,472483292.4930378
6037,super_stress,PORTFOLIO,climate_increment,333798653.70396227
6038,super_stress,PORTFOLIO,climate_increment,413150974.59818137
6039,super_stress,PORTFOLIO,climate_increment,417313726.29181427
6040,super_stress,PORTFOLIO,climate_increment,552808101.087083
6041,super_stress,PORTFOLIO,climate_increment,296413471.0305973
6042,super_stress,PORTFOLIO,climate_increment,831676560.1286079
6043,super_stress,PORTFOLIO,climate_increment,924667669.9314331
6044,super_stress,PORTFOLIO,climate_increment,564831986.4780222
6045,super_stress,PORTFOLIO,climate_increment,683522898.0083432
6046,super_stress,PORTFOLIO,climate_increment,118792615.41928402
6047,super_stress,PORTFOLIO,climate_increment,393498191.8758488
6048,super_stress,PORTFOLIO,climate_increment,833506728.0217156
6049,super_stress,PORTFOLIO,climate_increment,906819457.0326638
6050,super_stress,PORTFOLIO,climate_increment,661195602.3683996
6051,super_stress,PORTFOLIO,climate_increment,407074536.7168737
6052,super_stress,PORTFOLIO,climate_increment,773327072.0679526
6053,super_stress,PORTFOLIO,climate_increment,369680758.40225315
6054,super_stress,PORTFOLIO,climate_increment,679480329.1808074
6055,super_stress,PORTFOLIO,climate_increment,867544316.0303885
6056,super_stress,PORTFOLIO,climate_increment,81989613.92746226
6057,super_stress,PORTFOLIO,climate_increment,-174100817.3584892
6058,super_stress,PORTFOLIO,climate_increment,207648395.73683247
6059,super_stress,PORTFOLIO,climate_increment,1174029433.259371
6060,super_stress,PORTFOLIO,climate_increment,496964524.3088155
6061,super_stress,PORTFOLIO,climate_increment,399546468.49574184
6062,super_stress,PORTFOLIO,climate_increment,540149557.639607
6063,super_stress,PORTFOLIO,climate_increment,267335131.62810895
6064,super_stress,PORTFOLIO,climate_increment,526527619.8834796
6065,super_stress,PORTFOLIO,climate_increment,642419499.7003838
6066,super_stress,PORTFOLIO,climate_increment,190292448.60427654
6067,super_stress,PORTFOLIO,climate_increment,914788702.2066667
6068,super_stress,PORTFOLIO,climate_increment,899267603.1492205
6069,super_stress,PORTFOLIO,climate_increment,420256436.03973603
6070,super_stress,PORTFOLIO,climate_increment,172940718.04810628
6071,super_stress,PORTFOLIO,climate_increment,342513698.6388912
6072,super_stress,PORTFOLIO,climate_increment,562545871.5127633
6073,super_stress,PORTFOLIO,climate_increment,610850632.431966
6074,super_stress,PORTFOLIO,climate_increment,961193861.4740347
6075,super_stress,PORTFOLIO,climate_increment,1045003705.8318235
6076,super_stress,PORTFOLIO,climate_increment,457424637.3437544
6077,super_stress,PORTFOLIO,climate_increment,544389726.0900854
6078,super_stress,PORTFOLIO,climate_increment,552126358.0897853
6079,super_stress,PORTFOLIO,climate_increment,822540834.667509
6080,super_stress,PORTFOLIO,climate_increment,346760590.00373
6081,super_stress,PORTFOLIO,climate_increment,278806323.3634898
6082,super_stress,PORTFOLIO,climate_increment,519918325.41225666
6083,super_stress,PORTFOLIO,climate_increment,342175581.0475524
6084,super_stress,PORTFOLIO,climate_increment,551248496.6685059
6085,super_stress,PORTFOLIO,climate_increment,589974716.1464151
6086,super_stress,PORTFOLIO,climate_increment,276756723.3037533
6087,super_stress,PORTFOLIO,climate_increment,105862276.33827145
6088,super_stress,PORTFOLIO,climate_increment,977140303.1310087
6089,super_stress,PORTFOLIO,climate_increment,327276220.9570238
6090,super_stress,PORTFOLIO,climate_increment,223030451.1931793
6091,super_stress,PORTFOLIO,climate_increment,611380236.1719499
6092,super_stress,PORTFOLIO,climate_increment,637685593.7408801
6093,super_stress,PORTFOLIO,climate_increment,911265714.5405892
6094,super_stress,PORTFOLIO,climate_increment,216171211.7519327
6095,super_stress,PORTFOLIO,climate_increment,663412643.2722929
6096,super_stress,PORTFOLIO,climate_increment,43039022.10332756
6097,super_stress,PORTFOLIO,climate_increment,91872273.1534532
6098,super_stress,PORTFOLIO,climate_increment,108178619.95848411
6099,super_stress,PORTFOLIO,climate_increment,269831135.1106327
6100,super_stress,PORTFOLIO,climate_increment,570736728.6880053
6101,super_stress,PORTFOLIO,climate_increment,371463362.7471916
6102,super_stress,PORTFOLIO,climate_increment,708448946.1309853
6103,super_stress,PORTFOLIO,climate_increment,349052838.3720641
6104,super_stress,PORTFOLIO,climate_increment,687905171.6172376
6105,super_stress,PORTFOLIO,climate_increment,563702023.6546066
6106,super_stress,PORTFOLIO,climate_increment,335211252.89296854
6107,super_stress,PORTFOLIO,climate_increment,587537207.1988509
6108,super_stress,PORTFOLIO,climate_increment,788783939.0219411
6109,super_stress,PORTFOLIO,climate_increment,16079543.635053167
6110,super_stress,PORTFOLIO,climate_increment,-93794383.62543687
6111,super_stress,PORTFOLIO,climate_increment,631720765.9284784
6112,super_stress,PORTFOLIO,climate_increment,656271558.4910783
6113,super_stress,PORTFOLIO,climate_increment,413528071.5036491
6114,super_stress,PORTFOLIO,climate_increment,768128879.1673121
6115,super_stress,PORTFOLIO,climate_increment,237356671.6057597
6116,super_stress,PORTFOLIO,climate_increment,571418320.600404
6117,super_stress,PORTFOLIO,climate_increment,622676158.4027267
6118,super_stress,PORTFOLIO,climate_increment,286476776.8672472
6119,super_stress,PORTFOLIO,climate_increment,773181094.2543813
6120,super_stress,PORTFOLIO,climate_increment,407048725.67349404
6121,super_stress,PORTFOLIO,climate_increment,399605990.2292109
6122,super_stress,PORTFOLIO,climate_increment,157835638.68917724
6123,super_stress,PORTFOLIO,climate_increment,612564591.1552254
6124,super_stress,PORTFOLIO,climate_increment,287007419.5287454
6125,super_stress,PORTFOLIO,climate_increment,933791776.6839007
6126,super_stress,PORTFOLIO,climate_increment,661119964.9916518
6127,super_stress,PORTFOLIO,climate_increment,677325546.5923674
6128,super_stress,PORTFOLIO,climate_increment,248036681.57232225
6129,super_stress,PORTFOLIO,climate_increment,87158398.89087781
6130,super_stress,PORTFOLIO,climate_increment,532374987.7879827
6131,super_stress,PORTFOLIO,climate_increment,360306157.3452423
6132,super_stress,PORTFOLIO,climate_increment,126111928.4164135
6133,super_stress,PORTFOLIO,climate_increment,282277495.41310793
6134,super_stress,PORTFOLIO,climate_increment,645605355.7110773
6135,super_stress,PORTFOLIO,climate_increment,447726705.7608212
6136,super_stress,PORTFOLIO,climate_increment,388669907.9292706
6137,super_stress,PORTFOLIO,climate_increment,410077877.78161854
6138,super_stress,PORTFOLIO,climate_increment,339044121.5145915
6139,super_stress,PORTFOLIO,climate_increment,251424195.47524828
6140,super_stress,PORTFOLIO,climate_increment,842192566.0800626
6141,super_stress,PORTFOLIO,climate_increment,444503817.9262585
6142,super_stress,PORTFOLIO,climate_increment,142285293.19766724
6143,super_stress,PORTFOLIO,climate_increment,337342518.5850727
6144,super_stress,PORTFOLIO,climate_increment,780263999.4234734
6145,super_stress,PORTFOLIO,climate_increment,63722632.33530468
6146,super_stress,PORTFOLIO,climate_increment,688455777.3291596
6147,super_stress,PORTFOLIO,climate_increment,163277891.9198171
6148,super_stress,PORTFOLIO,climate_increment,395438508.4860201
6149,super_stress,PORTFOLIO,climate_increment,634219962.6303148
6150,super_stress,PORTFOLIO,climate_increment,773764751.0743507
6151,super_stress,PORTFOLIO,climate_increment,-1121741.3029101058
6152,super_stress,PORTFOLIO,climate_increment,260213849.21458974
6153,super_stress,PORTFOLIO,climate_increment,401533593.7810152
6154,super_stress,PORTFOLIO,climate_increment,288791330.0781791
6155,super_stress,PORTFOLIO,climate_increment,453221227.2947332
6156,super_stress,PORTFOLIO,climate_increment,386695630.8854822
6157,super_stress,PORTFOLIO,climate_increment,1204281981.612863
6158,super_stress,PORTFOLIO,climate_increment,627871470.8536448
6159,super_stress,PORTFOLIO,climate_increment,454663911.1642141
6160,super_stress,PORTFOLIO,climate_increment,875822358.5458636
6161,super_stress,PORTFOLIO,climate_increment,343320009.9429689
6162,super_stress,PORTFOLIO,climate_increment,591219144.793895
6163,super_stress,PORTFOLIO,climate_increment,376416360.0875119
6164,super_stress,PORTFOLIO,climate_increment,961119708.6533482
6165,super_stress,PORTFOLIO,climate_increment,220661317.1189845
6166,super_stress,PORTFOLIO,climate_increment,415956920.2257644
6167,super_stress,PORTFOLIO,climate_increment,1012751858.8776838
6168,super_stress,PORTFOLIO,climate_increment,583435392.0916957
6169,super_stress,PORTFOLIO,climate_increment,303402449.5126096
6170,super_stress,PORTFOLIO,climate_increment,287505010.2651917
6171,super_stress,PORTFOLIO,climate_increment,650442813.3986742
6172,super_stress,PORTFOLIO,climate_increment,384720119.8349592
6173,super_stress,PORTFOLIO,climate_increment,878925302.5177305
6174,super_stress,PORTFOLIO,climate_increment,1456318448.4937918
6175,super_stress,PORTFOLIO,climate_increment,669341647.2615031
6176,super_stress,PORTFOLIO,climate_increment,113436205.95866138
6177,super_stress,PORTFOLIO,climate_increment,734849323.2522024
6178,super_stress,PORTFOLIO,climate_increment,555416151.1160464
6179,super_stress,PORTFOLIO,climate_increment,731675790.1649442
6180,super_stress,PORTFOLIO,climate_increment,771865209.1198109
6181,super_stress,PORTFOLIO,climate_increment,695280822.1494112
6182,super_stress,PORTFOLIO,climate_increment,411087848.8834922
6183,super_stress,PORTFOLIO,climate_increment,408766441.0890235
6184,super_stress,PORTFOLIO,climate_increment,-22095389.429824453
6185,super_stress,PORTFOLIO,climate_increment,271935284.1617919
6186,super_stress,PORTFOLIO,climate_increment,418037134.9163963
6187,super_stress,PORTFOLIO,climate_increment,489394963.7709301
6188,super_stress,PORTFOLIO,climate_increment,237546584.42580798
6189,super_stress,PORTFOLIO,climate_increment,149092627.86135596
6190,super_stress,PORTFOLIO,climate_increment,221918842.3847653
6191,super_stress,PORTFOLIO,climate_increment,510844459.54979444
6192,super_stress,PORTFOLIO,climate_increment,914185544.6340325
6193,super_stress,PORTFOLIO,climate_increment,527297953.57850134
6194,super_stress,PORTFOLIO,climate_increment,82192885.46014068
6195,super_stress,PORTFOLIO,climate_increment,42578237.85692485
6196,super_stress,PORTFOLIO,climate_increment,44853798.25703649
6197,super_stress,PORTFOLIO,climate_increment,423724223.0812068
6198,super_stress,PORTFOLIO,climate_increment,635874935.3880137
6199,super_stress,PORTFOLIO,climate_increment,311257498.6073524
6200,super_stress,PORTFOLIO,climate_increment,191909263.52923933
6201,super_stress,PORTFOLIO,climate_increment,576029898.1283216
6202,super_stress,PORTFOLIO,climate_increment,416347300.6591873
6203,super_stress,PORTFOLIO,climate_increment,1915764149.5051548
6204,super_stress,PORTFOLIO,climate_increment,209292034.98881394
6205,super_stress,PORTFOLIO,climate_increment,719631320.2900798
6206,super_stress,PORTFOLIO,climate_increment,630187583.5386175
6207,super_stress,PORTFOLIO,climate_increment,811449125.3453236
6208,super_stress,PORTFOLIO,climate_increment,218767312.48997176
6209,super_stress,PORTFOLIO,climate_increment,121991722.20019779
6210,super_stress,PORTFOLIO,climate_increment,872894623.2448272
6211,super_stress,PORTFOLIO,climate_increment,693323892.8358854
6212,super_stress,PORTFOLIO,climate_increment,727180717.1185875
6213,super_stress,PORTFOLIO,climate_increment,555677010.1630782
6214,super_stress,PORTFOLIO,climate_increment,657579155.2861004
6215,super_stress,PORTFOLIO,climate_increment,835234888.5778079
6216,super_stress,PORTFOLIO,climate_increment,494623934.20882773
6217,super_stress,PORTFOLIO,climate_increment,434663223.77766716
6218,super_stress,PORTFOLIO,climate_increment,531532989.72922283
6219,super_stress,PORTFOLIO,climate_increment,661292849.9897877
6220,super_stress,PORTFOLIO,climate_increment,300438787.39154774
6221,super_stress,PORTFOLIO,climate_increment,420816729.6205058
6222,super_stress,PORTFOLIO,climate_increment,814281068.4139519
6223,super_stress,PORTFOLIO,climate_increment,214287283.60653898
6224,super_stress,PORTFOLIO,climate_increment,239482143.72615212
6225,super_stress,PORTFOLIO,climate_increment,562635847.6583543
6226,super_stress,PORTFOLIO,climate_increment,-25347344.080570698
6227,super_stress,PORTFOLIO,climate_increment,523366271.30338883
6228,super_stress,PORTFOLIO,climate_increment,287026322.3971897
6229,super_stress,PORTFOLIO,climate_increment,525505065.94887936
6230,super_stress,PORTFOLIO,climate_increment,294477636.86468345
6231,super_stress,PORTFOLIO,climate_increment,2160392175.3498254
6232,super_stress,PORTFOLIO,climate_increment,289816884.87294614
6233,super_stress,PORTFOLIO,climate_increment,320253178.4345736
6234,super_stress,PORTFOLIO,climate_increment,485453663.26600015
6235,super_stress,PORTFOLIO,climate_increment,601315676.918862
6236,super_stress,PORTFOLIO,climate_increment,406284161.80974513
6237,super_stress,PORTFOLIO,climate_increment,993256144.4184883
6238,super_stress,PORTFOLIO,climate_increment,54122379.11463404
6239,super_stress,PORTFOLIO,climate_increment,706156017.5620203
6240,super_stress,PORTFOLIO,climate_increment,561606991.047696
6241,super_stress,PORTFOLIO,climate_increment,749557261.3929982
6242,super_stress,PORTFOLIO,climate_increment,342315478.2368789
6243,super_stress,PORTFOLIO,climate_increment,595620436.9840511
6244,super_stress,PORTFOLIO,climate_increment,391433331.38383764
6245,super_stress,PORTFOLIO,climate_increment,656804706.7696674
6246,super_stress,PORTFOLIO,climate_increment,273770049.5174286
6247,super_stress,PORTFOLIO,climate_increment,516206923.1698716
6248,super_stress,PORTFOLIO,climate_increment,573933891.736759
6249,super_stress,PORTFOLIO,climate_increment,324436844.0080713
6250,super_stress,PORTFOLIO,climate_increment,423375534.8584453
6251,super_stress,PORTFOLIO,climate_increment,104143043.88812888
6252,super_stress,PORTFOLIO,climate_increment,430709264.52619725
6253,super_stress,PORTFOLIO,climate_increment,332240882.33297724
6254,super_stress,PORTFOLIO,climate_increment,610125197.199928
6255,super_stress,PORTFOLIO,climate_increment,523196541.15008307
6256,super_stress,PORTFOLIO,climate_increment,614453268.2147635
6257,super_stress,PORTFOLIO,climate_increment,720108187.3263988
6258,super_stress,PORTFOLIO,climate_increment,519110086.111368
6259,super_stress,PORTFOLIO,climate_increment,266625406.5273374
6260,super_stress,PORTFOLIO,climate_increment,73576268.19083555
6261,super_stress,PORTFOLIO,climate_increment,817448463.8195622
6262,super_stress,PORTFOLIO,climate_increment,158227347.4977409
6263,super_stress,PORTFOLIO,climate_increment,767902405.6503601
6264,super_stress,PORTFOLIO,climate_increment,394980371.17457557
6265,super_stress,PORTFOLIO,climate_increment,503992424.24750865
6266,super_stress,PORTFOLIO,climate_increment,451140828.52716076
6267,super_stress,PORTFOLIO,climate_increment,967081704.5344404
6268,super_stress,PORTFOLIO,climate_increment,268666686.95819485
6269,super_stress,PORTFOLIO,climate_increment,-30047466.26742342
6270,super_stress,PORTFOLIO,climate_increment,578186975.3625914
6271,super_stress,PORTFOLIO,climate_increment,253300453.4204586
6272,super_stress,PORTFOLIO,climate_increment,249970970.7802473
6273,super_stress,PORTFOLIO,climate_increment,180762252.99737298
6274,super_stress,PORTFOLIO,climate_increment,564766975.9811804
6275,super_stress,PORTFOLIO,climate_increment,697270247.087041
6276,super_stress,PORTFOLIO,climate_increment,197126264.9038141
6277,super_stress,PORTFOLIO,climate_increment,572128624.032624
6278,super_stress,PORTFOLIO,climate_increment,875771610.5374545
6279,super_stress,PORTFOLIO,climate_increment,1147766865.4562924
6280,super_stress,PORTFOLIO,climate_increment,390201245.00005996
6281,super_stress,PORTFOLIO,climate_increment,366874920.9372583
6282,super_stress,PORTFOLIO,climate_increment,215460136.44620875
6283,super_stress,PORTFOLIO,climate_increment,505616694.9987973
6284,super_stress,PORTFOLIO,climate_increment,524518130.6831815
6285,super_stress,PORTFOLIO,climate_increment,636220585.2938353
6286,super_stress,PORTFOLIO,climate_increment,-179583945.82765707
6287,super_stress,PORTFOLIO,climate_increment,407015522.4318604
6288,super_stress,PORTFOLIO,climate_increment,528451040.06339854
6289,super_stress,PORTFOLIO,climate_increment,157499786.43641767
6290,super_stress,PORTFOLIO,climate_increment,704409918.7643622
6291,super_stress,PORTFOLIO,climate_increment,561734859.7939003
6292,super_stress,PORTFOLIO,climate_increment,990326731.6536705
6293,super_stress,PORTFOLIO,climate_increment,264316803.9948108
6294,super_stress,PORTFOLIO,climate_increment,462104288.48345
6295,super_stress,PORTFOLIO,climate_increment,535234566.43919855
6296,super_stress,PORTFOLIO,climate_increment,971746506.9238315
6297,super_stress,PORTFOLIO,climate_increment,78141417.66786677
6298,super_stress,PORTFOLIO,climate_increment,190732269.44187924
6299,super_stress,PORTFOLIO,climate_increment,278327623.63917947
6300,super_stress,PORTFOLIO,climate_increment,947702382.1262543
6301,super_stress,PORTFOLIO,climate_increment,305385806.5214622
6302,super_stress,PORTFOLIO,climate_increment,1119666309.5609965
6303,super_stress,PORTFOLIO,climate_increment,335359624.48058313
6304,super_stress,PORTFOLIO,climate_increment,193004429.03769717
6305,super_stress,PORTFOLIO,climate_increment,388826799.58161235
6306,super_stress,PORTFOLIO,climate_increment,549268647.7974323
6307,super_stress,PORTFOLIO,climate_increment,582791354.8330116
6308,super_stress,PORTFOLIO,climate_increment,260305857.2853991
6309,super_stress,PORTFOLIO,climate_increment,-191733972.61561882
6310,super_stress,PORTFOLIO,climate_increment,496577655.4157936
6311,super_stress,PORTFOLIO,climate_increment,245370273.8661005
6312,super_stress,PORTFOLIO,climate_increment,544475367.1361271
6313,super_stress,PORTFOLIO,climate_increment,500045136.41740435
6314,super_stress,PORTFOLIO,climate_increment,365843457.37283695
6315,super_stress,PORTFOLIO,climate_increment,509791309.0961611
6316,super_stress,PORTFOLIO,climate_increment,486319139.35536796
6317,super_stress,PORTFOLIO,climate_increment,356942927.07825243
6318,super_stress,PORTFOLIO,climate_increment,676577397.4883937
6319,super_stress,PORTFOLIO,climate_increment,535189341.56855154
6320,super_stress,PORTFOLIO,climate_increment,201632043.49451497
6321,super_stress,PORTFOLIO,climate_increment,476749017.75229007
6322,super_stress,PORTFOLIO,climate_increment,417744151.1704778
6323,super_stress,PORTFOLIO,climate_increment,1055269469.9978778
6324,super_stress,PORTFOLIO,climate_increment,709201253.9054416
6325,super_stress,PORTFOLIO,climate_increment,565622412.9197729
6326,super_stress,PORTFOLIO,climate_increment,403477637.00857043
6327,super_stress,PORTFOLIO,climate_increment,775037622.3785144
6328,super_stress,PORTFOLIO,climate_increment,241173395.337974
6329,super_stress,PORTFOLIO,climate_increment,295430402.5478056
6330,super_stress,PORTFOLIO,climate_increment,365666865.9741152
6331,super_stress,PORTFOLIO,climate_increment,101729634.69729282
6332,super_stress,PORTFOLIO,climate_increment,514356005.7007348
6333,super_stress,PORTFOLIO,climate_increment,768397333.9270386
6334,super_stress,PORTFOLIO,climate_increment,341783837.5877776
6335,super_stress,PORTFOLIO,climate_increment,357311191.7949955
6336,super_stress,PORTFOLIO,climate_increment,592772143.3505166
6337,super_stress,PORTFOLIO,climate_increment,765622636.8346256
6338,super_stress,PORTFOLIO,climate_increment,375403967.5675751
6339,super_stress,PORTFOLIO,climate_increment,586641296.0402324
6340,super_stress,PORTFOLIO,climate_increment,165945036.5715285
6341,super_stress,PORTFOLIO,climate_increment,465607697.431096
6342,super_stress,PORTFOLIO,climate_increment,430271260.2945897
6343,super_stress,PORTFOLIO,climate_increment,542476370.240717
6344,super_stress,PORTFOLIO,climate_increment,-41434378.81966211
6345,super_stress,PORTFOLIO,climate_increment,279837710.79161996
6346,super_stress,PORTFOLIO,climate_increment,357629595.0800988
6347,super_stress,PORTFOLIO,climate_increment,370800604.0137176
6348,super_stress,PORTFOLIO,climate_increment,722094732.905584
6349,super_stress,PORTFOLIO,climate_increment,285434924.88129985
6350,super_stress,PORTFOLIO,climate_increment,383714055.5028934
6351,super_stress,PORTFOLIO,climate_increment,441494654.40024674
6352,super_stress,PORTFOLIO,climate_increment,537667551.6034383
6353,super_stress,PORTFOLIO,climate_increment,352579497.54619056
6354,super_stress,PORTFOLIO,climate_increment,397726005.10406756
6355,super_stress,PORTFOLIO,climate_increment,591920839.0379367
6356,super_stress,PORTFOLIO,climate_increment,747742546.2149211
6357,super_stress,PORTFOLIO,climate_increment,252498877.67521393
6358,super_stress,PORTFOLIO,climate_increment,216700601.8032618
6359,super_stress,PORTFOLIO,climate_increment,156951310.3251594
6360,super_stress,PORTFOLIO,climate_increment,202173756.03772652
6361,super_stress,PORTFOLIO,climate_increment,-25355763.71868291
6362,super_stress,PORTFOLIO,climate_increment,844607676.9531472
6363,super_stress,PORTFOLIO,climate_increment,374013176.3061
6364,super_stress,PORTFOLIO,climate_increment,471843777.09211
6365,super_stress,PORTFOLIO,climate_increment,115485117.35388611
6366,super_stress,PORTFOLIO,climate_increment,454258087.86537397
6367,super_stress,PORTFOLIO,climate_increment,335337714.02297884
6368,super_stress,PORTFOLIO,climate_increment,770972056.019754
6369,super_stress,PORTFOLIO,climate_increment,470902675.4443239
6370,super_stress,PORTFOLIO,climate_increment,-356302609.63511354
6371,super_stress,PORTFOLIO,climate_increment,651034245.209211
6372,super_stress,PORTFOLIO,climate_increment,479486342.16350603
6373,super_stress,PORTFOLIO,climate_increment,278978852.4730181
6374,super_stress,PORTFOLIO,climate_increment,386752017.1671062
6375,super_stress,PORTFOLIO,climate_increment,602470606.5040622
6376,super_stress,PORTFOLIO,climate_increment,520405124.8510463
6377,super_stress,PORTFOLIO,climate_increment,1050983062.5034068
6378,super_stress,PORTFOLIO,climate_increment,83066284.4296441
6379,super_stress,PORTFOLIO,climate_increment,468830359.9876228
6380,super_stress,PORTFOLIO,climate_increment,543474780.250967
6381,super_stress,PORTFOLIO,climate_increment,448355855.0668631
6382,super_stress,PORTFOLIO,climate_increment,388545672.8046833
6383,super_stress,PORTFOLIO,climate_increment,703024479.9993861
6384,super_stress,PORTFOLIO,climate_increment,346430066.33808756
6385,super_stress,PORTFOLIO,climate_increment,214139776.6910589
6386,super_stress,PORTFOLIO,climate_increment,119287175.79634438
6387,super_stress,PORTFOLIO,climate_increment,751584648.5464439
6388,super_stress,PORTFOLIO,climate_increment,601449260.1933358
6389,super_stress,PORTFOLIO,climate_increment,870335948.9947404
6390,super_stress,PORTFOLIO,climate_increment,947626777.268457
6391,super_stress,PORTFOLIO,climate_increment,360840624.42309624
6392,super_stress,PORTFOLIO,climate_increment,292853992.1755676
6393,super_stress,PORTFOLIO,climate_increment,766316578.7060493
6394,super_stress,PORTFOLIO,climate_increment,871833476.8434057
6395,super_stress,PORTFOLIO,climate_increment,541067506.4056082
6396,super_stress,PORTFOLIO,climate_increment,876762122.7771059
6397,super_stress,PORTFOLIO,climate_increment,704818543.9837546
6398,super_stress,PORTFOLIO,climate_increment,162084834.5207407
6399,super_stress,PORTFOLIO,climate_increment,1011522940.2086074
6400,super_stress,PORTFOLIO,climate_increment,136736343.83889583
6401,super_stress,PORTFOLIO,climate_increment,900287180.3596435
6402,super_stress,PORTFOLIO,climate_increment,926112740.3767257
6403,super_stress,PORTFOLIO,climate_increment,299377849.4787235
6404,super_stress,PORTFOLIO,climate_increment,400748716.189111
6405,super_stress,PORTFOLIO,climate_increment,652580877.2640597
6406,super_stress,PORTFOLIO,climate_increment,844764869.0108285
6407,super_stress,PORTFOLIO,climate_increment,245893366.97814342
6408,super_stress,PORTFOLIO,climate_increment,120974940.32118346
6409,super_stress,PORTFOLIO,climate_increment,183747802.21789652
6410,super_stress,PORTFOLIO,climate_increment,587577612.9557035
6411,super_stress,PORTFOLIO,climate_increment,555664267.480434
6412,super_stress,PORTFOLIO,climate_increment,154194720.89149094
6413,super_stress,PORTFOLIO,climate_increment,250305874.36845532
6414,super_stress,PORTFOLIO,climate_increment,450223580.9907101
6415,super_stress,PORTFOLIO,climate_increment,787860342.2435175
6416,super_stress,PORTFOLIO,climate_increment,714122319.6589283
6417,super_stress,PORTFOLIO,climate_increment,505823566.6877113
6418,super_stress,PORTFOLIO,climate_increment,496416582.57213634
6419,super_stress,PORTFOLIO,climate_increment,467424899.1451843
6420,super_stress,PORTFOLIO,climate_increment,451710115.4980604
6421,super_stress,PORTFOLIO,climate_increment,352890217.2481734
6422,super_stress,PORTFOLIO,climate_increment,212499289.3585267
6423,super_stress,PORTFOLIO,climate_increment,472855166.74344736
6424,super_stress,PORTFOLIO,climate_increment,588139410.5880293
6425,super_stress,PORTFOLIO,climate_increment,828049286.0892231
6426,super_stress,PORTFOLIO,climate_increment,367691522.80025554
6427,super_stress,PORTFOLIO,climate_increment,832980295.1154599
6428,super_stress,PORTFOLIO,climate_increment,212123090.06747505
6429,super_stress,PORTFOLIO,climate_increment,593067643.5896682
6430,super_stress,PORTFOLIO,climate_increment,497628486.7390705
6431,super_stress,PORTFOLIO,climate_increment,163713342.97870523
6432,super_stress,PORTFOLIO,climate_increment,423659600.9881501
6433,super_stress,PORTFOLIO,climate_increment,560490979.5751547
6434,super_stress,PORTFOLIO,climate_increment,-271636068.156841
6435,super_stress,PORTFOLIO,climate_increment,514196640.4227072
6436,super_stress,PORTFOLIO,climate_increment,227539049.35432893
6437,super_stress,PORTFOLIO,climate_increment,209005937.11935258
6438,super_stress,PORTFOLIO,climate_increment,545140567.913043
6439,super_stress,PORTFOLIO,climate_increment,69467463.09281118
6440,super_stress,PORTFOLIO,climate_increment,457433839.9795255
6441,super_stress,PORTFOLIO,climate_increment,65578333.59936007
6442,super_stress,PORTFOLIO,climate_increment,397674605.3055124
6443,super_stress,PORTFOLIO,climate_increment,155083392.35331473
6444,super_stress,PORTFOLIO,climate_increment,36667779.346232735
6445,super_stress,PORTFOLIO,climate_increment,395777312.6048648
6446,super_stress,PORTFOLIO,climate_increment,550980901.5521263
6447,super_stress,PORTFOLIO,climate_increment,600385613.0219764
6448,super_stress,PORTFOLIO,climate_increment,358390347.1282308
6449,super_stress,PORTFOLIO,climate_increment,88776397.68626583
6450,super_stress,PORTFOLIO,climate_increment,684795544.8908572
6451,super_stress,PORTFOLIO,climate_increment,351807954.21107
6452,super_stress,PORTFOLIO,climate_increment,574239454.84918
6453,super_stress,PORTFOLIO,climate_increment,483250806.28464055
6454,super_stress,PORTFOLIO,climate_increment,520353547.64503574
6455,super_stress,PORTFOLIO,climate_increment,412928118.9550385
6456,super_stress,PORTFOLIO,climate_increment,705597377.7391957
6457,super_stress,PORTFOLIO,climate_increment,543473814.2948284
6458,super_stress,PORTFOLIO,climate_increment,378442128.5764902
6459,super_stress,PORTFOLIO,climate_increment,245687332.47986618
6460,super_stress,PORTFOLIO,climate_increment,1058756629.2087674
6461,super_stress,PORTFOLIO,climate_increment,505239391.47555834
6462,super_stress,PORTFOLIO,climate_increment,448604198.5628929
6463,super_stress,PORTFOLIO,climate_increment,388323552.8381348
6464,super_stress,PORTFOLIO,climate_increment,681745637.9540675
6465,super_stress,PORTFOLIO,climate_increment,260389369.6470899
6466,super_stress,PORTFOLIO,climate_increment,397029501.6588341
6467,super_stress,PORTFOLIO,climate_increment,459363175.77096194
6468,super_stress,PORTFOLIO,climate_increment,71460986.0469817
6469,super_stress,PORTFOLIO,climate_increment,271715696.5001332
6470,super_stress,PORTFOLIO,climate_increment,521957558.1649851
6471,super_stress,PORTFOLIO,climate_increment,644816552.1629797
6472,super_stress,PORTFOLIO,climate_increment,431867354.350317
6473,super_stress,PORTFOLIO,climate_increment,17090866.97814128
6474,super_stress,PORTFOLIO,climate_increment,431875137.11588395
6475,super_stress,PORTFOLIO,climate_increment,330505870.19815284
6476,super_stress,PORTFOLIO,climate_increment,860368315.5880713
6477,super_stress,PORTFOLIO,climate_increment,608509498.814984
6478,super_stress,PORTFOLIO,climate_increment,652954707.0053954
6479,super_stress,PORTFOLIO,climate_increment,601391689.298921
6480,super_stress,PORTFOLIO,climate_increment,833577944.1668657
6481,super_stress,PORTFOLIO,climate_increment,714522358.4032495
6482,super_stress,PORTFOLIO,climate_increment,1269806792.6549973
6483,super_stress,PORTFOLIO,climate_increment,725044880.2851312
6484,super_stress,PORTFOLIO,climate_increment,168313808.45154953
6485,super_stress,PORTFOLIO,climate_increment,744455683.5802511
6486,super_stress,PORTFOLIO,climate_increment,471144294.48905575
6487,super_stress,PORTFOLIO,climate_increment,804458762.5499982
6488,super_stress,PORTFOLIO,climate_increment,-151976069.7586431
6489,super_stress,PORTFOLIO,climate_increment,110092504.70698647
6490,super_stress,PORTFOLIO,climate_increment,548142134.0128798
6491,super_stress,PORTFOLIO,climate_increment,351323691.4393652
6492,super_stress,PORTFOLIO,climate_increment,1652873.6449099667
6493,super_stress,PORTFOLIO,climate_increment,830026913.7265831
6494,super_stress,PORTFOLIO,climate_increment,274911045.8310463
6495,super_stress,PORTFOLIO,climate_increment,534218687.50360036
6496,super_stress,PORTFOLIO,climate_increment,294451897.8749733
6497,super_stress,PORTFOLIO,climate_increment,844702588.1824527
6498,super_stress,PORTFOLIO,climate_increment,407268106.54444945
6499,super_stress,PORTFOLIO,climate_increment,941315209.0249794
6500,super_stress,PORTFOLIO,climate_increment,205174325.30994102
6501,super_stress,PORTFOLIO,climate_increment,522988185.9086536
6502,super_stress,PORTFOLIO,climate_increment,770912020.2785479
6503,super_stress,PORTFOLIO,climate_increment,533776750.4213556
6504,super_stress,PORTFOLIO,climate_increment,-34914581.108394995
6505,super_stress,PORTFOLIO,climate_increment,890765797.6572527
6506,super_stress,PORTFOLIO,climate_increment,568923133.010535
6507,super_stress,PORTFOLIO,climate_increment,824370287.8250458
6508,super_stress,PORTFOLIO,climate_increment,330147703.0144623
6509,super_stress,PORTFOLIO,climate_increment,302659366.47796637
6510,super_stress,PORTFOLIO,climate_increment,262755149.6927305
6511,super_stress,PORTFOLIO,climate_increment,311867846.4644011
6512,super_stress,PORTFOLIO,climate_increment,238843500.6612623
6513,super_stress,PORTFOLIO,climate_increment,746674886.283752
6514,super_stress,PORTFOLIO,climate_increment,630512104.973709
6515,super_stress,PORTFOLIO,climate_increment,77313919.14354743
6516,super_stress,PORTFOLIO,climate_increment,434507580.20288354
6517,super_stress,PORTFOLIO,climate_increment,266838542.72109115
6518,super_stress,PORTFOLIO,climate_increment,800575422.7684861
6519,super_stress,PORTFOLIO,climate_increment,172524679.24843118
6520,super_stress,PORTFOLIO,climate_increment,462868083.6813265
6521,super_stress,PORTFOLIO,climate_increment,480960900.17701226
6522,super_stress,PORTFOLIO,climate_increment,231099807.90842772
6523,super_stress,PORTFOLIO,climate_increment,690259588.8744016
6524,super_stress,PORTFOLIO,climate_increment,102150321.34012869
6525,super_stress,PORTFOLIO,climate_increment,-10725492.782613046
6526,super_stress,PORTFOLIO,climate_increment,652879816.3762661
6527,super_stress,PORTFOLIO,climate_increment,552816482.4567175
6528,super_stress,PORTFOLIO,climate_increment,307901858.47620654
6529,super_stress,PORTFOLIO,climate_increment,634030558.1524363
6530,super_stress,PORTFOLIO,climate_increment,934911522.7331389
6531,super_stress,PORTFOLIO,climate_increment,157725297.3537868
6532,super_stress,PORTFOLIO,climate_increment,337123833.5434095
6533,super_stress,PORTFOLIO,climate_increment,358798493.3011348
6534,super_stress,PORTFOLIO,climate_increment,398844607.5552114
6535,super_stress,PORTFOLIO,climate_increment,-189310565.21248043
6536,super_stress,PORTFOLIO,climate_increment,270804723.92877555
6537,super_stress,PORTFOLIO,climate_increment,448825066.0291818
6538,super_stress,PORTFOLIO,climate_increment,355286701.5418391
6539,super_stress,PORTFOLIO,climate_increment,436886442.80084777
6540,super_stress,PORTFOLIO,climate_increment,285569514.8189174
6541,super_stress,PORTFOLIO,climate_increment,317120248.744533
6542,super_stress,PORTFOLIO,climate_increment,354405928.798526
6543,super_stress,PORTFOLIO,climate_increment,334854994.3698944
6544,super_stress,PORTFOLIO,climate_increment,276589208.22857267
6545,super_stress,PORTFOLIO,climate_increment,682414452.0195328
6546,super_stress,PORTFOLIO,climate_increment,151190295.53409407
6547,super_stress,PORTFOLIO,climate_increment,922817751.0934852
6548,super_stress,PORTFOLIO,climate_increment,599658970.965218
6549,super_stress,PORTFOLIO,climate_increment,1144547177.7127352
6550,super_stress,PORTFOLIO,climate_increment,465806121.42843056
6551,super_stress,PORTFOLIO,climate_increment,526089324.9000704
6552,super_stress,PORTFOLIO,climate_increment,933927083.9648049
6553,super_stress,PORTFOLIO,climate_increment,255194951.3094438
6554,super_stress,PORTFOLIO,climate_increment,582312151.8676336
6555,super_stress,PORTFOLIO,climate_increment,337314712.4707095
6556,super_stress,PORTFOLIO,climate_increment,132220157.63803254
6557,super_stress,PORTFOLIO,climate_increment,400802357.43628865
6558,super_stress,PORTFOLIO,climate_increment,199390165.76804036
6559,super_stress,PORTFOLIO,climate_increment,481360401.57272047
6560,super_stress,PORTFOLIO,climate_increment,571082467.5843008
6561,super_stress,PORTFOLIO,climate_increment,240308376.08941025
6562,super_stress,PORTFOLIO,climate_increment,469001147.46154654
6563,super_stress,PORTFOLIO,climate_increment,443089013.3351245
6564,super_stress,PORTFOLIO,climate_increment,862909858.6941133
6565,super_stress,PORTFOLIO,climate_increment,732134247.5568676
6566,super_stress,PORTFOLIO,climate_increment,362653952.7592678
6567,super_stress,PORTFOLIO,climate_increment,-187107.82400959832
6568,super_stress,PORTFOLIO,climate_increment,811971207.8692331
6569,super_stress,PORTFOLIO,climate_increment,103036421.13404092
6570,super_stress,PORTFOLIO,climate_increment,306958400.69717354
6571,super_stress,PORTFOLIO,climate_increment,794971640.755134
6572,super_stress,PORTFOLIO,climate_increment,606392896.0597593
6573,super_stress,PORTFOLIO,climate_increment,607190980.1025617
6574,super_stress,PORTFOLIO,climate_increment,532420909.77545166
6575,super_stress,PORTFOLIO,climate_increment,117936535.02367096
6576,super_stress,PORTFOLIO,climate_increment,265704042.06373724
6577,super_stress,PORTFOLIO,climate_increment,748331499.8949661
6578,super_stress,PORTFOLIO,climate_increment,119180516.87114817
6579,super_stress,PORTFOLIO,climate_increment,356904680.0750951
6580,super_stress,PORTFOLIO,climate_increment,245303675.72441795
6581,super_stress,PORTFOLIO,climate_increment,508763817.4955878
6582,super_stress,PORTFOLIO,climate_increment,518726486.283122
6583,super_stress,PORTFOLIO,climate_increment,96003410.32871169
6584,super_stress,PORTFOLIO,climate_increment,750177629.0739573
6585,super_stress,PORTFOLIO,climate_increment,122256966.44386701
6586,super_stress,PORTFOLIO,climate_increment,524944981.57341135
6587,super_stress,PORTFOLIO,climate_increment,426875577.986491
6588,super_stress,PORTFOLIO,climate_increment,344651312.8397499
6589,super_stress,PORTFOLIO,climate_increment,665823594.9557207
6590,super_stress,PORTFOLIO,climate_increment,569618061.1883893
6591,super_stress,PORTFOLIO,climate_increment,276054219.609609
6592,super_stress,PORTFOLIO,climate_increment,342196000.9177111
6593,super_stress,PORTFOLIO,climate_increment,271570037.80610234
6594,super_stress,PORTFOLIO,climate_increment,325744598.4847642
6595,super_stress,PORTFOLIO,climate_increment,295727423.39404845
6596,super_stress,PORTFOLIO,climate_increment,751111171.1237276
6597,super_stress,PORTFOLIO,climate_increment,285676045.42321885
6598,super_stress,PORTFOLIO,climate_increment,660212515.4025857
6599,super_stress,PORTFOLIO,climate_increment,523593411.9921616
6600,super_stress,PORTFOLIO,climate_increment,482945397.31513876
6601,super_stress,PORTFOLIO,climate_increment,379009535.5751056
6602,super_stress,PORTFOLIO,climate_increment,1029659733.1772674
6603,super_stress,PORTFOLIO,climate_increment,226054873.27094135
6604,super_stress,PORTFOLIO,climate_increment,-1590906.716131533
6605,super_stress,PORTFOLIO,climate_increment,539263430.1309588
6606,super_stress,PORTFOLIO,climate_increment,-95074334.5227892
6607,super_stress,PORTFOLIO,climate_increment,458402452.9157243
6608,super_stress,PORTFOLIO,climate_increment,660208585.1510587
6609,super_stress,PORTFOLIO,climate_increment,964429505.8658172
6610,super_stress,PORTFOLIO,climate_increment,414510625.41051584
6611,super_stress,PORTFOLIO,climate_increment,1314382582.5910988
6612,super_stress,PORTFOLIO,climate_increment,-46206132.16126977
6613,super_stress,PORTFOLIO,climate_increment,1178166168.840363
6614,super_stress,PORTFOLIO,climate_increment,582859937.2141392
6615,super_stress,PORTFOLIO,climate_increment,602804168.3313268
6616,super_stress,PORTFOLIO,climate_increment,719912816.6031176
6617,super_stress,PORTFOLIO,climate_increment,1013547997.1311035
6618,super_stress,PORTFOLIO,climate_increment,427012175.41016936
6619,super_stress,PORTFOLIO,climate_increment,831579834.9655526
6620,super_stress,PORTFOLIO,climate_increment,621109023.8380456
6621,super_stress,PORTFOLIO,climate_increment,131838297.2327813
6622,super_stress,PORTFOLIO,climate_increment,480677353.8676831
6623,super_stress,PORTFOLIO,climate_increment,256785646.61734807
6624,super_stress,PORTFOLIO,climate_increment,599035479.218803
6625,super_stress,PORTFOLIO,climate_increment,485358399.53334135
6626,super_stress,PORTFOLIO,climate_increment,321515366.11870396
6627,super_stress,PORTFOLIO,climate_increment,642644804.3637321
6628,super_stress,PORTFOLIO,climate_increment,388101956.29131
6629,super_stress,PORTFOLIO,climate_increment,818985795.0400796
6630,super_stress,PORTFOLIO,climate_increment,396559606.6043903
6631,super_stress,PORTFOLIO,climate_increment,309319580.06564504
6632,super_stress,PORTFOLIO,climate_increment,236911230.7657794
6633,super_stress,PORTFOLIO,climate_increment,316315249.7089681
6634,super_stress,PORTFOLIO,climate_increment,392323581.2618227
6635,super_stress,PORTFOLIO,climate_increment,331273867.60777384
6636,super_stress,PORTFOLIO,climate_increment,719134294.1245654
6637,super_stress,PORTFOLIO,climate_increment,-108958845.63543412
6638,super_stress,PORTFOLIO,climate_increment,675712740.5805652
6639,super_stress,PORTFOLIO,climate_increment,926514940.239464
6640,super_stress,PORTFOLIO,climate_increment,686486866.5465833
6641,super_stress,PORTFOLIO,climate_increment,1385602066.7219753
6642,super_stress,PORTFOLIO,climate_increment,221762831.0540677
6643,super_stress,PORTFOLIO,climate_increment,335416978.3355782
6644,super_stress,PORTFOLIO,climate_increment,932015336.1827524
6645,super_stress,PORTFOLIO,climate_increment,131455453.4635198
6646,super_stress,PORTFOLIO,climate_increment,98671737.41471991
6647,super_stress,PORTFOLIO,climate_increment,547037472.05156
6648,super_stress,PORTFOLIO,climate_increment,-33264996.7784526
6649,super_stress,PORTFOLIO,climate_increment,246945025.1634282
6650,super_stress,PORTFOLIO,climate_increment,225208804.31603375
6651,super_stress,PORTFOLIO,climate_increment,953492557.8785869
6652,super_stress,PORTFOLIO,climate_increment,336189437.7079278
6653,super_stress,PORTFOLIO,climate_increment,325462674.08314204
6654,super_stress,PORTFOLIO,climate_increment,563176748.8984352
6655,super_stress,PORTFOLIO,climate_increment,372485684.06558776
6656,super_stress,PORTFOLIO,climate_increment,1246717504.8022642
6657,super_stress,PORTFOLIO,climate_increment,551320592.5974829
6658,super_stress,PORTFOLIO,climate_increment,461114081.02946395
6659,super_stress,PORTFOLIO,climate_increment,116204880.57006814
6660,super_stress,PORTFOLIO,climate_increment,618353720.6465791
6661,super_stress,PORTFOLIO,climate_increment,367688219.6986421
6662,super_stress,PORTFOLIO,climate_increment,668773217.1991034
6663,super_stress,PORTFOLIO,climate_increment,472790657.00607634
6664,super_stress,PORTFOLIO,climate_increment,420509375.7264767
6665,super_stress,PORTFOLIO,climate_increment,708839691.764899
6666,super_stress,PORTFOLIO,climate_increment,267519871.51840064
6667,super_stress,PORTFOLIO,climate_increment,720432761.6188726
6668,super_stress,PORTFOLIO,climate_increment,708715249.1385833
6669,super_stress,PORTFOLIO,climate_increment,626319372.7313533
6670,super_stress,PORTFOLIO,climate_increment,462623703.1457951
6671,super_stress,PORTFOLIO,climate_increment,696267100.623914
6672,super_stress,PORTFOLIO,climate_increment,368777426.35034895
6673,super_stress,PORTFOLIO,climate_increment,664096297.4655845
6674,super_stress,PORTFOLIO,climate_increment,606911026.6262517
6675,super_stress,PORTFOLIO,climate_increment,423752915.07121694
6676,super_stress,PORTFOLIO,climate_increment,483994126.6781955
6677,super_stress,PORTFOLIO,climate_increment,413497722.3407518
6678,super_stress,PORTFOLIO,climate_increment,543834952.021467
6679,super_stress,PORTFOLIO,climate_increment,122701448.93865848
6680,super_stress,PORTFOLIO,climate_increment,150648667.57003337
6681,super_stress,PORTFOLIO,climate_increment,402510177.47210675
6682,super_stress,PORTFOLIO,climate_increment,385817474.3253667
6683,super_stress,PORTFOLIO,climate_increment,382889774.71081036
6684,super_stress,PORTFOLIO,climate_increment,766509272.7399966
6685,super_stress,PORTFOLIO,climate_increment,325610788.2799155
6686,super_stress,PORTFOLIO,climate_increment,349067161.11521333
6687,super_stress,PORTFOLIO,climate_increment,606409345.273085
6688,super_stress,PORTFOLIO,climate_increment,253897542.39966065
6689,super_stress,PORTFOLIO,climate_increment,321175612.6584379
6690,super_stress,PORTFOLIO,climate_increment,821512705.180564
6691,super_stress,PORTFOLIO,climate_increment,86570194.72001296
6692,super_stress,PORTFOLIO,climate_increment,794106225.1902169
6693,super_stress,PORTFOLIO,climate_increment,290679855.00676346
6694,super_stress,PORTFOLIO,climate_increment,674937213.5271567
6695,super_stress,PORTFOLIO,climate_increment,525494119.4033572
6696,super_stress,PORTFOLIO,climate_increment,584042172.2229036
6697,super_stress,PORTFOLIO,climate_increment,1145611467.425906
6698,super_stress,PORTFOLIO,climate_increment,902938664.5342293
6699,super_stress,PORTFOLIO,climate_increment,805749019.2027383
6700,super_stress,PORTFOLIO,climate_increment,622442171.0588703
6701,super_stress,PORTFOLIO,climate_increment,516493457.3507155
6702,super_stress,PORTFOLIO,climate_increment,404625306.1845218
6703,super_stress,PORTFOLIO,climate_increment,502747502.3404571
6704,super_stress,PORTFOLIO,climate_increment,1085848940.8517077
6705,super_stress,PORTFOLIO,climate_increment,212798967.83523363
6706,super_stress,PORTFOLIO,climate_increment,366410029.15364057
6707,super_stress,PORTFOLIO,climate_increment,646566993.1937044
6708,super_stress,PORTFOLIO,climate_increment,534770420.7840766
6709,super_stress,PORTFOLIO,climate_increment,333326856.77160794
6710,super_stress,PORTFOLIO,climate_increment,388295381.3482778
6711,super_stress,PORTFOLIO,climate_increment,1202564729.6204154
6712,super_stress,PORTFOLIO,climate_increment,259079024.7864042
6713,super_stress,PORTFOLIO,climate_increment,215115903.4888729
6714,super_stress,PORTFOLIO,climate_increment,66879940.91809239
6715,super_stress,PORTFOLIO,climate_increment,638440532.3869485
6716,super_stress,PORTFOLIO,climate_increment,713596132.3803265
6717,super_stress,PORTFOLIO,climate_increment,207051314.48597488
6718,super_stress,PORTFOLIO,climate_increment,485745872.76809293
6719,super_stress,PORTFOLIO,climate_increment,407985986.6324673
6720,super_stress,PORTFOLIO,climate_increment,750167554.4738868
6721,super_stress,PORTFOLIO,climate_increment,-291110423.4760228
6722,super_stress,PORTFOLIO,climate_increment,427835683.97594756
6723,super_stress,PORTFOLIO,climate_increment,103245082.18233019
6724,super_stress,PORTFOLIO,climate_increment,133950176.95483217
6725,super_stress,PORTFOLIO,climate_increment,373468015.96525514
6726,super_stress,PORTFOLIO,climate_increment,502271597.620955
6727,super_stress,PORTFOLIO,climate_increment,323144308.39369315
6728,super_stress,PORTFOLIO,climate_increment,385112046.8433062
6729,super_stress,PORTFOLIO,climate_increment,540182888.0993325
6730,super_stress,PORTFOLIO,climate_increment,1397441515.3310065
6731,super_stress,PORTFOLIO,climate_increment,953893005.2193359
6732,super_stress,PORTFOLIO,climate_increment,297615224.6594324
6733,super_stress,PORTFOLIO,climate_increment,204570617.06216806
6734,super_stress,PORTFOLIO,climate_increment,43825430.01711853
6735,super_stress,PORTFOLIO,climate_increment,504867358.9014235
6736,super_stress,PORTFOLIO,climate_increment,681914983.4680008
6737,super_stress,PORTFOLIO,climate_increment,421668049.1695279
6738,super_stress,PORTFOLIO,climate_increment,721026873.9415767
6739,super_stress,PORTFOLIO,climate_increment,560480574.887428
6740,super_stress,PORTFOLIO,climate_increment,263831675.56434858
6741,super_stress,PORTFOLIO,climate_increment,77423367.36165178
6742,super_stress,PORTFOLIO,climate_increment,318473926.71896887
6743,super_stress,PORTFOLIO,climate_increment,370740811.84464395
6744,super_stress,PORTFOLIO,climate_increment,434531377.5243163
6745,super_stress,PORTFOLIO,climate_increment,487938894.63759214
6746,super_stress,PORTFOLIO,climate_increment,256490929.5304383
6747,super_stress,PORTFOLIO,climate_increment,382680644.2655104
6748,super_stress,PORTFOLIO,climate_increment,370244381.2094014
6749,super_stress,PORTFOLIO,climate_increment,780617166.4573227
6750,super_stress,PORTFOLIO,climate_increment,495842911.1866536
6751,super_stress,PORTFOLIO,climate_increment,314126963.4546134
6752,super_stress,PORTFOLIO,climate_increment,770380643.6349566
6753,super_stress,PORTFOLIO,climate_increment,-48534022.62649172
6754,super_stress,PORTFOLIO,climate_increment,605448187.9392713
6755,super_stress,PORTFOLIO,climate_increment,528661940.2591693
6756,super_stress,PORTFOLIO,climate_increment,280522553.3730408
6757,super_stress,PORTFOLIO,climate_increment,300176768.74668574
6758,super_stress,PORTFOLIO,climate_increment,334094786.12674
6759,super_stress,PORTFOLIO,climate_increment,635509983.8734668
6760,super_stress,PORTFOLIO,climate_increment,281400376.53155196
6761,super_stress,PORTFOLIO,climate_increment,617412635.9780791
6762,super_stress,PORTFOLIO,climate_increment,144010978.5819096
6763,super_stress,PORTFOLIO,climate_increment,459028213.4026663
6764,super_stress,PORTFOLIO,climate_increment,639674733.3093628
6765,super_stress,PORTFOLIO,climate_increment,158185912.51615414
6766,super_stress,PORTFOLIO,climate_increment,484375877.25912744
6767,super_stress,PORTFOLIO,climate_increment,334223489.8515074
6768,super_stress,PORTFOLIO,climate_increment,488449159.66435224
6769,super_stress,PORTFOLIO,climate_increment,155639353.49587405
6770,super_stress,PORTFOLIO,climate_increment,541543770.4075403
6771,super_stress,PORTFOLIO,climate_increment,516689987.19328064
6772,super_stress,PORTFOLIO,climate_increment,-138251418.9082968
6773,super_stress,PORTFOLIO,climate_increment,312652879.5078337
6774,super_stress,PORTFOLIO,climate_increment,1093160852.430352
6775,super_stress,PORTFOLIO,climate_increment,664327593.956918
6776,super_stress,PORTFOLIO,climate_increment,532234130.0522654
6777,super_stress,PORTFOLIO,climate_increment,736090024.7034056
6778,super_stress,PORTFOLIO,climate_increment,244713308.1051
6779,super_stress,PORTFOLIO,climate_increment,103419376.72996303
6780,super_stress,PORTFOLIO,climate_increment,409171749.16909695
6781,super_stress,PORTFOLIO,climate_increment,426438265.2655084
6782,super_stress,PORTFOLIO,climate_increment,481424534.7462045
6783,super_stress,PORTFOLIO,climate_increment,674984832.4103243
6784,super_stress,PORTFOLIO,climate_increment,711990786.9017019
6785,super_stress,PORTFOLIO,climate_increment,270690269.11700606
6786,super_stress,PORTFOLIO,climate_increment,445187300.00593776
6787,super_stress,PORTFOLIO,climate_increment,519026213.122896
6788,super_stress,PORTFOLIO,climate_increment,297738011.09998685
6789,super_stress,PORTFOLIO,climate_increment,702344898.0728906
6790,super_stress,PORTFOLIO,climate_increment,581922737.3509904
6791,super_stress,PORTFOLIO,climate_increment,178133069.607038
6792,super_stress,PORTFOLIO,climate_increment,1117347706.6333447
6793,super_stress,PORTFOLIO,climate_increment,570429692.4293963
6794,super_stress,PORTFOLIO,climate_increment,892608280.483921
6795,super_stress,PORTFOLIO,climate_increment,239796511.36232617
6796,super_stress,PORTFOLIO,climate_increment,200352115.80009484
6797,super_stress,PORTFOLIO,climate_increment,1606393091.842554
6798,super_stress,PORTFOLIO,climate_increment,475144227.20571035
6799,super_stress,PORTFOLIO,climate_increment,776512545.723431
6800,super_stress,PORTFOLIO,climate_increment,460144325.0934258
6801,super_stress,PORTFOLIO,climate_increment,267026427.6530785
6802,super_stress,PORTFOLIO,climate_increment,686400809.0573201
6803,super_stress,PORTFOLIO,climate_increment,698015782.3316116
6804,super_stress,PORTFOLIO,climate_increment,276927344.0929618
6805,super_stress,PORTFOLIO,climate_increment,591064197.7850711
6806,super_stress,PORTFOLIO,climate_increment,189218078.06634706
6807,super_stress,PORTFOLIO,climate_increment,1070421128.5725218
6808,super_stress,PORTFOLIO,climate_increment,-13487708.218924703
6809,super_stress,PORTFOLIO,climate_increment,849735056.7884278
6810,super_stress,PORTFOLIO,climate_increment,1502079451.3433893
6811,super_stress,PORTFOLIO,climate_increment,429943667.8419792
6812,super_stress,PORTFOLIO,climate_increment,455204761.9958153
6813,super_stress,PORTFOLIO,climate_increment,426311512.26782125
6814,super_stress,PORTFOLIO,climate_increment,351057286.89035076
6815,super_stress,PORTFOLIO,climate_increment,687330762.9192785
6816,super_stress,PORTFOLIO,climate_increment,149271809.7875549
6817,super_stress,PORTFOLIO,climate_increment,287781493.2771288
6818,super_stress,PORTFOLIO,climate_increment,1305340452.2905514
6819,super_stress,PORTFOLIO,climate_increment,541918565.5520447
6820,super_stress,PORTFOLIO,climate_increment,308517604.7073074
6821,super_stress,PORTFOLIO,climate_increment,137528845.0158128
6822,super_stress,PORTFOLIO,climate_increment,944717633.0834609
6823,super_stress,PORTFOLIO,climate_increment,104077517.98001637
6824,super_stress,PORTFOLIO,climate_increment,316749977.9068081
6825,super_stress,PORTFOLIO,climate_increment,405662202.53422433
6826,super_stress,PORTFOLIO,climate_increment,-276569402.06339127
6827,super_stress,PORTFOLIO,climate_increment,180379230.72112644
6828,super_stress,PORTFOLIO,climate_increment,460826477.0537625
6829,super_stress,PORTFOLIO,climate_increment,647208839.3154896
6830,super_stress,PORTFOLIO,climate_increment,266520998.61721867
6831,super_stress,PORTFOLIO,climate_increment,578754407.2831572
6832,super_stress,PORTFOLIO,climate_increment,731438492.645812
6833,super_stress,PORTFOLIO,climate_increment,220085851.82038197
6834,super_stress,PORTFOLIO,climate_increment,115142738.39450787
6835,super_stress,PORTFOLIO,climate_increment,140402006.74328014
6836,super_stress,PORTFOLIO,climate_increment,1274516784.7609723
6837,super_stress,PORTFOLIO,climate_increment,-433833986.8205862
6838,super_stress,PORTFOLIO,climate_increment,288961174.44787264
6839,super_stress,PORTFOLIO,climate_increment,-273713868.6754021
6840,super_stress,PORTFOLIO,climate_increment,273937598.8624916
6841,super_stress,PORTFOLIO,climate_increment,473023909.70928234
6842,super_stress,PORTFOLIO,climate_increment,671640245.1846704
6843,super_stress,PORTFOLIO,climate_increment,500359991.96518695
6844,super_stress,PORTFOLIO,climate_increment,832784507.4642478
6845,super_stress,PORTFOLIO,climate_increment,452709329.45123243
6846,super_stress,PORTFOLIO,climate_increment,555841288.1434994
6847,super_stress,PORTFOLIO,climate_increment,-26269826.113886613
6848,super_stress,PORTFOLIO,climate_increment,371079584.8315901
6849,super_stress,PORTFOLIO,climate_increment,584883690.1436093
6850,super_stress,PORTFOLIO,climate_increment,357727397.6307455
6851,super_stress,PORTFOLIO,climate_increment,745636853.9980651
6852,super_stress,PORTFOLIO,climate_increment,-54857263.79072974
6853,super_stress,PORTFOLIO,climate_increment,538137924.3195896
6854,super_stress,PORTFOLIO,climate_increment,1098254266.0292914
6855,super_stress,PORTFOLIO,climate_increment,-169439877.6924245
6856,super_stress,PORTFOLIO,climate_increment,1124909686.7171354
6857,super_stress,PORTFOLIO,climate_increment,316037464.3266926
6858,super_stress,PORTFOLIO,climate_increment,806872984.5334204
6859,super_stress,PORTFOLIO,climate_increment,281420795.5597938
6860,super_stress,PORTFOLIO,climate_increment,763593488.6884204
6861,super_stress,PORTFOLIO,climate_increment,245735392.4326049
6862,super_stress,PORTFOLIO,climate_increment,574576237.3514862
6863,super_stress,PORTFOLIO,climate_increment,684283094.5102541
6864,super_stress,PORTFOLIO,climate_increment,695819363.7818431
6865,super_stress,PORTFOLIO,climate_increment,648327348.5054392
6866,super_stress,PORTFOLIO,climate_increment,288805745.93334186
6867,super_stress,PORTFOLIO,climate_increment,400856484.11815447
6868,super_stress,PORTFOLIO,climate_increment,376775849.5224609
6869,super_stress,PORTFOLIO,climate_increment,446077324.50062084
6870,super_stress,PORTFOLIO,climate_increment,441159609.6106891
6871,super_stress,PORTFOLIO,climate_increment,611117190.7591234
6872,super_stress,PORTFOLIO,climate_increment,1004018127.8706102
6873,super_stress,PORTFOLIO,climate_increment,67335779.9596483
6874,super_stress,PORTFOLIO,climate_increment,456482895.8128413
6875,super_stress,PORTFOLIO,climate_increment,320689222.5986672
6876,super_stress,PORTFOLIO,climate_increment,598766374.967255
6877,super_stress,PORTFOLIO,climate_increment,325682574.82910824
6878,super_stress,PORTFOLIO,climate_increment,399666983.83913314
6879,super_stress,PORTFOLIO,climate_increment,229619872.94042176
6880,super_stress,PORTFOLIO,climate_increment,905520585.6063588
6881,super_stress,PORTFOLIO,climate_increment,705828901.6743683
6882,super_stress,PORTFOLIO,climate_increment,465426464.2541223
6883,super_stress,PORTFOLIO,climate_increment,436927661.1605315
6884,super_stress,PORTFOLIO,climate_increment,366569199.1689576
6885,super_stress,PORTFOLIO,climate_increment,430236962.0424416
6886,super_stress,PORTFOLIO,climate_increment,245307793.3981008
6887,super_stress,PORTFOLIO,climate_increment,407881169.44677824
6888,super_stress,PORTFOLIO,climate_increment,555252923.0377156
6889,super_stress,PORTFOLIO,climate_increment,1187680445.4208484
6890,super_stress,PORTFOLIO,climate_increment,425001256.5611372
6891,super_stress,PORTFOLIO,climate_increment,423197868.8307424
6892,super_stress,PORTFOLIO,climate_increment,625945818.8687958
6893,super_stress,PORTFOLIO,climate_increment,1030627987.1247263
6894,super_stress,PORTFOLIO,climate_increment,436111991.23090816
6895,super_stress,PORTFOLIO,climate_increment,612724680.701246
6896,super_stress,PORTFOLIO,climate_increment,589116380.9724274
6897,super_stress,PORTFOLIO,climate_increment,458109119.0119427
6898,super_stress,PORTFOLIO,climate_increment,540562759.5662333
6899,super_stress,PORTFOLIO,climate_increment,547296525.940396
6900,super_stress,PORTFOLIO,climate_increment,372248640.54917896
6901,super_stress,PORTFOLIO,climate_increment,441598111.90161467
6902,super_stress,PORTFOLIO,climate_increment,829714817.8951203
6903,super_stress,PORTFOLIO,climate_increment,255388740.77572805
6904,super_stress,PORTFOLIO,climate_increment,423042018.5883791
6905,super_stress,PORTFOLIO,climate_increment,406882792.2392574
6906,super_stress,PORTFOLIO,climate_increment,563454549.1596726
6907,super_stress,PORTFOLIO,climate_increment,291461424.0396986
6908,super_stress,PORTFOLIO,climate_increment,338960828.07747674
6909,super_stress,PORTFOLIO,climate_increment,189106699.87082925
6910,super_stress,PORTFOLIO,climate_increment,579924955.210286
6911,super_stress,PORTFOLIO,climate_increment,950009619.6343057
6912,super_stress,PORTFOLIO,climate_increment,239362179.5553179
6913,super_stress,PORTFOLIO,climate_increment,165617036.4240929
6914,super_stress,PORTFOLIO,climate_increment,175749135.94941685
6915,super_stress,PORTFOLIO,climate_increment,597787958.9273368
6916,super_stress,PORTFOLIO,climate_increment,459376515.2928875
6917,super_stress,PORTFOLIO,climate_increment,320118826.47612524
6918,super_stress,PORTFOLIO,climate_increment,679271174.777008
6919,super_stress,PORTFOLIO,climate_increment,724175944.0731645
6920,super_stress,PORTFOLIO,climate_increment,469905402.1295029
6921,super_stress,PORTFOLIO,climate_increment,802086790.2287723
6922,super_stress,PORTFOLIO,climate_increment,37401318.73628311
6923,super_stress,PORTFOLIO,climate_increment,530924527.98523927
6924,super_stress,PORTFOLIO,climate_increment,973768653.5047419
6925,super_stress,PORTFOLIO,climate_increment,522560578.4417747
6926,super_stress,PORTFOLIO,climate_increment,914479150.4064804
6927,super_stress,PORTFOLIO,climate_increment,325814350.7326643
6928,super_stress,PORTFOLIO,climate_increment,-35939230.072358504
6929,super_stress,PORTFOLIO,climate_increment,229992766.43983275
6930,super_stress,PORTFOLIO,climate_increment,524350267.8217117
6931,super_stress,PORTFOLIO,climate_increment,806243032.37564
6932,super_stress,PORTFOLIO,climate_increment,719687413.3050926
6933,super_stress,PORTFOLIO,climate_increment,354923594.2957074
6934,super_stress,PORTFOLIO,climate_increment,196782914.2415946
6935,super_stress,PORTFOLIO,climate_increment,553409060.1085603
6936,super_stress,PORTFOLIO,climate_increment,475182593.9752961
6937,super_stress,PORTFOLIO,climate_increment,1015116057.3060387
6938,super_stress,PORTFOLIO,climate_increment,1021080602.3761567
6939,super_stress,PORTFOLIO,climate_increment,188578753.17160723
6940,super_stress,PORTFOLIO,climate_increment,247646095.998565
6941,super_stress,PORTFOLIO,climate_increment,445033416.3449076
6942,super_stress,PORTFOLIO,climate_increment,536326189.76713234
6943,super_stress,PORTFOLIO,climate_increment,475886444.8624404
6944,super_stress,PORTFOLIO,climate_increment,350595824.3200216
6945,super_stress,PORTFOLIO,climate_increment,536412683.5762668
6946,super_stress,PORTFOLIO,climate_increment,786066866.3983815
6947,super_stress,PORTFOLIO,climate_increment,305943229.1820123
6948,super_stress,PORTFOLIO,climate_increment,130319492.0697814
6949,super_stress,PORTFOLIO,climate_increment,615593655.1361964
6950,super_stress,PORTFOLIO,climate_increment,967407438.1348732
6951,super_stress,PORTFOLIO,climate_increment,183880247.88710883
6952,super_stress,PORTFOLIO,climate_increment,434359145.5868218
6953,super_stress,PORTFOLIO,climate_increment,926281245.6155938
6954,super_stress,PORTFOLIO,climate_increment,392415003.378774
6955,super_stress,PORTFOLIO,climate_increment,412866443.9653067
6956,super_stress,PORTFOLIO,climate_increment,631079057.3522137
6957,super_stress,PORTFOLIO,climate_increment,289065941.05335844
6958,super_stress,PORTFOLIO,climate_increment,770695262.8604238
6959,super_stress,PORTFOLIO,climate_increment,179940595.9182018
6960,super_stress,PORTFOLIO,climate_increment,568381143.8060607
6961,super_stress,PORTFOLIO,climate_increment,310462036.1050649
6962,super_stress,PORTFOLIO,climate_increment,880426182.3380104
6963,super_stress,PORTFOLIO,climate_increment,400921898.92956316
6964,super_stress,PORTFOLIO,climate_increment,650931142.1352732
6965,super_stress,PORTFOLIO,climate_increment,643520452.0890071
6966,super_stress,PORTFOLIO,climate_increment,560416371.4824113
6967,super_stress,PORTFOLIO,climate_increment,335724893.4981211
6968,super_stress,PORTFOLIO,climate_increment,506624846.65154755
6969,super_stress,PORTFOLIO,climate_increment,512138039.001562
6970,super_stress,PORTFOLIO,climate_increment,208981547.5870783
6971,super_stress,PORTFOLIO,climate_increment,722773689.7107267
6972,super_stress,PORTFOLIO,climate_increment,831300739.6653402
6973,super_stress,PORTFOLIO,climate_increment,259273058.8829391
6974,super_stress,PORTFOLIO,climate_increment,312097289.0567733
6975,super_stress,PORTFOLIO,climate_increment,187474627.98251185
6976,super_stress,PORTFOLIO,climate_increment,87385444.02929042
6977,super_stress,PORTFOLIO,climate_increment,915418862.2249777
6978,super_stress,PORTFOLIO,climate_increment,619333908.750194
6979,super_stress,PORTFOLIO,climate_increment,324700965.1709367
6980,super_stress,PORTFOLIO,climate_increment,216782858.64914024
6981,super_stress,PORTFOLIO,climate_increment,322215081.0843657
6982,super_stress,PORTFOLIO,climate_increment,-103063700.10703593
6983,super_stress,PORTFOLIO,climate_increment,452797564.55079234
6984,super_stress,PORTFOLIO,climate_increment,128785959.2209817
6985,super_stress,PORTFOLIO,climate_increment,618043386.7232026
6986,super_stress,PORTFOLIO,climate_increment,262889582.97389448
6987,super_stress,PORTFOLIO,climate_increment,612426118.1054518
6988,super_stress,PORTFOLIO,climate_increment,741181837.0433381
6989,super_stress,PORTFOLIO,climate_increment,378661750.8099533
6990,super_stress,PORTFOLIO,climate_increment,169079212.75598767
6991,super_stress,PORTFOLIO,climate_increment,438361797.3190335
6992,super_stress,PORTFOLIO,climate_increment,435288247.55002236
6993,super_stress,PORTFOLIO,climate_increment,655610239.1921074
6994,super_stress,PORTFOLIO,climate_increment,422426300.73951256
6995,super_stress,PORTFOLIO,climate_increment,713290248.0251188
6996,super_stress,PORTFOLIO,climate_increment,250545330.55335614
6997,super_stress,PORTFOLIO,climate_increment,426346844.78699
6998,super_stress,PORTFOLIO,climate_increment,258124918.78551424
6999,super_stress,PORTFOLIO,climate_increment,224734127.56189752
7000,super_stress,PORTFOLIO,climate_increment,292494717.9421585
7001,super_stress,PORTFOLIO,climate_increment,714777659.7248324
7002,super_stress,PORTFOLIO,climate_increment,565419996.8713578
7003,super_stress,PORTFOLIO,climate_increment,319106419.5148332
7004,super_stress,PORTFOLIO,climate_increment,262129418.9093116
7005,super_stress,PORTFOLIO,climate_increment,633148088.5971009
7006,super_stress,PORTFOLIO,climate_increment,212096339.15218747
7007,super_stress,PORTFOLIO,climate_increment,132548972.75805347
7008,super_stress,PORTFOLIO,climate_increment,659951914.3424628
7009,super_stress,PORTFOLIO,climate_increment,495241887.4770711
7010,super_stress,PORTFOLIO,climate_increment,337809006.88052803
7011,super_stress,PORTFOLIO,climate_increment,576501519.6769186
7012,super_stress,PORTFOLIO,climate_increment,373926694.42982924
7013,super_stress,PORTFOLIO,climate_increment,690269675.6190181
7014,super_stress,PORTFOLIO,climate_increment,278455668.4326585
7015,super_stress,PORTFOLIO,climate_increment,58188864.99434892
7016,super_stress,PORTFOLIO,climate_increment,762937975.8241462
7017,super_stress,PORTFOLIO,climate_increment,640073276.8094499
7018,super_stress,PORTFOLIO,climate_increment,604332779.541592
7019,super_stress,PORTFOLIO,climate_increment,291963336.9179777
7020,super_stress,PORTFOLIO,climate_increment,542179181.2312932
7021,super_stress,PORTFOLIO,climate_increment,727288608.9227159
7022,super_stress,PORTFOLIO,climate_increment,418479031.0772551
7023,super_stress,PORTFOLIO,climate_increment,457334284.8306783
7024,super_stress,PORTFOLIO,climate_increment,683862644.3490659
7025,super_stress,PORTFOLIO,climate_increment,86058276.86996984
7026,super_stress,PORTFOLIO,climate_increment,423661077.1683799
7027,super_stress,PORTFOLIO,climate_increment,344353384.4917214
7028,super_stress,PORTFOLIO,climate_increment,795734982.2031031
7029,super_stress,PORTFOLIO,climate_increment,504224526.6182443
7030,super_stress,PORTFOLIO,climate_increment,80931929.45560071
7031,super_stress,PORTFOLIO,climate_increment,539493236.4427545
7032,super_stress,PORTFOLIO,climate_increment,952980743.3641124
7033,super_stress,PORTFOLIO,climate_increment,436024061.59799176
7034,super_stress,PORTFOLIO,climate_increment,605261933.8254366
7035,super_stress,PORTFOLIO,climate_increment,793501660.9851445
7036,super_stress,PORTFOLIO,climate_increment,478378398.4189647
7037,super_stress,PORTFOLIO,climate_increment,615901504.1759523
7038,super_stress,PORTFOLIO,climate_increment,1029514938.9304659
7039,super_stress,PORTFOLIO,climate_increment,1115847654.961201
7040,super_stress,PORTFOLIO,climate_increment,476593137.25152975
7041,super_stress,PORTFOLIO,climate_increment,554286621.7032272
7042,super_stress,PORTFOLIO,climate_increment,423598230.779525
7043,super_stress,PORTFOLIO,climate_increment,42065661.48853648
7044,super_stress,PORTFOLIO,climate_increment,542863834.372308
7045,super_stress,PORTFOLIO,climate_increment,631251995.7452852
7046,super_stress,PORTFOLIO,climate_increment,746128588.711649
7047,super_stress,PORTFOLIO,climate_increment,360225062.9222239
7048,super_stress,PORTFOLIO,climate_increment,127776393.5951261
7049,super_stress,PORTFOLIO,climate_increment,-34286794.25186589
7050,super_stress,PORTFOLIO,climate_increment,391877189.5285148
7051,super_stress,PORTFOLIO,climate_increment,368191287.95111495
7052,super_stress,PORTFOLIO,climate_increment,401015526.5269956
7053,super_stress,PORTFOLIO,climate_increment,847677109.8775604
7054,super_stress,PORTFOLIO,climate_increment,373180494.97891456
7055,super_stress,PORTFOLIO,climate_increment,293296847.72641695
7056,super_stress,PORTFOLIO,climate_increment,821681462.5746226
7057,super_stress,PORTFOLIO,climate_increment,607929828.2790256
7058,super_stress,PORTFOLIO,climate_increment,340050536.2412267
7059,super_stress,PORTFOLIO,climate_increment,783709879.9075801
7060,super_stress,PORTFOLIO,climate_increment,521064506.881997
7061,super_stress,PORTFOLIO,climate_increment,802376896.0285947
7062,super_stress,PORTFOLIO,climate_increment,241070985.68494913
7063,super_stress,PORTFOLIO,climate_increment,386848038.3168632
7064,super_stress,PORTFOLIO,climate_increment,694681813.284794
7065,super_stress,PORTFOLIO,climate_increment,176232047.30932194
7066,super_stress,PORTFOLIO,climate_increment,909366627.4387491
7067,super_stress,PORTFOLIO,climate_increment,725734506.0269557
7068,super_stress,PORTFOLIO,climate_increment,776336524.4695892
7069,super_stress,PORTFOLIO,climate_increment,281834362.60628635
7070,super_stress,PORTFOLIO,climate_increment,601991641.0449532
7071,super_stress,PORTFOLIO,climate_increment,1049874279.2911062
7072,super_stress,PORTFOLIO,climate_increment,496110897.7009005
7073,super_stress,PORTFOLIO,climate_increment,937545632.8366518
7074,super_stress,PORTFOLIO,climate_increment,576091784.7427523
7075,super_stress,PORTFOLIO,climate_increment,507184693.8276993
7076,super_stress,PORTFOLIO,climate_increment,307889169.954581
7077,super_stress,PORTFOLIO,climate_increment,140066597.28948307
7078,super_stress,PORTFOLIO,climate_increment,884356482.931805
7079,super_stress,PORTFOLIO,climate_increment,394864066.914296
7080,super_stress,PORTFOLIO,climate_increment,218610924.31937644
7081,super_stress,PORTFOLIO,climate_increment,450824396.510787
7082,super_stress,PORTFOLIO,climate_increment,852945059.2953696
7083,super_stress,PORTFOLIO,climate_increment,675665626.36811
7084,super_stress,PORTFOLIO,climate_increment,274103204.16325194
7085,super_stress,PORTFOLIO,climate_increment,709854563.8273616
7086,super_stress,PORTFOLIO,climate_increment,679217757.0502424
7087,super_stress,PORTFOLIO,climate_increment,918966129.5221995
7088,super_stress,PORTFOLIO,climate_increment,511302363.60398114
7089,super_stress,PORTFOLIO,climate_increment,-148062651.1431694
7090,super_stress,PORTFOLIO,climate_increment,319690489.6011845
7091,super_stress,PORTFOLIO,climate_increment,637572323.0710467
7092,super_stress,PORTFOLIO,climate_increment,392140592.34308153
7093,super_stress,PORTFOLIO,climate_increment,-169306899.12983584
7094,super_stress,PORTFOLIO,climate_increment,541792292.4838518
7095,super_stress,PORTFOLIO,climate_increment,436669201.8623854
7096,super_stress,PORTFOLIO,climate_increment,402717660.3144813
7097,super_stress,PORTFOLIO,climate_increment,559232816.6722703
7098,super_stress,PORTFOLIO,climate_increment,668981939.8753486
7099,super_stress,PORTFOLIO,climate_increment,209773935.3422705
7100,super_stress,PORTFOLIO,climate_increment,253271975.13256454
7101,super_stress,PORTFOLIO,climate_increment,726489277.8327144
7102,super_stress,PORTFOLIO,climate_increment,345341174.2296579
7103,super_stress,PORTFOLIO,climate_increment,263141575.4415942
7104,super_stress,PORTFOLIO,climate_increment,780587802.14519
7105,super_stress,PORTFOLIO,climate_increment,169309238.46135154
7106,super_stress,PORTFOLIO,climate_increment,374348789.4919349
7107,super_stress,PORTFOLIO,climate_increment,791847468.7805574
7108,super_stress,PORTFOLIO,climate_increment,9896157.36559771
7109,super_stress,PORTFOLIO,climate_increment,-159169494.42899784
7110,super_stress,PORTFOLIO,climate_increment,477348323.7091789
7111,super_stress,PORTFOLIO,climate_increment,-596865500.8602992
7112,super_stress,PORTFOLIO,climate_increment,916692269.8597817
7113,super_stress,PORTFOLIO,climate_increment,602982779.5587537
7114,super_stress,PORTFOLIO,climate_increment,949834016.4641763
7115,super_stress,PORTFOLIO,climate_increment,357407578.91273916
7116,super_stress,PORTFOLIO,climate_increment,362738196.4984163
7117,super_stress,PORTFOLIO,climate_increment,833297394.5217279
7118,super_stress,PORTFOLIO,climate_increment,617262824.5009266
7119,super_stress,PORTFOLIO,climate_increment,353462576.53305304
7120,super_stress,PORTFOLIO,climate_increment,393942663.75620675
7121,super_stress,PORTFOLIO,climate_increment,333966768.13168675
7122,super_stress,PORTFOLIO,climate_increment,504769729.27420056
7123,super_stress,PORTFOLIO,climate_increment,568559321.8265494
7124,super_stress,PORTFOLIO,climate_increment,613112057.2067596
7125,super_stress,PORTFOLIO,climate_increment,919483288.6380477
7126,super_stress,PORTFOLIO,climate_increment,393012419.65683395
7127,super_stress,PORTFOLIO,climate_increment,615055699.8456832
7128,super_stress,PORTFOLIO,climate_increment,347306044.13077605
7129,super_stress,PORTFOLIO,climate_increment,91309268.97266003
7130,super_stress,PORTFOLIO,climate_increment,269876785.9922603
7131,super_stress,PORTFOLIO,climate_increment,1413531419.8693242
7132,super_stress,PORTFOLIO,climate_increment,689473515.9228297
7133,super_stress,PORTFOLIO,climate_increment,805147912.3447691
7134,super_stress,PORTFOLIO,climate_increment,741297429.1864511
7135,super_stress,PORTFOLIO,climate_increment,660666029.350159
7136,super_stress,PORTFOLIO,climate_increment,267800347.68794322
7137,super_stress,PORTFOLIO,climate_increment,736367622.9976132
7138,super_stress,PORTFOLIO,climate_increment,483813776.50669533
7139,super_stress,PORTFOLIO,climate_increment,485420527.7463874
7140,super_stress,PORTFOLIO,climate_increment,362979650.93806887
7141,super_stress,PORTFOLIO,climate_increment,328930518.7629307
7142,super_stress,PORTFOLIO,climate_increment,-260105740.68935633
7143,super_stress,PORTFOLIO,climate_increment,80186305.30232479
7144,super_stress,PORTFOLIO,climate_increment,524420201.9315873
7145,super_stress,PORTFOLIO,climate_increment,208909309.85412094
7146,super_stress,PORTFOLIO,climate_increment,268255830.6694131
7147,super_stress,PORTFOLIO,climate_increment,141131727.11767235
7148,super_stress,PORTFOLIO,climate_increment,245644600.989419
7149,super_stress,PORTFOLIO,climate_increment,485350467.046404
7150,super_stress,PORTFOLIO,climate_increment,677099068.6409262
7151,super_stress,PORTFOLIO,climate_increment,416323871.362255
7152,super_stress,PORTFOLIO,climate_increment,341439356.2264109
7153,super_stress,PORTFOLIO,climate_increment,512510260.2777784
7154,super_stress,PORTFOLIO,climate_increment,353900590.85570914
7155,super_stress,PORTFOLIO,climate_increment,1335009634.4867275
7156,super_stress,PORTFOLIO,climate_increment,704038017.8327936
7157,super_stress,PORTFOLIO,climate_increment,412110736.67827183
7158,super_stress,PORTFOLIO,climate_increment,683068512.1159782
7159,super_stress,PORTFOLIO,climate_increment,561477760.512356
7160,super_stress,PORTFOLIO,climate_increment,379760036.784953
7161,super_stress,PORTFOLIO,climate_increment,742797849.913767
7162,super_stress,PORTFOLIO,climate_increment,517265419.5363556
7163,super_stress,PORTFOLIO,climate_increment,1091792246.1429708
7164,super_stress,PORTFOLIO,climate_increment,169517490.04749212
7165,super_stress,PORTFOLIO,climate_increment,740784158.9186575
7166,super_stress,PORTFOLIO,climate_increment,568753276.9249648
7167,super_stress,PORTFOLIO,climate_increment,659747971.3803475
7168,super_stress,PORTFOLIO,climate_increment,666631881.8972095
7169,super_stress,PORTFOLIO,climate_increment,233326325.77951688
7170,super_stress,PORTFOLIO,climate_increment,778237911.2794763
7171,super_stress,PORTFOLIO,climate_increment,1080915330.572901
7172,super_stress,PORTFOLIO,climate_increment,1206788856.687921
7173,super_stress,PORTFOLIO,climate_increment,263851721.22519726
7174,super_stress,PORTFOLIO,climate_increment,655266549.8481426
7175,super_stress,PORTFOLIO,climate_increment,340482316.6719091
7176,super_stress,PORTFOLIO,climate_increment,775199567.7992043
7177,super_stress,PORTFOLIO,climate_increment,296828088.85537636
7178,super_stress,PORTFOLIO,climate_increment,1345575467.5499842
7179,super_stress,PORTFOLIO,climate_increment,449796225.14235973
7180,super_stress,PORTFOLIO,climate_increment,166689195.47824538
7181,super_stress,PORTFOLIO,climate_increment,1114175628.2485123
7182,super_stress,PORTFOLIO,climate_increment,635571532.101586
7183,super_stress,PORTFOLIO,climate_increment,328118856.29781336
7184,super_stress,PORTFOLIO,climate_increment,765387348.9013731
7185,super_stress,PORTFOLIO,climate_increment,546558166.4781142
7186,super_stress,PORTFOLIO,climate_increment,260917817.58658773
7187,super_stress,PORTFOLIO,climate_increment,128925842.93531418
7188,super_stress,PORTFOLIO,climate_increment,634495268.2500813
7189,super_stress,PORTFOLIO,climate_increment,-62030100.78510829
7190,super_stress,PORTFOLIO,climate_increment,150660365.02847272
7191,super_stress,PORTFOLIO,climate_increment,616813436.2337581
7192,super_stress,PORTFOLIO,climate_increment,483680336.8203989
7193,super_stress,PORTFOLIO,climate_increment,825192749.7327284
7194,super_stress,PORTFOLIO,climate_increment,636630353.9234625
7195,super_stress,PORTFOLIO,climate_increment,803699569.709661
7196,super_stress,PORTFOLIO,climate_increment,69953716.6317235
7197,super_stress,PORTFOLIO,climate_increment,405491004.74467975
7198,super_stress,PORTFOLIO,climate_increment,1042113363.6713966
7199,super_stress,PORTFOLIO,climate_increment,117210846.60086466
7200,super_stress,PORTFOLIO,climate_increment,625963259.3001794
7201,super_stress,PORTFOLIO,climate_increment,145248983.24590063
7202,super_stress,PORTFOLIO,climate_increment,194003179.46430784
7203,super_stress,PORTFOLIO,climate_increment,800427781.7346154
7204,super_stress,PORTFOLIO,climate_increment,32183242.630194195
7205,super_stress,PORTFOLIO,climate_increment,939503586.5849028
7206,super_stress,PORTFOLIO,climate_increment,914893773.1680968
7207,super_stress,PORTFOLIO,climate_increment,653963414.4739075
7208,super_stress,PORTFOLIO,climate_increment,867862162.2757107
7209,super_stress,PORTFOLIO,climate_increment,221792917.89145216
7210,super_stress,PORTFOLIO,climate_increment,448784803.4272913
7211,super_stress,PORTFOLIO,climate_increment,535668961.12455904
7212,super_stress,PORTFOLIO,climate_increment,555674410.544568
7213,super_stress,PORTFOLIO,climate_increment,401855104.72120464
7214,super_stress,PORTFOLIO,climate_increment,950666390.2777925
7215,super_stress,PORTFOLIO,climate_increment,139278792.62358603
7216,super_stress,PORTFOLIO,climate_increment,719832183.3429747
7217,super_stress,PORTFOLIO,climate_increment,484952182.8303444
7218,super_stress,PORTFOLIO,climate_increment,373709936.5767861
7219,super_stress,PORTFOLIO,climate_increment,270637401.0945188
7220,super_stress,PORTFOLIO,climate_increment,561862406.1629552
7221,super_stress,PORTFOLIO,climate_increment,466394791.8046933
7222,super_stress,PORTFOLIO,climate_increment,873796532.3393612
7223,super_stress,PORTFOLIO,climate_increment,753393945.2044361
7224,super_stress,PORTFOLIO,climate_increment,614967374.8136668
7225,super_stress,PORTFOLIO,climate_increment,458007156.06432545
7226,super_stress,PORTFOLIO,climate_increment,448064753.9828325
7227,super_stress,PORTFOLIO,climate_increment,421941047.3093404
7228,super_stress,PORTFOLIO,climate_increment,567602252.7209038
7229,super_stress,PORTFOLIO,climate_increment,71312287.90931761
7230,super_stress,PORTFOLIO,climate_increment,111412124.8372689
7231,super_stress,PORTFOLIO,climate_increment,664005095.3568684
7232,super_stress,PORTFOLIO,climate_increment,344099322.0426412
7233,super_stress,PORTFOLIO,climate_increment,693224423.3308861
7234,super_stress,PORTFOLIO,climate_increment,224515738.75708997
7235,super_stress,PORTFOLIO,climate_increment,546970709.8832679
7236,super_stress,PORTFOLIO,climate_increment,177411921.1423821
7237,super_stress,PORTFOLIO,climate_increment,-369693228.84145254
7238,super_stress,PORTFOLIO,climate_increment,442102732.72409767
7239,super_stress,PORTFOLIO,climate_increment,951859981.4391828
7240,super_stress,PORTFOLIO,climate_increment,686046105.8028599
7241,super_stress,PORTFOLIO,climate_increment,341038117.1438364
7242,super_stress,PORTFOLIO,climate_increment,323974936.5959377
7243,super_stress,PORTFOLIO,climate_increment,262968811.92285883
7244,super_stress,PORTFOLIO,climate_increment,198227776.77027065
7245,super_stress,PORTFOLIO,climate_increment,645349952.8946563
7246,super_stress,PORTFOLIO,climate_increment,248823351.0855969
7247,super_stress,PORTFOLIO,climate_increment,122964201.00449714
7248,super_stress,PORTFOLIO,climate_increment,570055612.4853878
7249,super_stress,PORTFOLIO,climate_increment,638436747.4454057
7250,super_stress,PORTFOLIO,climate_increment,296458867.1052503
7251,super_stress,PORTFOLIO,climate_increment,442917225.54772866
7252,super_stress,PORTFOLIO,climate_increment,589822267.7607843
7253,super_stress,PORTFOLIO,climate_increment,114497278.42480654
7254,super_stress,PORTFOLIO,climate_increment,654658111.5261968
7255,super_stress,PORTFOLIO,climate_increment,-140094119.47784746
7256,super_stress,PORTFOLIO,climate_increment,392126707.23852986
7257,super_stress,PORTFOLIO,climate_increment,1071312433.0077956
7258,super_stress,PORTFOLIO,climate_increment,427896935.172146
7259,super_stress,PORTFOLIO,climate_increment,163490708.3694691
7260,super_stress,PORTFOLIO,climate_increment,1058468914.5312562
7261,super_stress,PORTFOLIO,climate_increment,661974107.6706482
7262,super_stress,PORTFOLIO,climate_increment,630662556.7892841
7263,super_stress,PORTFOLIO,climate_increment,398917464.4905868
7264,super_stress,PORTFOLIO,climate_increment,508445103.51162606
7265,super_stress,PORTFOLIO,climate_increment,129645800.20889148
7266,super_stress,PORTFOLIO,climate_increment,896070312.8598151
7267,super_stress,PORTFOLIO,climate_increment,149447128.22905925
7268,super_stress,PORTFOLIO,climate_increment,261804327.94381574
7269,super_stress,PORTFOLIO,climate_increment,646845231.728503
7270,super_stress,PORTFOLIO,climate_increment,358200194.7615869
7271,super_stress,PORTFOLIO,climate_increment,375417706.66526604
7272,super_stress,PORTFOLIO,climate_increment,594855961.2884694
7273,super_stress,PORTFOLIO,climate_increment,319075283.33294827
7274,super_stress,PORTFOLIO,climate_increment,498796108.4849314
7275,super_stress,PORTFOLIO,climate_increment,886608505.7638083
7276,super_stress,PORTFOLIO,climate_increment,199702669.9062837
7277,super_stress,PORTFOLIO,climate_increment,174873541.47644305
7278,super_stress,PORTFOLIO,climate_increment,94300626.47809109
7279,super_stress,PORTFOLIO,climate_increment,665294516.8446428
7280,super_stress,PORTFOLIO,climate_increment,587709698.3023738
7281,super_stress,PORTFOLIO,climate_increment,618692507.6273781
7282,super_stress,PORTFOLIO,climate_increment,401846684.5227263
7283,super_stress,PORTFOLIO,climate_increment,462953669.77531064
7284,super_stress,PORTFOLIO,climate_increment,22011342.64654078
7285,super_stress,PORTFOLIO,climate_increment,269197391.0855773
7286,super_stress,PORTFOLIO,climate_increment,269941918.1560901
7287,super_stress,PORTFOLIO,climate_increment,604526015.0939465
7288,super_stress,PORTFOLIO,climate_increment,470063455.6117927
7289,super_stress,PORTFOLIO,climate_increment,655087512.9652394
7290,super_stress,PORTFOLIO,climate_increment,446274008.9344053
7291,super_stress,PORTFOLIO,climate_increment,670409534.5691466
7292,super_stress,PORTFOLIO,climate_increment,262087087.61898112
7293,super_stress,PORTFOLIO,climate_increment,516057408.6612215
7294,super_stress,PORTFOLIO,climate_increment,844629374.419954
7295,super_stress,PORTFOLIO,climate_increment,799753365.4000851
7296,super_stress,PORTFOLIO,climate_increment,436204286.6252682
7297,super_stress,PORTFOLIO,climate_increment,621341809.1269274
7298,super_stress,PORTFOLIO,climate_increment,260942611.53205127
7299,super_stress,PORTFOLIO,climate_increment,443876471.6528304
7300,super_stress,PORTFOLIO,climate_increment,692992143.9173205
7301,super_stress,PORTFOLIO,climate_increment,1108565950.4565957
7302,super_stress,PORTFOLIO,climate_increment,430240815.8503904
7303,super_stress,PORTFOLIO,climate_increment,533622353.66211534
7304,super_stress,PORTFOLIO,climate_increment,396807740.8716724
7305,super_stress,PORTFOLIO,climate_increment,621396397.3501236
7306,super_stress,PORTFOLIO,climate_increment,503329416.548379
7307,super_stress,PORTFOLIO,climate_increment,674975525.218174
7308,super_stress,PORTFOLIO,climate_increment,699420873.6090248
7309,super_stress,PORTFOLIO,climate_increment,957742833.7214487
7310,super_stress,PORTFOLIO,climate_increment,392146007.6347792
7311,super_stress,PORTFOLIO,climate_increment,181883908.1432944
7312,super_stress,PORTFOLIO,climate_increment,839843693.5961916
7313,super_stress,PORTFOLIO,climate_increment,472644256.4809338
7314,super_stress,PORTFOLIO,climate_increment,527524909.7343704
7315,super_stress,PORTFOLIO,climate_increment,506863188.00882936
7316,super_stress,PORTFOLIO,climate_increment,558493732.6980749
7317,super_stress,PORTFOLIO,climate_increment,486018014.3479151
7318,super_stress,PORTFOLIO,climate_increment,745042347.3878055
7319,super_stress,PORTFOLIO,climate_increment,529722563.5605476
7320,super_stress,PORTFOLIO,climate_increment,647445239.4186748
7321,super_stress,PORTFOLIO,climate_increment,576035948.414401
7322,super_stress,PORTFOLIO,climate_increment,277934052.6544119
7323,super_stress,PORTFOLIO,climate_increment,786174910.5389329
7324,super_stress,PORTFOLIO,climate_increment,474901075.91110307
7325,super_stress,PORTFOLIO,climate_increment,168453104.21112776
7326,super_stress,PORTFOLIO,climate_increment,425937284.1744878
7327,super_stress,PORTFOLIO,climate_increment,255082504.88442484
7328,super_stress,PORTFOLIO,climate_increment,261973876.87047988
7329,super_stress,PORTFOLIO,climate_increment,296615061.5135521
7330,super_stress,PORTFOLIO,climate_increment,745757611.3472191
7331,super_stress,PORTFOLIO,climate_increment,497558723.5597786
7332,super_stress,PORTFOLIO,climate_increment,118410027.59191416
7333,super_stress,PORTFOLIO,climate_increment,293842016.7369948
7334,super_stress,PORTFOLIO,climate_increment,207519442.0798025
7335,super_stress,PORTFOLIO,climate_increment,757264123.259285
7336,super_stress,PORTFOLIO,climate_increment,324269818.5971546
7337,super_stress,PORTFOLIO,climate_increment,283677799.29606414
7338,super_stress,PORTFOLIO,climate_increment,336376693.2522502
7339,super_stress,PORTFOLIO,climate_increment,-438005177.8676743
7340,super_stress,PORTFOLIO,climate_increment,337768636.38587785
7341,super_stress,PORTFOLIO,climate_increment,284020013.64963895
7342,super_stress,PORTFOLIO,climate_increment,783598346.3740679
7343,super_stress,PORTFOLIO,climate_increment,952398854.4278677
7344,super_stress,PORTFOLIO,climate_increment,269843546.0716892
7345,super_stress,PORTFOLIO,climate_increment,264060632.18029776
7346,super_stress,PORTFOLIO,climate_increment,347479978.98761547
7347,super_stress,PORTFOLIO,climate_increment,508715545.2359366
7348,super_stress,PORTFOLIO,climate_increment,658706485.9302975
7349,super_stress,PORTFOLIO,climate_increment,166591239.6844441
7350,super_stress,PORTFOLIO,climate_increment,-211162283.88422474
7351,super_stress,PORTFOLIO,climate_increment,742162666.3142645
7352,super_stress,PORTFOLIO,climate_increment,565590083.3084073
7353,super_stress,PORTFOLIO,climate_increment,808257857.5500292
7354,super_stress,PORTFOLIO,climate_increment,98619755.36065416
7355,super_stress,PORTFOLIO,climate_increment,773850169.1335064
7356,super_stress,PORTFOLIO,climate_increment,460655721.0282785
7357,super_stress,PORTFOLIO,climate_increment,74591432.3755415
7358,super_stress,PORTFOLIO,climate_increment,623746412.1647993
7359,super_stress,PORTFOLIO,climate_increment,269276671.459579
7360,super_stress,PORTFOLIO,climate_increment,254177938.17530277
7361,super_stress,PORTFOLIO,climate_increment,336840841.86589706
7362,super_stress,PORTFOLIO,climate_increment,549205210.6575425
7363,super_stress,PORTFOLIO,climate_increment,733720193.8148005
7364,super_stress,PORTFOLIO,climate_increment,787398380.1901938
7365,super_stress,PORTFOLIO,climate_increment,843125172.4614685
7366,super_stress,PORTFOLIO,climate_increment,717344762.2588477
7367,super_stress,PORTFOLIO,climate_increment,171888947.58628565
7368,super_stress,PORTFOLIO,climate_increment,544336125.1175003
7369,super_stress,PORTFOLIO,climate_increment,225168104.95661741
7370,super_stress,PORTFOLIO,climate_increment,546452636.6206508
7371,super_stress,PORTFOLIO,climate_increment,265899952.23327127
7372,super_stress,PORTFOLIO,climate_increment,695853630.1301739
7373,super_stress,PORTFOLIO,climate_increment,687903581.1019957
7374,super_stress,PORTFOLIO,climate_increment,340594145.73853946
7375,super_stress,PORTFOLIO,climate_increment,339090174.91239375
7376,super_stress,PORTFOLIO,climate_increment,-86740622.22372048
7377,super_stress,PORTFOLIO,climate_increment,183701329.0306996
7378,super_stress,PORTFOLIO,climate_increment,848022988.0201906
7379,super_stress,PORTFOLIO,climate_increment,744476206.5387208
7380,super_stress,PORTFOLIO,climate_increment,588447365.943661
7381,super_stress,PORTFOLIO,climate_increment,290608278.97733384
7382,super_stress,PORTFOLIO,climate_increment,453564178.9047104
7383,super_stress,PORTFOLIO,climate_increment,1304016958.1576624
7384,super_stress,PORTFOLIO,climate_increment,1141259132.1366365
7385,super_stress,PORTFOLIO,climate_increment,507896508.4406053
7386,super_stress,PORTFOLIO,climate_increment,544426798.6493713
7387,super_stress,PORTFOLIO,climate_increment,61608089.38853076
7388,super_stress,PORTFOLIO,climate_increment,430843298.6261455
7389,super_stress,PORTFOLIO,climate_increment,368657657.7204686
7390,super_stress,PORTFOLIO,climate_increment,707632734.2261932
7391,super_stress,PORTFOLIO,climate_increment,395710949.3394697
7392,super_stress,PORTFOLIO,climate_increment,627677684.5683044
7393,super_stress,PORTFOLIO,climate_increment,307927372.34977096
7394,super_stress,PORTFOLIO,climate_increment,530231857.0163055
7395,super_stress,PORTFOLIO,climate_increment,743850392.7366223
7396,super_stress,PORTFOLIO,climate_increment,334726313.2346651
7397,super_stress,PORTFOLIO,climate_increment,76118974.09176894
7398,super_stress,PORTFOLIO,climate_increment,581145369.0930445
7399,super_stress,PORTFOLIO,climate_increment,795820417.1192167
7400,super_stress,PORTFOLIO,climate_increment,162770756.68228406
7401,super_stress,PORTFOLIO,climate_increment,582246081.3205731
7402,super_stress,PORTFOLIO,climate_increment,566812703.2335382
7403,super_stress,PORTFOLIO,climate_increment,428734637.5662409
7404,super_stress,PORTFOLIO,climate_increment,811243163.3653287
7405,super_stress,PORTFOLIO,climate_increment,323065088.06477416
7406,super_stress,PORTFOLIO,climate_increment,781681545.9179243
7407,super_stress,PORTFOLIO,climate_increment,688293795.3057389
7408,super_stress,PORTFOLIO,climate_increment,353252493.171678
7409,super_stress,PORTFOLIO,climate_increment,592853412.6076968
7410,super_stress,PORTFOLIO,climate_increment,403409625.0991622
7411,super_stress,PORTFOLIO,climate_increment,427699085.82697237
7412,super_stress,PORTFOLIO,climate_increment,85799984.08379732
7413,super_stress,PORTFOLIO,climate_increment,284643798.7157473
7414,super_stress,PORTFOLIO,climate_increment,615163544.3083979
7415,super_stress,PORTFOLIO,climate_increment,71666550.22141929
7416,super_stress,PORTFOLIO,climate_increment,920169179.6238364
7417,super_stress,PORTFOLIO,climate_increment,726187993.8899341
7418,super_stress,PORTFOLIO,climate_increment,544818528.1440407
7419,super_stress,PORTFOLIO,climate_increment,491940523.8723503
7420,super_stress,PORTFOLIO,climate_increment,509366820.83470184
7421,super_stress,PORTFOLIO,climate_increment,622148065.9493183
7422,super_stress,PORTFOLIO,climate_increment,652717952.2065296
7423,super_stress,PORTFOLIO,climate_increment,495405873.4667178
7424,super_stress,PORTFOLIO,climate_increment,270541153.28414595
7425,super_stress,PORTFOLIO,climate_increment,72300653.71898544
7426,super_stress,PORTFOLIO,climate_increment,690257662.1726084
7427,super_stress,PORTFOLIO,climate_increment,610990322.3515357
7428,super_stress,PORTFOLIO,climate_increment,365310102.6456131
7429,super_stress,PORTFOLIO,climate_increment,378228844.13531804
7430,super_stress,PORTFOLIO,climate_increment,260123304.1201703
7431,super_stress,PORTFOLIO,climate_increment,600969506.0793066
7432,super_stress,PORTFOLIO,climate_increment,243838866.16043505
7433,super_stress,PORTFOLIO,climate_increment,271343201.06599677
7434,super_stress,PORTFOLIO,climate_increment,618437968.625292
7435,super_stress,PORTFOLIO,climate_increment,496656305.49972636
7436,super_stress,PORTFOLIO,climate_increment,676125035.385268
7437,super_stress,PORTFOLIO,climate_increment,1027598262.8217134
7438,super_stress,PORTFOLIO,climate_increment,220599288.40720153
7439,super_stress,PORTFOLIO,climate_increment,-195439131.3900647
7440,super_stress,PORTFOLIO,climate_increment,628338072.6595645
7441,super_stress,PORTFOLIO,climate_increment,761442834.9339328
7442,super_stress,PORTFOLIO,climate_increment,702696981.1305047
7443,super_stress,PORTFOLIO,climate_increment,247564678.7685883
7444,super_stress,PORTFOLIO,climate_increment,335984280.9353264
7445,super_stress,PORTFOLIO,climate_increment,244228621.34195074
7446,super_stress,PORTFOLIO,climate_increment,254432190.53151736
7447,super_stress,PORTFOLIO,climate_increment,730508422.8973081
7448,super_stress,PORTFOLIO,climate_increment,460500037.3018213
7449,super_stress,PORTFOLIO,climate_increment,754871721.1829191
7450,super_stress,PORTFOLIO,climate_increment,920041342.0131615
7451,super_stress,PORTFOLIO,climate_increment,539911419.0929728
7452,super_stress,PORTFOLIO,climate_increment,786472605.6379699
7453,super_stress,PORTFOLIO,climate_increment,104774904.47226942
7454,super_stress,PORTFOLIO,climate_increment,365999748.4944081
7455,super_stress,PORTFOLIO,climate_increment,295926964.33832663
7456,super_stress,PORTFOLIO,climate_increment,536329325.32361597
7457,super_stress,PORTFOLIO,climate_increment,386123624.67613375
7458,super_stress,PORTFOLIO,climate_increment,1168280910.8217707
7459,super_stress,PORTFOLIO,climate_increment,1201504095.915749
7460,super_stress,PORTFOLIO,climate_increment,494874091.7121271
7461,super_stress,PORTFOLIO,climate_increment,343655685.0994263
7462,super_stress,PORTFOLIO,climate_increment,694694690.4966246
7463,super_stress,PORTFOLIO,climate_increment,205560377.64873585
7464,super_stress,PORTFOLIO,climate_increment,727782393.5424589
7465,super_stress,PORTFOLIO,climate_increment,368970789.9573768
7466,super_stress,PORTFOLIO,climate_increment,463482101.7297762
7467,super_stress,PORTFOLIO,climate_increment,126064262.00277701
7468,super_stress,PORTFOLIO,climate_increment,727319291.0266372
7469,super_stress,PORTFOLIO,climate_increment,434188691.760639
7470,super_stress,PORTFOLIO,climate_increment,352475171.44623977
7471,super_stress,PORTFOLIO,climate_increment,126200424.7034763
7472,super_stress,PORTFOLIO,climate_increment,33373776.24701858
7473,super_stress,PORTFOLIO,climate_increment,103572990.20188795
7474,super_stress,PORTFOLIO,climate_increment,490514078.1793965
7475,super_stress,PORTFOLIO,climate_increment,62354435.392142944
7476,super_stress,PORTFOLIO,climate_increment,557553905.6005322
7477,super_stress,PORTFOLIO,climate_increment,409642583.13939345
7478,super_stress,PORTFOLIO,climate_increment,534558883.11285263
7479,super_stress,PORTFOLIO,climate_increment,453993041.5231335
7480,super_stress,PORTFOLIO,climate_increment,764814804.0395871
7481,super_stress,PORTFOLIO,climate_increment,488149347.24364215
7482,super_stress,PORTFOLIO,climate_increment,573747317.7196505
7483,super_stress,PORTFOLIO,climate_increment,486319093.32641697
7484,super_stress,PORTFOLIO,climate_increment,71622619.01773338
7485,super_stress,PORTFOLIO,climate_increment,621835590.1087561
7486,super_stress,PORTFOLIO,climate_increment,408039742.3351451
7487,super_stress,PORTFOLIO,climate_increment,289264892.8216845
7488,super_stress,PORTFOLIO,climate_increment,660692696.2874724
7489,super_stress,PORTFOLIO,climate_increment,731128401.5488957
7490,super_stress,PORTFOLIO,climate_increment,966713526.5969939
7491,super_stress,PORTFOLIO,climate_increment,698888401.1988132
7492,super_stress,PORTFOLIO,climate_increment,583252983.9151629
7493,super_stress,PORTFOLIO,climate_increment,531113074.28453577
7494,super_stress,PORTFOLIO,climate_increment,613670590.3355416
7495,super_stress,PORTFOLIO,climate_increment,574997562.1860038
7496,super_stress,PORTFOLIO,climate_increment,257207709.79927468
7497,super_stress,PORTFOLIO,climate_increment,657431927.1292288
7498,super_stress,PORTFOLIO,climate_increment,21141310.58308487
7499,super_stress,PORTFOLIO,climate_increment,777727374.8929995
7500,super_stress,PORTFOLIO,climate_increment,113634692.4228516
7501,super_stress,PORTFOLIO,climate_increment,710273680.5577555
7502,super_stress,PORTFOLIO,climate_increment,215839540.88058665
7503,super_stress,PORTFOLIO,climate_increment,724515933.7213073
7504,super_stress,PORTFOLIO,climate_increment,854284647.8576922
7505,super_stress,PORTFOLIO,climate_increment,214839818.66387823
7506,super_stress,PORTFOLIO,climate_increment,829657570.461302
7507,super_stress,PORTFOLIO,climate_increment,250643404.6203926
7508,super_stress,PORTFOLIO,climate_increment,403324905.885038
7509,super_stress,PORTFOLIO,climate_increment,407102883.6702974
7510,super_stress,PORTFOLIO,climate_increment,430200028.4470039
7511,super_stress,PORTFOLIO,climate_increment,1090528766.458304
7512,super_stress,PORTFOLIO,climate_increment,849211600.920809
7513,super_stress,PORTFOLIO,climate_increment,-2043814.4960202319
7514,super_stress,PORTFOLIO,climate_increment,878036607.7153085
7515,super_stress,PORTFOLIO,climate_increment,522387146.6455591
7516,super_stress,PORTFOLIO,climate_increment,462708945.5319127
7517,super_stress,PORTFOLIO,climate_increment,538573926.8561451
7518,super_stress,PORTFOLIO,climate_increment,225475806.23623055
7519,super_stress,PORTFOLIO,climate_increment,552912788.1219032
7520,super_stress,PORTFOLIO,climate_increment,317623937.2515071
7521,super_stress,PORTFOLIO,climate_increment,129869001.14874153
7522,super_stress,PORTFOLIO,climate_increment,999661874.3757278
7523,super_stress,PORTFOLIO,climate_increment,378504221.28099936
7524,super_stress,PORTFOLIO,climate_increment,-59120868.13123946
7525,super_stress,PORTFOLIO,climate_increment,914201959.5866461
7526,super_stress,PORTFOLIO,climate_increment,516736854.7828999
7527,super_stress,PORTFOLIO,climate_increment,81806161.43314996
7528,super_stress,PORTFOLIO,climate_increment,393558071.04525304
7529,super_stress,PORTFOLIO,climate_increment,1188704604.5488122
7530,super_stress,PORTFOLIO,climate_increment,607113099.3055624
7531,super_stress,PORTFOLIO,climate_increment,420547929.98784095
7532,super_stress,PORTFOLIO,climate_increment,348269842.51809055
7533,super_stress,PORTFOLIO,climate_increment,419003097.912576
7534,super_stress,PORTFOLIO,climate_increment,-263078005.10214415
7535,super_stress,PORTFOLIO,climate_increment,374210178.6243485
7536,super_stress,PORTFOLIO,climate_increment,143369025.70929033
7537,super_stress,PORTFOLIO,climate_increment,1075487295.8769302
7538,super_stress,PORTFOLIO,climate_increment,480888617.2202069
7539,super_stress,PORTFOLIO,climate_increment,539147514.813348
7540,super_stress,PORTFOLIO,climate_increment,-106467778.94030091
7541,super_stress,PORTFOLIO,climate_increment,600743691.2689819
7542,super_stress,PORTFOLIO,climate_increment,690594844.8393503
7543,super_stress,PORTFOLIO,climate_increment,278779170.04555255
7544,super_stress,PORTFOLIO,climate_increment,452848186.8836581
7545,super_stress,PORTFOLIO,climate_increment,561671078.8820913
7546,super_stress,PORTFOLIO,climate_increment,757277313.9841183
7547,super_stress,PORTFOLIO,climate_increment,542238710.7306969
7548,super_stress,PORTFOLIO,climate_increment,170623033.21642458
7549,super_stress,PORTFOLIO,climate_increment,263203211.21174988
7550,super_stress,PORTFOLIO,climate_increment,723580855.6920269
7551,super_stress,PORTFOLIO,climate_increment,666480760.3641932
7552,super_stress,PORTFOLIO,climate_increment,430496451.29132265
7553,super_stress,PORTFOLIO,climate_increment,111452435.98714125
7554,super_stress,PORTFOLIO,climate_increment,-292554948.1034421
7555,super_stress,PORTFOLIO,climate_increment,741978882.7544469
7556,super_stress,PORTFOLIO,climate_increment,454540706.4061839
7557,super_stress,PORTFOLIO,climate_increment,405176121.28664577
7558,super_stress,PORTFOLIO,climate_increment,628408428.500297
7559,super_stress,PORTFOLIO,climate_increment,605724172.7581364
7560,super_stress,PORTFOLIO,climate_increment,600387822.809553
7561,super_stress,PORTFOLIO,climate_increment,613513489.7353195
7562,super_stress,PORTFOLIO,climate_increment,513530681.7700681
7563,super_stress,PORTFOLIO,climate_increment,378381175.1558717
7564,super_stress,PORTFOLIO,climate_increment,670783396.0619597
7565,super_stress,PORTFOLIO,climate_increment,596270757.7223103
7566,super_stress,PORTFOLIO,climate_increment,747690585.2160156
7567,super_stress,PORTFOLIO,climate_increment,439544116.0866557
7568,super_stress,PORTFOLIO,climate_increment,846191018.4525155
7569,super_stress,PORTFOLIO,climate_increment,102889834.08633523
7570,super_stress,PORTFOLIO,climate_increment,945218096.0577087
7571,super_stress,PORTFOLIO,climate_increment,443596748.9622149
7572,super_stress,PORTFOLIO,climate_increment,89093970.43088096
7573,super_stress,PORTFOLIO,climate_increment,154122598.93852782
7574,super_stress,PORTFOLIO,climate_increment,513058556.9678296
7575,super_stress,PORTFOLIO,climate_increment,500441849.9913683
7576,super_stress,PORTFOLIO,climate_increment,648750082.4752594
7577,super_stress,PORTFOLIO,climate_increment,656036477.9663879
7578,super_stress,PORTFOLIO,climate_increment,254531134.19570678
7579,super_stress,PORTFOLIO,climate_increment,673581175.8590833
7580,super_stress,PORTFOLIO,climate_increment,201964508.5442166
7581,super_stress,PORTFOLIO,climate_increment,925879698.2833531
7582,super_stress,PORTFOLIO,climate_increment,378268514.4987742
7583,super_stress,PORTFOLIO,climate_increment,627001767.2886606
7584,super_stress,PORTFOLIO,climate_increment,437634912.9753679
7585,super_stress,PORTFOLIO,climate_increment,295846263.89994085
7586,super_stress,PORTFOLIO,climate_increment,227705773.7838515
7587,super_stress,PORTFOLIO,climate_increment,739375571.2730154
7588,super_stress,PORTFOLIO,climate_increment,99010505.23790005
7589,super_stress,PORTFOLIO,climate_increment,264481745.97155344
7590,super_stress,PORTFOLIO,climate_increment,361412586.3912158
7591,super_stress,PORTFOLIO,climate_increment,485504703.2417684
7592,super_stress,PORTFOLIO,climate_increment,285298973.21845394
7593,super_stress,PORTFOLIO,climate_increment,504305101.1936038
7594,super_stress,PORTFOLIO,climate_increment,302524849.22949296
7595,super_stress,PORTFOLIO,climate_increment,709830633.4828697
7596,super_stress,PORTFOLIO,climate_increment,526411761.8838621
7597,super_stress,PORTFOLIO,climate_increment,457514034.8108191
7598,super_stress,PORTFOLIO,climate_increment,769115095.3811523
7599,super_stress,PORTFOLIO,climate_increment,350685886.1120486
7600,super_stress,PORTFOLIO,climate_increment,809180927.1906104
7601,super_stress,PORTFOLIO,climate_increment,538169578.1245857
7602,super_stress,PORTFOLIO,climate_increment,611968963.8817503
7603,super_stress,PORTFOLIO,climate_increment,-188972391.8703246
7604,super_stress,PORTFOLIO,climate_increment,15338571.186996892
7605,super_stress,PORTFOLIO,climate_increment,722439175.9059467
7606,super_stress,PORTFOLIO,climate_increment,969780838.2392483
7607,super_stress,PORTFOLIO,climate_increment,486489693.7993863
7608,super_stress,PORTFOLIO,climate_increment,364930912.7639989
7609,super_stress,PORTFOLIO,climate_increment,442671852.47781384
7610,super_stress,PORTFOLIO,climate_increment,913751448.6865885
7611,super_stress,PORTFOLIO,climate_increment,556337933.8645754
7612,super_stress,PORTFOLIO,climate_increment,792436479.5524993
7613,super_stress,PORTFOLIO,climate_increment,346871076.2174162
7614,super_stress,PORTFOLIO,climate_increment,1080225982.141541
7615,super_stress,PORTFOLIO,climate_increment,505147353.32247925
7616,super_stress,PORTFOLIO,climate_increment,223734972.83529517
7617,super_stress,PORTFOLIO,climate_increment,337576731.3320339
7618,super_stress,PORTFOLIO,climate_increment,415550882.630196
7619,super_stress,PORTFOLIO,climate_increment,859021421.35967
7620,super_stress,PORTFOLIO,climate_increment,751084155.8765025
7621,super_stress,PORTFOLIO,climate_increment,241439373.9280137
7622,super_stress,PORTFOLIO,climate_increment,584824218.0793247
7623,super_stress,PORTFOLIO,climate_increment,475117855.6781316
7624,super_stress,PORTFOLIO,climate_increment,357120262.1530072
7625,super_stress,PORTFOLIO,climate_increment,-66009619.42738688
7626,super_stress,PORTFOLIO,climate_increment,432880275.7631372
7627,super_stress,PORTFOLIO,climate_increment,731185908.3802094
7628,super_stress,PORTFOLIO,climate_increment,541370306.677113
7629,super_stress,PORTFOLIO,climate_increment,238403148.90767726
7630,super_stress,PORTFOLIO,climate_increment,1214291240.4357102
7631,super_stress,PORTFOLIO,climate_increment,338688662.09538084
7632,super_stress,PORTFOLIO,climate_increment,13288303.24791307
7633,super_stress,PORTFOLIO,climate_increment,-148773564.86905658
7634,super_stress,PORTFOLIO,climate_increment,299320246.07317585
7635,super_stress,PORTFOLIO,climate_increment,615079440.8459724
7636,super_stress,PORTFOLIO,climate_increment,678325435.1789006
7637,super_stress,PORTFOLIO,climate_increment,436715195.6013348
7638,super_stress,PORTFOLIO,climate_increment,382150949.8537084
7639,super_stress,PORTFOLIO,climate_increment,759132241.1652342
7640,super_stress,PORTFOLIO,climate_increment,206937663.3315701
7641,super_stress,PORTFOLIO,climate_increment,322548630.0516944
7642,super_stress,PORTFOLIO,climate_increment,460906843.4577697
7643,super_stress,PORTFOLIO,climate_increment,1145253497.4674125
7644,super_stress,PORTFOLIO,climate_increment,533130358.67868364
7645,super_stress,PORTFOLIO,climate_increment,426495512.9524081
7646,super_stress,PORTFOLIO,climate_increment,1016989397.6380882
7647,super_stress,PORTFOLIO,climate_increment,914591135.444893
7648,super_stress,PORTFOLIO,climate_increment,135418969.0010958
7649,super_stress,PORTFOLIO,climate_increment,398845333.84477884
7650,super_stress,PORTFOLIO,climate_increment,390450917.7387299
7651,super_stress,PORTFOLIO,climate_increment,373443319.7774604
7652,super_stress,PORTFOLIO,climate_increment,336649590.8359733
7653,super_stress,PORTFOLIO,climate_increment,453869767.6903624
7654,super_stress,PORTFOLIO,climate_increment,604325477.8095783
7655,super_stress,PORTFOLIO,climate_increment,721351528.0100485
7656,super_stress,PORTFOLIO,climate_increment,346616471.12612355
7657,super_stress,PORTFOLIO,climate_increment,231416993.26644978
7658,super_stress,PORTFOLIO,climate_increment,538243616.1527534
7659,super_stress,PORTFOLIO,climate_increment,462820548.85620403
7660,super_stress,PORTFOLIO,climate_increment,1011866689.1737282
7661,super_stress,PORTFOLIO,climate_increment,532158163.0799923
7662,super_stress,PORTFOLIO,climate_increment,541327076.631681
7663,super_stress,PORTFOLIO,climate_increment,694285202.0773909
7664,super_stress,PORTFOLIO,climate_increment,212372720.8683493
7665,super_stress,PORTFOLIO,climate_increment,727541077.9071699
7666,super_stress,PORTFOLIO,climate_increment,616288680.9038684
7667,super_stress,PORTFOLIO,climate_increment,323590720.47808474
7668,super_stress,PORTFOLIO,climate_increment,281931444.2445456
7669,super_stress,PORTFOLIO,climate_increment,633858163.8129547
7670,super_stress,PORTFOLIO,climate_increment,15679959.121852297
7671,super_stress,PORTFOLIO,climate_increment,872075820.3565658
7672,super_stress,PORTFOLIO,climate_increment,393371353.08587575
7673,super_stress,PORTFOLIO,climate_increment,-104497919.3414663
7674,super_stress,PORTFOLIO,climate_increment,147752784.8317929
7675,super_stress,PORTFOLIO,climate_increment,444685031.5506705
7676,super_stress,PORTFOLIO,climate_increment,565421690.3264434
7677,super_stress,PORTFOLIO,climate_increment,800613314.8760744
7678,super_stress,PORTFOLIO,climate_increment,551248174.1458836
7679,super_stress,PORTFOLIO,climate_increment,373663403.85649437
7680,super_stress,PORTFOLIO,climate_increment,23674743.821763176
7681,super_stress,PORTFOLIO,climate_increment,341463111.4978721
7682,super_stress,PORTFOLIO,climate_increment,769484889.842421
7683,super_stress,PORTFOLIO,climate_increment,604568823.9677258
7684,super_stress,PORTFOLIO,climate_increment,220797023.13513356
7685,super_stress,PORTFOLIO,climate_increment,2001530090.213767
7686,super_stress,PORTFOLIO,climate_increment,332184881.5895845
7687,super_stress,PORTFOLIO,climate_increment,258655500.839248
7688,super_stress,PORTFOLIO,climate_increment,912672357.5580636
7689,super_stress,PORTFOLIO,climate_increment,492274744.81191945
7690,super_stress,PORTFOLIO,climate_increment,370761050.2567534
7691,super_stress,PORTFOLIO,climate_increment,698063816.7943567
7692,super_stress,PORTFOLIO,climate_increment,507395758.9819435
7693,super_stress,PORTFOLIO,climate_increment,258342249.65972024
7694,super_stress,PORTFOLIO,climate_increment,398009294.82001245
7695,super_stress,PORTFOLIO,climate_increment,768616272.518477
7696,super_stress,PORTFOLIO,climate_increment,552108275.2593595
7697,super_stress,PORTFOLIO,climate_increment,231506747.19020146
7698,super_stress,PORTFOLIO,climate_increment,708922838.9560288
7699,super_stress,PORTFOLIO,climate_increment,-56601269.07623026
7700,super_stress,PORTFOLIO,climate_increment,181018107.3847151
7701,super_stress,PORTFOLIO,climate_increment,281101700.71780974
7702,super_stress,PORTFOLIO,climate_increment,593511426.034843
7703,super_stress,PORTFOLIO,climate_increment,1271378467.9937825
7704,super_stress,PORTFOLIO,climate_increment,165195487.7248899
7705,super_stress,PORTFOLIO,climate_increment,600785955.3769282
7706,super_stress,PORTFOLIO,climate_increment,841749326.13432
7707,super_stress,PORTFOLIO,climate_increment,830882973.51439
7708,super_stress,PORTFOLIO,climate_increment,862827761.6368526
7709,super_stress,PORTFOLIO,climate_increment,297357948.86497736
7710,super_stress,PORTFOLIO,climate_increment,380914829.04137945
7711,super_stress,PORTFOLIO,climate_increment,86132276.81435515
7712,super_stress,PORTFOLIO,climate_increment,315320811.55117404
7713,super_stress,PORTFOLIO,climate_increment,1102844310.7812352
7714,super_stress,PORTFOLIO,climate_increment,354517992.74011505
7715,super_stress,PORTFOLIO,climate_increment,94559521.27773422
7716,super_stress,PORTFOLIO,climate_increment,719736340.7812701
7717,super_stress,PORTFOLIO,climate_increment,426130768.47969556
7718,super_stress,PORTFOLIO,climate_increment,710327784.392565
7719,super_stress,PORTFOLIO,climate_increment,827094644.4320413
7720,super_stress,PORTFOLIO,climate_increment,705076762.912626
7721,super_stress,PORTFOLIO,climate_increment,195839140.4832575
7722,super_stress,PORTFOLIO,climate_increment,370485534.61935717
7723,super_stress,PORTFOLIO,climate_increment,3876372.3911752505
7724,super_stress,PORTFOLIO,climate_increment,788000626.1539619
7725,super_stress,PORTFOLIO,climate_increment,843130939.3812047
7726,super_stress,PORTFOLIO,climate_increment,500431667.60892564
7727,super_stress,PORTFOLIO,climate_increment,463762590.41096586
7728,super_stress,PORTFOLIO,climate_increment,77007275.79830004
7729,super_stress,PORTFOLIO,climate_increment,556791048.7657635
7730,super_stress,PORTFOLIO,climate_increment,143534708.26913974
7731,super_stress,PORTFOLIO,climate_increment,1508193022.0580318
7732,super_stress,PORTFOLIO,climate_increment,273009567.10552704
7733,super_stress,PORTFOLIO,climate_increment,293334500.28774935
7734,super_stress,PORTFOLIO,climate_increment,551360534.2709467
7735,super_stress,PORTFOLIO,climate_increment,459530595.94879836
7736,super_stress,PORTFOLIO,climate_increment,650538941.3456783
7737,super_stress,PORTFOLIO,climate_increment,300232641.0171461
7738,super_stress,PORTFOLIO,climate_increment,465989565.9090464
7739,super_stress,PORTFOLIO,climate_increment,311513890.0717351
7740,super_stress,PORTFOLIO,climate_increment,-204203605.8340738
7741,super_stress,PORTFOLIO,climate_increment,237166613.95078045
7742,super_stress,PORTFOLIO,climate_increment,282291960.4770683
7743,super_stress,PORTFOLIO,climate_increment,444892713.7180723
7744,super_stress,PORTFOLIO,climate_increment,39164063.26656967
7745,super_stress,PORTFOLIO,climate_increment,815933983.1492006
7746,super_stress,PORTFOLIO,climate_increment,24079828.325496975
7747,super_stress,PORTFOLIO,climate_increment,552802081.9176387
7748,super_stress,PORTFOLIO,climate_increment,1629163606.3473496
7749,super_stress,PORTFOLIO,climate_increment,686239998.6511877
7750,super_stress,PORTFOLIO,climate_increment,430271682.7815793
7751,super_stress,PORTFOLIO,climate_increment,599949434.6318811
7752,super_stress,PORTFOLIO,climate_increment,518601878.66787153
7753,super_stress,PORTFOLIO,climate_increment,311806797.0399706
7754,super_stress,PORTFOLIO,climate_increment,425884347.2928776
7755,super_stress,PORTFOLIO,climate_increment,378310645.7654182
7756,super_stress,PORTFOLIO,climate_increment,698647736.3338605
7757,super_stress,PORTFOLIO,climate_increment,519279837.49927485
7758,super_stress,PORTFOLIO,climate_increment,511915746.2740152
7759,super_stress,PORTFOLIO,climate_increment,691466584.5171527
7760,super_stress,PORTFOLIO,climate_increment,198118757.79814595
7761,super_stress,PORTFOLIO,climate_increment,634546107.167405
7762,super_stress,PORTFOLIO,climate_increment,128856832.68425854
7763,super_stress,PORTFOLIO,climate_increment,485328360.6799795
7764,super_stress,PORTFOLIO,climate_increment,238848693.86214665
7765,super_stress,PORTFOLIO,climate_increment,524947010.67314696
7766,super_stress,PORTFOLIO,climate_increment,13974211.607999237
7767,super_stress,PORTFOLIO,climate_increment,48474495.69839623
7768,super_stress,PORTFOLIO,climate_increment,115079608.87834808
7769,super_stress,PORTFOLIO,climate_increment,332346198.71265644
7770,super_stress,PORTFOLIO,climate_increment,415798515.5145436
7771,super_stress,PORTFOLIO,climate_increment,1031413455.0807694
7772,super_stress,PORTFOLIO,climate_increment,214242141.480302
7773,super_stress,PORTFOLIO,climate_increment,649344543.102991
7774,super_stress,PORTFOLIO,climate_increment,664431991.7069422
7775,super_stress,PORTFOLIO,climate_increment,578268565.5446725
7776,super_stress,PORTFOLIO,climate_increment,154178563.15637457
7777,super_stress,PORTFOLIO,climate_increment,527981609.69325995
7778,super_stress,PORTFOLIO,climate_increment,-129909334.76760344
7779,super_stress,PORTFOLIO,climate_increment,856477941.5758176
7780,super_stress,PORTFOLIO,climate_increment,788998712.8213975
7781,super_stress,PORTFOLIO,climate_increment,644853461.8499994
7782,super_stress,PORTFOLIO,climate_increment,193144462.36733738
7783,super_stress,PORTFOLIO,climate_increment,553074483.8872286
7784,super_stress,PORTFOLIO,climate_increment,339650075.19438493
7785,super_stress,PORTFOLIO,climate_increment,227065610.63846734
7786,super_stress,PORTFOLIO,climate_increment,244904267.00645667
7787,super_stress,PORTFOLIO,climate_increment,-45152582.69153835
7788,super_stress,PORTFOLIO,climate_increment,821864438.2435292
7789,super_stress,PORTFOLIO,climate_increment,1445462210.3453135
7790,super_stress,PORTFOLIO,climate_increment,-21831892.23591625
7791,super_stress,PORTFOLIO,climate_increment,542891088.0022262
7792,super_stress,PORTFOLIO,climate_increment,425759195.2234361
7793,super_stress,PORTFOLIO,climate_increment,814457274.6679313
7794,super_stress,PORTFOLIO,climate_increment,240097315.1200037
7795,super_stress,PORTFOLIO,climate_increment,989126247.2858446
7796,super_stress,PORTFOLIO,climate_increment,796626158.7545632
7797,super_stress,PORTFOLIO,climate_increment,226697688.58382046
7798,super_stress,PORTFOLIO,climate_increment,742227753.4413749
7799,super_stress,PORTFOLIO,climate_increment,161437103.70682508
7800,super_stress,PORTFOLIO,climate_increment,861620109.3467324
7801,super_stress,PORTFOLIO,climate_increment,494536345.88230985
7802,super_stress,PORTFOLIO,climate_increment,693724040.0051636
7803,super_stress,PORTFOLIO,climate_increment,752566924.0818058
7804,super_stress,PORTFOLIO,climate_increment,811685898.231161
7805,super_stress,PORTFOLIO,climate_increment,438325640.6368618
7806,super_stress,PORTFOLIO,climate_increment,729440596.1692203
7807,super_stress,PORTFOLIO,climate_increment,348837113.64376855
7808,super_stress,PORTFOLIO,climate_increment,626860547.9498951
7809,super_stress,PORTFOLIO,climate_increment,538028882.0969788
7810,super_stress,PORTFOLIO,climate_increment,400191135.58168316
7811,super_stress,PORTFOLIO,climate_increment,468114176.3437121
7812,super_stress,PORTFOLIO,climate_increment,444920297.2037941
7813,super_stress,PORTFOLIO,climate_increment,377024691.6490755
7814,super_stress,PORTFOLIO,climate_increment,1311852766.6929429
7815,super_stress,PORTFOLIO,climate_increment,538255831.431425
7816,super_stress,PORTFOLIO,climate_increment,271046497.78845274
7817,super_stress,PORTFOLIO,climate_increment,1031482052.5592303
7818,super_stress,PORTFOLIO,climate_increment,447902965.72486615
7819,super_stress,PORTFOLIO,climate_increment,306179464.0222483
7820,super_stress,PORTFOLIO,climate_increment,271459916.5203249
7821,super_stress,PORTFOLIO,climate_increment,494925057.2262339
7822,super_stress,PORTFOLIO,climate_increment,210941849.72886106
7823,super_stress,PORTFOLIO,climate_increment,113675216.30765334
7824,super_stress,PORTFOLIO,climate_increment,253359449.16052255
7825,super_stress,PORTFOLIO,climate_increment,737754910.1530074
7826,super_stress,PORTFOLIO,climate_increment,1013236398.7133116
7827,super_stress,PORTFOLIO,climate_increment,644461009.6916262
7828,super_stress,PORTFOLIO,climate_increment,740420417.2072515
7829,super_stress,PORTFOLIO,climate_increment,292438290.37544763
7830,super_stress,PORTFOLIO,climate_increment,314744235.73645777
7831,super_stress,PORTFOLIO,climate_increment,194975863.94668677
7832,super_stress,PORTFOLIO,climate_increment,-137793273.27309066
7833,super_stress,PORTFOLIO,climate_increment,882701386.5483838
7834,super_stress,PORTFOLIO,climate_increment,785691808.865473
7835,super_stress,PORTFOLIO,climate_increment,480443569.8752839
7836,super_stress,PORTFOLIO,climate_increment,424854064.96606433
7837,super_stress,PORTFOLIO,climate_increment,-150324688.72640514
7838,super_stress,PORTFOLIO,climate_increment,252224658.47140864
7839,super_stress,PORTFOLIO,climate_increment,287936585.03430194
7840,super_stress,PORTFOLIO,climate_increment,953080246.0636377
7841,super_stress,PORTFOLIO,climate_increment,530201225.0703987
7842,super_stress,PORTFOLIO,climate_increment,584383064.0998586
7843,super_stress,PORTFOLIO,climate_increment,649611234.4103391
7844,super_stress,PORTFOLIO,climate_increment,280048608.6360183
7845,super_stress,PORTFOLIO,climate_increment,257223197.09500915
7846,super_stress,PORTFOLIO,climate_increment,242822871.5785263
7847,super_stress,PORTFOLIO,climate_increment,332596083.6995981
7848,super_stress,PORTFOLIO,climate_increment,359657035.32229006
7849,super_stress,PORTFOLIO,climate_increment,472973119.75549024
7850,super_stress,PORTFOLIO,climate_increment,483382886.2140893
7851,super_stress,PORTFOLIO,climate_increment,683344555.6470524
7852,super_stress,PORTFOLIO,climate_increment,716323894.8616403
7853,super_stress,PORTFOLIO,climate_increment,112075268.07463488
7854,super_stress,PORTFOLIO,climate_increment,250736165.71606705
7855,super_stress,PORTFOLIO,climate_increment,614583946.2443504
7856,super_stress,PORTFOLIO,climate_increment,73577190.1835312
7857,super_stress,PORTFOLIO,climate_increment,391631319.12475955
7858,super_stress,PORTFOLIO,climate_increment,420323448.9935309
7859,super_stress,PORTFOLIO,climate_increment,354456689.70621383
7860,super_stress,PORTFOLIO,climate_increment,222703744.66386068
7861,super_stress,PORTFOLIO,climate_increment,350163012.7856311
7862,super_stress,PORTFOLIO,climate_increment,172814102.2983365
7863,super_stress,PORTFOLIO,climate_increment,401083924.0403642
7864,super_stress,PORTFOLIO,climate_increment,339544805.76495886
7865,super_stress,PORTFOLIO,climate_increment,432859782.70085967
7866,super_stress,PORTFOLIO,climate_increment,779307509.1208229
7867,super_stress,PORTFOLIO,climate_increment,557742926.7849827
7868,super_stress,PORTFOLIO,climate_increment,680232822.0166292
7869,super_stress,PORTFOLIO,climate_increment,525457401.9307691
7870,super_stress,PORTFOLIO,climate_increment,668847412.8165005
7871,super_stress,PORTFOLIO,climate_increment,731137468.0254524
7872,super_stress,PORTFOLIO,climate_increment,547938322.2775874
7873,super_stress,PORTFOLIO,climate_increment,-181969659.36701536
7874,super_stress,PORTFOLIO,climate_increment,515960859.20272875
7875,super_stress,PORTFOLIO,climate_increment,180937039.0731967
7876,super_stress,PORTFOLIO,climate_increment,420815713.44406486
7877,super_stress,PORTFOLIO,climate_increment,824633314.3238145
7878,super_stress,PORTFOLIO,climate_increment,979280266.8328103
7879,super_stress,PORTFOLIO,climate_increment,276905199.250799
7880,super_stress,PORTFOLIO,climate_increment,631123855.7638576
7881,super_stress,PORTFOLIO,climate_increment,493379267.8717133
7882,super_stress,PORTFOLIO,climate_increment,763947387.9201567
7883,super_stress,PORTFOLIO,climate_increment,380320214.2962758
7884,super_stress,PORTFOLIO,climate_increment,561878942.1925098
7885,super_stress,PORTFOLIO,climate_increment,928372120.875098
7886,super_stress,PORTFOLIO,climate_increment,719931932.6414084
7887,super_stress,PORTFOLIO,climate_increment,247533537.68723455
7888,super_stress,PORTFOLIO,climate_increment,626123892.5335882
7889,super_stress,PORTFOLIO,climate_increment,142895110.67177144
7890,super_stress,PORTFOLIO,climate_increment,704292273.0543427
7891,super_stress,PORTFOLIO,climate_increment,271157770.54968286
7892,super_stress,PORTFOLIO,climate_increment,455304490.9645983
7893,super_stress,PORTFOLIO,climate_increment,478727349.30432636
7894,super_stress,PORTFOLIO,climate_increment,551687365.6392157
7895,super_stress,PORTFOLIO,climate_increment,78909431.89715688
7896,super_stress,PORTFOLIO,climate_increment,647048135.5999562
7897,super_stress,PORTFOLIO,climate_increment,347825284.8125615
7898,super_stress,PORTFOLIO,climate_increment,-121876962.38058844
7899,super_stress,PORTFOLIO,climate_increment,367005661.7897063
7900,super_stress,PORTFOLIO,climate_increment,361209782.81943935
7901,super_stress,PORTFOLIO,climate_increment,665647863.3680934
7902,super_stress,PORTFOLIO,climate_increment,504570322.9221751
7903,super_stress,PORTFOLIO,climate_increment,609896204.9093467
7904,super_stress,PORTFOLIO,climate_increment,874523812.4967941
7905,super_stress,PORTFOLIO,climate_increment,736877204.3812606
7906,super_stress,PORTFOLIO,climate_increment,127541350.09348433
7907,super_stress,PORTFOLIO,climate_increment,302033050.04202443
7908,super_stress,PORTFOLIO,climate_increment,950938910.6913865
7909,super_stress,PORTFOLIO,climate_increment,256970476.45212087
7910,super_stress,PORTFOLIO,climate_increment,288859210.8877126
7911,super_stress,PORTFOLIO,climate_increment,737168745.5569791
7912,super_stress,PORTFOLIO,climate_increment,345251725.65529794
7913,super_stress,PORTFOLIO,climate_increment,133697505.229983
7914,super_stress,PORTFOLIO,climate_increment,808969755.7353082
7915,super_stress,PORTFOLIO,climate_increment,416285163.6590667
7916,super_stress,PORTFOLIO,climate_increment,949031385.4804198
7917,super_stress,PORTFOLIO,climate_increment,238922500.90577632
7918,super_stress,PORTFOLIO,climate_increment,594001469.3652742
7919,super_stress,PORTFOLIO,climate_increment,580452276.859245
7920,super_stress,PORTFOLIO,climate_increment,361490612.1663884
7921,super_stress,PORTFOLIO,climate_increment,299092821.48162097
7922,super_stress,PORTFOLIO,climate_increment,470618821.8006797
7923,super_stress,PORTFOLIO,climate_increment,366272909.3188869
7924,super_stress,PORTFOLIO,climate_increment,134677110.11605442
7925,super_stress,PORTFOLIO,climate_increment,558028598.515852
7926,super_stress,PORTFOLIO,climate_increment,665916229.6634953
7927,super_stress,PORTFOLIO,climate_increment,489548202.2748595
7928,super_stress,PORTFOLIO,climate_increment,363077156.9822097
7929,super_stress,PORTFOLIO,climate_increment,911573241.4053969
7930,super_stress,PORTFOLIO,climate_increment,642792552.0113031
7931,super_stress,PORTFOLIO,climate_increment,263579911.08691388
7932,super_stress,PORTFOLIO,climate_increment,-7474048.7261314755
7933,super_stress,PORTFOLIO,climate_increment,706533331.5905478
7934,super_stress,PORTFOLIO,climate_increment,229241251.0741954
7935,super_stress,PORTFOLIO,climate_increment,573359462.1398566
7936,super_stress,PORTFOLIO,climate_increment,577883206.4664302
7937,super_stress,PORTFOLIO,climate_increment,408856868.9467293
7938,super_stress,PORTFOLIO,climate_increment,1900587080.6312795
7939,super_stress,PORTFOLIO,climate_increment,632504868.6367495
7940,super_stress,PORTFOLIO,climate_increment,867461710.9596385
7941,super_stress,PORTFOLIO,climate_increment,984481401.1370538
7942,super_stress,PORTFOLIO,climate_increment,5137548.183835445
7943,super_stress,PORTFOLIO,climate_increment,297494289.80276966
7944,super_stress,PORTFOLIO,climate_increment,340431713.7059976
7945,super_stress,PORTFOLIO,climate_increment,576610255.2217053
7946,super_stress,PORTFOLIO,climate_increment,109209152.71539113
7947,super_stress,PORTFOLIO,climate_increment,714760801.534828
7948,super_stress,PORTFOLIO,climate_increment,645936118.6682028
7949,super_stress,PORTFOLIO,climate_increment,873701084.1012151
7950,super_stress,PORTFOLIO,climate_increment,1102416772.9973073
7951,super_stress,PORTFOLIO,climate_increment,490132004.33214283
7952,super_stress,PORTFOLIO,climate_increment,445624218.3182131
7953,super_stress,PORTFOLIO,climate_increment,-668562.1305903716
7954,super_stress,PORTFOLIO,climate_increment,646410746.0684919
7955,super_stress,PORTFOLIO,climate_increment,404043491.7271154
7956,super_stress,PORTFOLIO,climate_increment,267252655.68631497
7957,super_stress,PORTFOLIO,climate_increment,253756057.51498955
7958,super_stress,PORTFOLIO,climate_increment,409982443.7522159
7959,super_stress,PORTFOLIO,climate_increment,594068956.1295834
7960,super_stress,PORTFOLIO,climate_increment,514009736.34140867
7961,super_stress,PORTFOLIO,climate_increment,386717153.6282531
7962,super_stress,PORTFOLIO,climate_increment,250153344.2933065
7963,super_stress,PORTFOLIO,climate_increment,661980181.5472186
7964,super_stress,PORTFOLIO,climate_increment,370195558.4006329
7965,super_stress,PORTFOLIO,climate_increment,491827379.2197685
7966,super_stress,PORTFOLIO,climate_increment,122105326.7699138
7967,super_stress,PORTFOLIO,climate_increment,573908618.6442606
7968,super_stress,PORTFOLIO,climate_increment,439637086.0387664
7969,super_stress,PORTFOLIO,climate_increment,463124365.9759522
7970,super_stress,PORTFOLIO,climate_increment,502980128.2884809
7971,super_stress,PORTFOLIO,climate_increment,-27010997.059191022
7972,super_stress,PORTFOLIO,climate_increment,495865887.83121544
7973,super_stress,PORTFOLIO,climate_increment,-122073306.16894913
7974,super_stress,PORTFOLIO,climate_increment,552734664.9431887
7975,super_stress,PORTFOLIO,climate_increment,-71060.72848541656
7976,super_stress,PORTFOLIO,climate_increment,437020096.0957286
7977,super_stress,PORTFOLIO,climate_increment,469741544.9376533
7978,super_stress,PORTFOLIO,climate_increment,731060326.9905744
7979,super_stress,PORTFOLIO,climate_increment,273728759.19293505
7980,super_stress,PORTFOLIO,climate_increment,655718025.9851688
7981,super_stress,PORTFOLIO,climate_increment,1032753747.3532041
7982,super_stress,PORTFOLIO,climate_increment,247341868.42972732
7983,super_stress,PORTFOLIO,climate_increment,415307766.5764976
7984,super_stress,PORTFOLIO,climate_increment,447001428.88075167
7985,super_stress,PORTFOLIO,climate_increment,-232043332.11567542
7986,super_stress,PORTFOLIO,climate_increment,474233341.6720696
7987,super_stress,PORTFOLIO,climate_increment,-72264319.98722765
7988,super_stress,PORTFOLIO,climate_increment,729314750.8599913
7989,super_stress,PORTFOLIO,climate_increment,677734729.4634643
7990,super_stress,PORTFOLIO,climate_increment,258919385.97594374
7991,super_stress,PORTFOLIO,climate_increment,738551164.6827335
7992,super_stress,PORTFOLIO,climate_increment,187321571.00507373
7993,super_stress,PORTFOLIO,climate_increment,1061566663.3932121
7994,super_stress,PORTFOLIO,climate_increment,262560770.43145147
7995,super_stress,PORTFOLIO,climate_increment,253192167.47214484
7996,super_stress,PORTFOLIO,climate_increment,893880254.3940421
7997,super_stress,PORTFOLIO,climate_increment,381919308.43243116
7998,super_stress,PORTFOLIO,climate_increment,496724146.98345524
7999,super_stress,PORTFOLIO,climate_increment,479036268.5401347
8000,super_stress,PORTFOLIO,climate_increment,571061722.9253684
8001,super_stress,PORTFOLIO,climate_increment,310510336.92525923
8002,super_stress,PORTFOLIO,climate_increment,630002178.7066361
8003,super_stress,PORTFOLIO,climate_increment,-3445238.680228164
8004,super_stress,PORTFOLIO,climate_increment,454826398.7895886
8005,super_stress,PORTFOLIO,climate_increment,338390803.6605647
8006,super_stress,PORTFOLIO,climate_increment,810508061.4430758
8007,super_stress,PORTFOLIO,climate_increment,862860304.6678765
8008,super_stress,PORTFOLIO,climate_increment,306322497.9275931
8009,super_stress,PORTFOLIO,climate_increment,511156773.43283623
8010,super_stress,PORTFOLIO,climate_increment,614562373.1022145
8011,super_stress,PORTFOLIO,climate_increment,352982829.5678832
8012,super_stress,PORTFOLIO,climate_increment,602782891.4867405
8013,super_stress,PORTFOLIO,climate_increment,343693376.7213565
8014,super_stress,PORTFOLIO,climate_increment,212805934.48247352
8015,super_stress,PORTFOLIO,climate_increment,576705405.5409058
8016,super_stress,PORTFOLIO,climate_increment,-2679880.785079311
8017,super_stress,PORTFOLIO,climate_increment,474185866.7197451
8018,super_stress,PORTFOLIO,climate_increment,859389513.8634394
8019,super_stress,PORTFOLIO,climate_increment,425263413.1420759
8020,super_stress,PORTFOLIO,climate_increment,1036233710.4437548
8021,super_stress,PORTFOLIO,climate_increment,916904156.8433025
8022,super_stress,PORTFOLIO,climate_increment,-123732259.4721229
8023,super_stress,PORTFOLIO,climate_increment,301960516.34348774
8024,super_stress,PORTFOLIO,climate_increment,691755114.9251453
8025,super_stress,PORTFOLIO,climate_increment,269528430.16459364
8026,super_stress,PORTFOLIO,climate_increment,625866751.3673116
8027,super_stress,PORTFOLIO,climate_increment,-178175816.42350397
8028,super_stress,PORTFOLIO,climate_increment,810891158.6194537
8029,super_stress,PORTFOLIO,climate_increment,497764986.09087306
8030,super_stress,PORTFOLIO,climate_increment,370220739.8557407
8031,super_stress,PORTFOLIO,climate_increment,284910319.7760917
8032,super_stress,PORTFOLIO,climate_increment,-119041484.53170165
8033,super_stress,PORTFOLIO,climate_increment,898096197.7636726
8034,super_stress,PORTFOLIO,climate_increment,117776831.09659842
8035,super_stress,PORTFOLIO,climate_increment,37754305.9385657
8036,super_stress,PORTFOLIO,climate_increment,240250225.8366085
8037,super_stress,PORTFOLIO,climate_increment,300504108.23813874
8038,super_stress,PORTFOLIO,climate_increment,311140937.2235043
8039,super_stress,PORTFOLIO,climate_increment,411015393.90270454
8040,super_stress,PORTFOLIO,climate_increment,371034047.3308465
8041,super_stress,PORTFOLIO,climate_increment,44201500.11362874
8042,super_stress,PORTFOLIO,climate_increment,609758934.1213107
8043,super_stress,PORTFOLIO,climate_increment,-7761006.812363582
8044,super_stress,PORTFOLIO,climate_increment,393131810.9997134
8045,super_stress,PORTFOLIO,climate_increment,96461277.43512778
8046,super_stress,PORTFOLIO,climate_increment,866591929.7061987
8047,super_stress,PORTFOLIO,climate_increment,924060575.10735
8048,super_stress,PORTFOLIO,climate_increment,1287894886.7577183
8049,super_stress,PORTFOLIO,climate_increment,125409449.60049847
8050,super_stress,PORTFOLIO,climate_increment,294422164.007142
8051,super_stress,PORTFOLIO,climate_increment,294455613.1802604
8052,super_stress,PORTFOLIO,climate_increment,324757482.06538934
8053,super_stress,PORTFOLIO,climate_increment,522444842.10595816
8054,super_stress,PORTFOLIO,climate_increment,595066359.282013
8055,super_stress,PORTFOLIO,climate_increment,45406577.99821095
8056,super_stress,PORTFOLIO,climate_increment,571458082.400381
8057,super_stress,PORTFOLIO,climate_increment,1258636249.4937084
8058,super_stress,PORTFOLIO,climate_increment,274922928.96053517
8059,super_stress,PORTFOLIO,climate_increment,1146191133.1554925
8060,super_stress,PORTFOLIO,climate_increment,1011848280.3238751
8061,super_stress,PORTFOLIO,climate_increment,749763939.7356721
8062,super_stress,PORTFOLIO,climate_increment,322621774.7623152
8063,super_stress,PORTFOLIO,climate_increment,273143354.13805735
8064,super_stress,PORTFOLIO,climate_increment,498148463.71263754
8065,super_stress,PORTFOLIO,climate_increment,806053872.5661225
8066,super_stress,PORTFOLIO,climate_increment,353127839.1233632
8067,super_stress,PORTFOLIO,climate_increment,892407857.7986393
8068,super_stress,PORTFOLIO,climate_increment,1016728267.3693943
8069,super_stress,PORTFOLIO,climate_increment,-106750350.5433954
8070,super_stress,PORTFOLIO,climate_increment,752466768.5437253
8071,super_stress,PORTFOLIO,climate_increment,179764998.43560493
8072,super_stress,PORTFOLIO,climate_increment,766005433.6305119
8073,super_stress,PORTFOLIO,climate_increment,575843505.1719419
8074,super_stress,PORTFOLIO,climate_increment,350717827.4808202
8075,super_stress,PORTFOLIO,climate_increment,262608778.46663618
8076,super_stress,PORTFOLIO,climate_increment,289732069.8067062
8077,super_stress,PORTFOLIO,climate_increment,666145188.5372307
8078,super_stress,PORTFOLIO,climate_increment,398407971.14265543
8079,super_stress,PORTFOLIO,climate_increment,63548630.748993345
8080,super_stress,PORTFOLIO,climate_increment,151826317.2895025
8081,super_stress,PORTFOLIO,climate_increment,354259230.68574125
8082,super_stress,PORTFOLIO,climate_increment,847172005.6780413
8083,super_stress,PORTFOLIO,climate_increment,808626449.2047809
8084,super_stress,PORTFOLIO,climate_increment,197231248.46663734
8085,super_stress,PORTFOLIO,climate_increment,1287476379.7312944
8086,super_stress,PORTFOLIO,climate_increment,443325925.72778714
8087,super_stress,PORTFOLIO,climate_increment,753998058.1474636
8088,super_stress,PORTFOLIO,climate_increment,482170919.7749098
8089,super_stress,PORTFOLIO,climate_increment,565574308.4829626
8090,super_stress,PORTFOLIO,climate_increment,-162190416.23332074
8091,super_stress,PORTFOLIO,climate_increment,766968050.1950996
8092,super_stress,PORTFOLIO,climate_increment,837098369.7991316
8093,super_stress,PORTFOLIO,climate_increment,516640787.1030616
8094,super_stress,PORTFOLIO,climate_increment,319500102.2215538
8095,super_stress,PORTFOLIO,climate_increment,571530149.696138
8096,super_stress,PORTFOLIO,climate_increment,256696906.65684783
8097,super_stress,PORTFOLIO,climate_increment,587561524.4764303
8098,super_stress,PORTFOLIO,climate_increment,600341601.2825322
8099,super_stress,PORTFOLIO,climate_increment,374579273.59265625
8100,super_stress,PORTFOLIO,climate_increment,511076525.747301
8101,super_stress,PORTFOLIO,climate_increment,124002246.49526142
8102,super_stress,PORTFOLIO,climate_increment,408354129.4023581
8103,super_stress,PORTFOLIO,climate_increment,212022738.69847566
8104,super_stress,PORTFOLIO,climate_increment,626566829.1849362
8105,super_stress,PORTFOLIO,climate_increment,669324271.5380243
8106,super_stress,PORTFOLIO,climate_increment,737530816.7504057
8107,super_stress,PORTFOLIO,climate_increment,545660884.8335727
8108,super_stress,PORTFOLIO,climate_increment,479095379.07065016
8109,super_stress,PORTFOLIO,climate_increment,390573254.02409965
8110,super_stress,PORTFOLIO,climate_increment,732539134.5972711
8111,super_stress,PORTFOLIO,climate_increment,232993712.3183428
8112,super_stress,PORTFOLIO,climate_increment,155269146.98876917
8113,super_stress,PORTFOLIO,climate_increment,1082957137.2122037
8114,super_stress,PORTFOLIO,climate_increment,230183067.17987326
8115,super_stress,PORTFOLIO,climate_increment,892996939.806371
8116,super_stress,PORTFOLIO,climate_increment,505172932.0717595
8117,super_stress,PORTFOLIO,climate_increment,831114731.6203008
8118,super_stress,PORTFOLIO,climate_increment,140950818.7393271
8119,super_stress,PORTFOLIO,climate_increment,672064394.1054939
8120,super_stress,PORTFOLIO,climate_increment,1063793010.3099216
8121,super_stress,PORTFOLIO,climate_increment,150274539.7119094
8122,super_stress,PORTFOLIO,climate_increment,618139232.1767141
8123,super_stress,PORTFOLIO,climate_increment,335059263.2769757
8124,super_stress,PORTFOLIO,climate_increment,597239501.8227532
8125,super_stress,PORTFOLIO,climate_increment,612821280.5540596
8126,super_stress,PORTFOLIO,climate_increment,880160244.8427188
8127,super_stress,PORTFOLIO,climate_increment,159337288.1976144
8128,super_stress,PORTFOLIO,climate_increment,703964071.4595634
8129,super_stress,PORTFOLIO,climate_increment,748306268.5809786
8130,super_stress,PORTFOLIO,climate_increment,119693114.39661978
8131,super_stress,PORTFOLIO,climate_increment,514781712.06924975
8132,super_stress,PORTFOLIO,climate_increment,233058007.06012735
8133,super_stress,PORTFOLIO,climate_increment,736503546.7793452
8134,super_stress,PORTFOLIO,climate_increment,299813923.33304185
8135,super_stress,PORTFOLIO,climate_increment,367036951.0382495
8136,super_stress,PORTFOLIO,climate_increment,678864410.5736339
8137,super_stress,PORTFOLIO,climate_increment,453367043.4936834
8138,super_stress,PORTFOLIO,climate_increment,15800688.978534535
8139,super_stress,PORTFOLIO,climate_increment,638549428.2184582
8140,super_stress,PORTFOLIO,climate_increment,271460327.308295
8141,super_stress,PORTFOLIO,climate_increment,770145355.7802097
8142,super_stress,PORTFOLIO,climate_increment,294458708.1627531
8143,super_stress,PORTFOLIO,climate_increment,271963511.76072943
8144,super_stress,PORTFOLIO,climate_increment,495195541.0273341
8145,super_stress,PORTFOLIO,climate_increment,1081655904.4953442
8146,super_stress,PORTFOLIO,climate_increment,-37460044.74068864
8147,super_stress,PORTFOLIO,climate_increment,256993000.23630202
8148,super_stress,PORTFOLIO,climate_increment,296382942.3056753
8149,super_stress,PORTFOLIO,climate_increment,1023546300.2395114
8150,super_stress,PORTFOLIO,climate_increment,151023907.27915236
8151,super_stress,PORTFOLIO,climate_increment,557525922.298506
8152,super_stress,PORTFOLIO,climate_increment,475259186.672919
8153,super_stress,PORTFOLIO,climate_increment,236412743.89398563
8154,super_stress,PORTFOLIO,climate_increment,508152036.202805
8155,super_stress,PORTFOLIO,climate_increment,327765954.9088306
8156,super_stress,PORTFOLIO,climate_increment,1346611363.3451843
8157,super_stress,PORTFOLIO,climate_increment,452868506.8564801
8158,super_stress,PORTFOLIO,climate_increment,460923715.4263889
8159,super_stress,PORTFOLIO,climate_increment,-110647507.90960743
8160,super_stress,PORTFOLIO,climate_increment,544145581.6642207
8161,super_stress,PORTFOLIO,climate_increment,345649045.5919791
8162,super_stress,PORTFOLIO,climate_increment,469570127.20958406
8163,super_stress,PORTFOLIO,climate_increment,1159782785.7287076
8164,super_stress,PORTFOLIO,climate_increment,553776494.5837381
8165,super_stress,PORTFOLIO,climate_increment,752597770.7853897
8166,super_stress,PORTFOLIO,climate_increment,703710618.3451911
8167,super_stress,PORTFOLIO,climate_increment,-149441924.31684068
8168,super_stress,PORTFOLIO,climate_increment,-117002724.48813818
8169,super_stress,PORTFOLIO,climate_increment,178850394.9306558
8170,super_stress,PORTFOLIO,climate_increment,710122486.9801769
8171,super_stress,PORTFOLIO,climate_increment,284930232.7981538
8172,super_stress,PORTFOLIO,climate_increment,440196119.15353394
8173,super_stress,PORTFOLIO,climate_increment,791479108.9879274
8174,super_stress,PORTFOLIO,climate_increment,818520052.0331041
8175,super_stress,PORTFOLIO,climate_increment,938669550.2410187
8176,super_stress,PORTFOLIO,climate_increment,945197616.2901347
8177,super_stress,PORTFOLIO,climate_increment,267459031.50018215
8178,super_stress,PORTFOLIO,climate_increment,320341480.91191906
8179,super_stress,PORTFOLIO,climate_increment,544235982.2424581
8180,super_stress,PORTFOLIO,climate_increment,219544472.0873213
8181,super_stress,PORTFOLIO,climate_increment,912466516.103208
8182,super_stress,PORTFOLIO,climate_increment,93373233.92783125
8183,super_stress,PORTFOLIO,climate_increment,439124350.0439554
8184,super_stress,PORTFOLIO,climate_increment,738936337.7607673
8185,super_stress,PORTFOLIO,climate_increment,840353459.7300882
8186,super_stress,PORTFOLIO,climate_increment,-233643111.0997924
8187,super_stress,PORTFOLIO,climate_increment,458763915.27967536
8188,super_stress,PORTFOLIO,climate_increment,303126725.5383363
8189,super_stress,PORTFOLIO,climate_increment,612714422.5043529
8190,super_stress,PORTFOLIO,climate_increment,439426083.44724953
8191,super_stress,PORTFOLIO,climate_increment,1193762524.380707
8192,super_stress,PORTFOLIO,climate_increment,555226019.9995339
8193,super_stress,PORTFOLIO,climate_increment,516623931.9845682
8194,super_stress,PORTFOLIO,climate_increment,396372804.99984103
8195,super_stress,PORTFOLIO,climate_increment,380832363.216668
8196,super_stress,PORTFOLIO,climate_increment,576415058.8253883
8197,super_stress,PORTFOLIO,climate_increment,800211717.2350785
8198,super_stress,PORTFOLIO,climate_increment,1198695054.1533973
8199,super_stress,PORTFOLIO,climate_increment,835709358.5692799
8200,super_stress,PORTFOLIO,climate_increment,382266116.5127508
8201,super_stress,PORTFOLIO,climate_increment,451085741.1711032
8202,super_stress,PORTFOLIO,climate_increment,810981915.0009998
8203,super_stress,PORTFOLIO,climate_increment,722384573.9640015
8204,super_stress,PORTFOLIO,climate_increment,271229916.74321866
8205,super_stress,PORTFOLIO,climate_increment,-38220848.472079754
8206,super_stress,PORTFOLIO,climate_increment,258965059.49331063
8207,super_stress,PORTFOLIO,climate_increment,377553602.00803643
8208,super_stress,PORTFOLIO,climate_increment,360465756.114041
8209,super_stress,PORTFOLIO,climate_increment,318554765.01781094
8210,super_stress,PORTFOLIO,climate_increment,1159825848.2135336
8211,super_stress,PORTFOLIO,climate_increment,534275502.14472187
8212,super_stress,PORTFOLIO,climate_increment,350057317.035586
8213,super_stress,PORTFOLIO,climate_increment,969651133.3173293
8214,super_stress,PORTFOLIO,climate_increment,509813746.3041771
8215,super_stress,PORTFOLIO,climate_increment,1216941424.048058
8216,super_stress,PORTFOLIO,climate_increment,278634515.3825015
8217,super_stress,PORTFOLIO,climate_increment,386847605.65988195
8218,super_stress,PORTFOLIO,climate_increment,439755720.37669915
8219,super_stress,PORTFOLIO,climate_increment,68909382.76118222
8220,super_stress,PORTFOLIO,climate_increment,900890300.3057835
8221,super_stress,PORTFOLIO,climate_increment,1106044939.5622144
8222,super_stress,PORTFOLIO,climate_increment,395353942.04681355
8223,super_stress,PORTFOLIO,climate_increment,503708866.3483825
8224,super_stress,PORTFOLIO,climate_increment,606544454.6201341
8225,super_stress,PORTFOLIO,climate_increment,161199948.64953277
8226,super_stress,PORTFOLIO,climate_increment,540283684.7910824
8227,super_stress,PORTFOLIO,climate_increment,541170427.2391361
8228,super_stress,PORTFOLIO,climate_increment,696831526.9101424
8229,super_stress,PORTFOLIO,climate_increment,718859990.8466284
8230,super_stress,PORTFOLIO,climate_increment,85485719.85058206
8231,super_stress,PORTFOLIO,climate_increment,517636488.8482938
8232,super_stress,PORTFOLIO,climate_increment,349645120.8469034
8233,super_stress,PORTFOLIO,climate_increment,137587515.57803068
8234,super_stress,PORTFOLIO,climate_increment,312172651.02297425
8235,super_stress,PORTFOLIO,climate_increment,185551412.32237172
8236,super_stress,PORTFOLIO,climate_increment,113150144.85507585
8237,super_stress,PORTFOLIO,climate_increment,555861098.5421411
8238,super_stress,PORTFOLIO,climate_increment,321913365.9700717
8239,super_stress,PORTFOLIO,climate_increment,329192293.54536676
8240,super_stress,PORTFOLIO,climate_increment,637550516.8023759
8241,super_stress,PORTFOLIO,climate_increment,302379941.63445616
8242,super_stress,PORTFOLIO,climate_increment,671869787.0507115
8243,super_stress,PORTFOLIO,climate_increment,889249780.6882111
8244,super_stress,PORTFOLIO,climate_increment,319685055.21080154
8245,super_stress,PORTFOLIO,climate_increment,727285038.1428208
8246,super_stress,PORTFOLIO,climate_increment,308910410.48865324
8247,super_stress,PORTFOLIO,climate_increment,722078411.3665036
8248,super_stress,PORTFOLIO,climate_increment,708447259.4991902
8249,super_stress,PORTFOLIO,climate_increment,635164329.8507909
8250,super_stress,PORTFOLIO,climate_increment,514776065.62797934
8251,super_stress,PORTFOLIO,climate_increment,115391657.94721386
8252,super_stress,PORTFOLIO,climate_increment,301733966.4419846
8253,super_stress,PORTFOLIO,climate_increment,820811012.8274248
8254,super_stress,PORTFOLIO,climate_increment,1990427388.843612
8255,super_stress,PORTFOLIO,climate_increment,274552516.82091343
8256,super_stress,PORTFOLIO,climate_increment,-122445415.48437391
8257,super_stress,PORTFOLIO,climate_increment,527702822.0713849
8258,super_stress,PORTFOLIO,climate_increment,840369631.6088257
8259,super_stress,PORTFOLIO,climate_increment,366778251.14183944
8260,super_stress,PORTFOLIO,climate_increment,607939878.3771036
8261,super_stress,PORTFOLIO,climate_increment,158901068.41917714
8262,super_stress,PORTFOLIO,climate_increment,508478089.9834906
8263,super_stress,PORTFOLIO,climate_increment,47436567.88040067
8264,super_stress,PORTFOLIO,climate_increment,472116511.59856755
8265,super_stress,PORTFOLIO,climate_increment,522910552.3798516
8266,super_stress,PORTFOLIO,climate_increment,827443345.1477891
8267,super_stress,PORTFOLIO,climate_increment,707956908.821823
8268,super_stress,PORTFOLIO,climate_increment,-79189338.73535913
8269,super_stress,PORTFOLIO,climate_increment,209011667.13938686
8270,super_stress,PORTFOLIO,climate_increment,156801785.07453445
8271,super_stress,PORTFOLIO,climate_increment,468221803.50798345
8272,super_stress,PORTFOLIO,climate_increment,367937777.4577099
8273,super_stress,PORTFOLIO,climate_increment,996266690.8850476
8274,super_stress,PORTFOLIO,climate_increment,106934434.39432062
8275,super_stress,PORTFOLIO,climate_increment,703436262.6233112
8276,super_stress,PORTFOLIO,climate_increment,528426298.2962814
8277,super_stress,PORTFOLIO,climate_increment,76206466.76066847
8278,super_stress,PORTFOLIO,climate_increment,1041896438.7685262
8279,super_stress,PORTFOLIO,climate_increment,501953466.63086927
8280,super_stress,PORTFOLIO,climate_increment,2100944.917623367
8281,super_stress,PORTFOLIO,climate_increment,570153540.702246
8282,super_stress,PORTFOLIO,climate_increment,305284090.061405
8283,super_stress,PORTFOLIO,climate_increment,56120568.09038643
8284,super_stress,PORTFOLIO,climate_increment,443715442.9809315
8285,super_stress,PORTFOLIO,climate_increment,469160130.3085116
8286,super_stress,PORTFOLIO,climate_increment,1382576357.5940359
8287,super_stress,PORTFOLIO,climate_increment,400603531.5315073
8288,super_stress,PORTFOLIO,climate_increment,858879761.223403
8289,super_stress,PORTFOLIO,climate_increment,13074123.75206366
8290,super_stress,PORTFOLIO,climate_increment,297152072.6078162
8291,super_stress,PORTFOLIO,climate_increment,438490888.2108911
8292,super_stress,PORTFOLIO,climate_increment,286211922.00733346
8293,super_stress,PORTFOLIO,climate_increment,1003281638.9007666
8294,super_stress,PORTFOLIO,climate_increment,324695666.8585136
8295,super_stress,PORTFOLIO,climate_increment,-17126870.35916552
8296,super_stress,PORTFOLIO,climate_increment,681631867.4175975
8297,super_stress,PORTFOLIO,climate_increment,405039158.86737055
8298,super_stress,PORTFOLIO,climate_increment,355298348.43601155
8299,super_stress,PORTFOLIO,climate_increment,310346240.7099222
8300,super_stress,PORTFOLIO,climate_increment,642961345.9135008
8301,super_stress,PORTFOLIO,climate_increment,321021822.7556203
8302,super_stress,PORTFOLIO,climate_increment,554750275.9745494
8303,super_stress,PORTFOLIO,climate_increment,628614568.2222323
8304,super_stress,PORTFOLIO,climate_increment,379084945.68663603
8305,super_stress,PORTFOLIO,climate_increment,622897514.4579519
8306,super_stress,PORTFOLIO,climate_increment,420963606.7188896
8307,super_stress,PORTFOLIO,climate_increment,270518852.8301353
8308,super_stress,PORTFOLIO,climate_increment,397245199.3529688
8309,super_stress,PORTFOLIO,climate_increment,81144738.78841667
8310,super_stress,PORTFOLIO,climate_increment,426486136.70770967
8311,super_stress,PORTFOLIO,climate_increment,-84483185.9667281
8312,super_stress,PORTFOLIO,climate_increment,714689305.7222754
8313,super_stress,PORTFOLIO,climate_increment,766936729.2062507
8314,super_stress,PORTFOLIO,climate_increment,585535193.2173302
8315,super_stress,PORTFOLIO,climate_increment,525689080.65453845
8316,super_stress,PORTFOLIO,climate_increment,493496591.89539254
8317,super_stress,PORTFOLIO,climate_increment,676182210.8624011
8318,super_stress,PORTFOLIO,climate_increment,458581306.9901472
8319,super_stress,PORTFOLIO,climate_increment,321477712.49524933
8320,super_stress,PORTFOLIO,climate_increment,1156294079.0291176
8321,super_stress,PORTFOLIO,climate_increment,37655511.31448535
8322,super_stress,PORTFOLIO,climate_increment,385555270.1917304
8323,super_stress,PORTFOLIO,climate_increment,397156843.2857469
8324,super_stress,PORTFOLIO,climate_increment,611072328.2223988
8325,super_stress,PORTFOLIO,climate_increment,418571600.29439765
8326,super_stress,PORTFOLIO,climate_increment,304664659.5100749
8327,super_stress,PORTFOLIO,climate_increment,843608376.2953571
8328,super_stress,PORTFOLIO,climate_increment,555758407.685656
8329,super_stress,PORTFOLIO,climate_increment,598417664.0554644
8330,super_stress,PORTFOLIO,climate_increment,601185066.3376483
8331,super_stress,PORTFOLIO,climate_increment,105847514.65966661
8332,super_stress,PORTFOLIO,climate_increment,710185784.8235697
8333,super_stress,PORTFOLIO,climate_increment,483909594.4528839
8334,super_stress,PORTFOLIO,climate_increment,238206742.63286337
8335,super_stress,PORTFOLIO,climate_increment,227256411.45032027
8336,super_stress,PORTFOLIO,climate_increment,331738483.09762204
8337,super_stress,PORTFOLIO,climate_increment,167712778.22240922
8338,super_stress,PORTFOLIO,climate_increment,275139287.16753185
8339,super_stress,PORTFOLIO,climate_increment,1037599858.3674606
8340,super_stress,PORTFOLIO,climate_increment,705260393.6525133
8341,super_stress,PORTFOLIO,climate_increment,486915624.55004007
8342,super_stress,PORTFOLIO,climate_increment,463597664.4491225
8343,super_stress,PORTFOLIO,climate_increment,949709002.2484858
8344,super_stress,PORTFOLIO,climate_increment,571424100.1865467
8345,super_stress,PORTFOLIO,climate_increment,506502115.18481016
8346,super_stress,PORTFOLIO,climate_increment,736808796.9649919
8347,super_stress,PORTFOLIO,climate_increment,74374138.83169028
8348,super_stress,PORTFOLIO,climate_increment,432971407.98319876
8349,super_stress,PORTFOLIO,climate_increment,987548440.7787412
8350,super_stress,PORTFOLIO,climate_increment,342122734.49965584
8351,super_stress,PORTFOLIO,climate_increment,802992487.7630675
8352,super_stress,PORTFOLIO,climate_increment,921340440.7414869
8353,super_stress,PORTFOLIO,climate_increment,750443749.3279874
8354,super_stress,PORTFOLIO,climate_increment,345531129.48262465
8355,super_stress,PORTFOLIO,climate_increment,709626049.06421
8356,super_stress,PORTFOLIO,climate_increment,84979811.42492262
8357,super_stress,PORTFOLIO,climate_increment,499620171.6082325
8358,super_stress,PORTFOLIO,climate_increment,379479992.9222084
8359,super_stress,PORTFOLIO,climate_increment,775283235.3396745
8360,super_stress,PORTFOLIO,climate_increment,764664178.6000128
8361,super_stress,PORTFOLIO,climate_increment,368278412.53483415
8362,super_stress,PORTFOLIO,climate_increment,527845487.08963484
8363,super_stress,PORTFOLIO,climate_increment,139636555.03280407
8364,super_stress,PORTFOLIO,climate_increment,247638393.6960744
8365,super_stress,PORTFOLIO,climate_increment,35325715.14130351
8366,super_stress,PORTFOLIO,climate_increment,393400932.8675249
8367,super_stress,PORTFOLIO,climate_increment,737932464.8260744
8368,super_stress,PORTFOLIO,climate_increment,488579958.1775432
8369,super_stress,PORTFOLIO,climate_increment,486689635.67033315
8370,super_stress,PORTFOLIO,climate_increment,836797217.9917058
8371,super_stress,PORTFOLIO,climate_increment,220788523.09962305
8372,super_stress,PORTFOLIO,climate_increment,566878290.7279859
8373,super_stress,PORTFOLIO,climate_increment,423681010.38296413
8374,super_stress,PORTFOLIO,climate_increment,357162688.51190925
8375,super_stress,PORTFOLIO,climate_increment,469369238.21882755
8376,super_stress,PORTFOLIO,climate_increment,728218345.9979155
8377,super_stress,PORTFOLIO,climate_increment,579741077.2416717
8378,super_stress,PORTFOLIO,climate_increment,98163433.9542588
8379,super_stress,PORTFOLIO,climate_increment,565113271.8619783
8380,super_stress,PORTFOLIO,climate_increment,412197685.9334553
8381,super_stress,PORTFOLIO,climate_increment,276143016.9083635
8382,super_stress,PORTFOLIO,climate_increment,331381522.09001505
8383,super_stress,PORTFOLIO,climate_increment,92494774.1954002
8384,super_stress,PORTFOLIO,climate_increment,704711375.8827248
8385,super_stress,PORTFOLIO,climate_increment,336356590.1478116
8386,super_stress,PORTFOLIO,climate_increment,665654336.0792232
8387,super_stress,PORTFOLIO,climate_increment,458911113.65706646
8388,super_stress,PORTFOLIO,climate_increment,482663657.851436
8389,super_stress,PORTFOLIO,climate_increment,314681501.1677734
8390,super_stress,PORTFOLIO,climate_increment,651419419.6719127
8391,super_stress,PORTFOLIO,climate_increment,404681436.8029988
8392,super_stress,PORTFOLIO,climate_increment,751649328.9538
8393,super_stress,PORTFOLIO,climate_increment,144339348.68408567
8394,super_stress,PORTFOLIO,climate_increment,597872791.337044
8395,super_stress,PORTFOLIO,climate_increment,523455519.95226234
8396,super_stress,PORTFOLIO,climate_increment,605171347.7266839
8397,super_stress,PORTFOLIO,climate_increment,165971734.74731365
8398,super_stress,PORTFOLIO,climate_increment,299142676.86714107
8399,super_stress,PORTFOLIO,climate_increment,1408428141.3680067
8400,super_stress,PORTFOLIO,climate_increment,836917883.8441197
8401,super_stress,PORTFOLIO,climate_increment,356298365.3658597
8402,super_stress,PORTFOLIO,climate_increment,552813898.0446324
8403,super_stress,PORTFOLIO,climate_increment,142198526.71991476
8404,super_stress,PORTFOLIO,climate_increment,281102287.9486
8405,super_stress,PORTFOLIO,climate_increment,122807041.57151525
8406,super_stress,PORTFOLIO,climate_increment,167604124.28694606
8407,super_stress,PORTFOLIO,climate_increment,563882597.0652897
8408,super_stress,PORTFOLIO,climate_increment,590017461.4882023
8409,super_stress,PORTFOLIO,climate_increment,-53208330.94220709
8410,super_stress,PORTFOLIO,climate_increment,363018190.567875
8411,super_stress,PORTFOLIO,climate_increment,-41513774.20637329
8412,super_stress,PORTFOLIO,climate_increment,554147801.8737937
8413,super_stress,PORTFOLIO,climate_increment,807796249.7885377
8414,super_stress,PORTFOLIO,climate_increment,916856428.8942927
8415,super_stress,PORTFOLIO,climate_increment,573516936.5449145
8416,super_stress,PORTFOLIO,climate_increment,1017529547.3113068
8417,super_stress,PORTFOLIO,climate_increment,173699934.3776104
8418,super_stress,PORTFOLIO,climate_increment,200486212.59834793
8419,super_stress,PORTFOLIO,climate_increment,648923622.588614
8420,super_stress,PORTFOLIO,climate_increment,832813598.6566408
8421,super_stress,PORTFOLIO,climate_increment,245806622.18569022
8422,super_stress,PORTFOLIO,climate_increment,624221701.2464819
8423,super_stress,PORTFOLIO,climate_increment,973517233.076194
8424,super_stress,PORTFOLIO,climate_increment,286542571.5324863
8425,super_stress,PORTFOLIO,climate_increment,-19418898.570551466
8426,super_stress,PORTFOLIO,climate_increment,641599380.1031364
8427,super_stress,PORTFOLIO,climate_increment,190095579.2162577
8428,super_stress,PORTFOLIO,climate_increment,1074293586.6563642
8429,super_stress,PORTFOLIO,climate_increment,-22138254.360039793
8430,super_stress,PORTFOLIO,climate_increment,314762946.6577099
8431,super_stress,PORTFOLIO,climate_increment,463223378.44508886
8432,super_stress,PORTFOLIO,climate_increment,789886632.2558948
8433,super_stress,PORTFOLIO,climate_increment,536157977.1260034
8434,super_stress,PORTFOLIO,climate_increment,795973031.4890869
8435,super_stress,PORTFOLIO,climate_increment,248479244.88654652
8436,super_stress,PORTFOLIO,climate_increment,364023915.3649799
8437,super_stress,PORTFOLIO,climate_increment,714721654.796598
8438,super_stress,PORTFOLIO,climate_increment,378953745.5532267
8439,super_stress,PORTFOLIO,climate_increment,164533918.70168468
8440,super_stress,PORTFOLIO,climate_increment,457563600.93829954
8441,super_stress,PORTFOLIO,climate_increment,302405118.3920263
8442,super_stress,PORTFOLIO,climate_increment,237604827.20258045
8443,super_stress,PORTFOLIO,climate_increment,514276435.1939335
8444,super_stress,PORTFOLIO,climate_increment,497733774.5192328
8445,super_stress,PORTFOLIO,climate_increment,849078733.2191805
8446,super_stress,PORTFOLIO,climate_increment,183391937.55430776
8447,super_stress,PORTFOLIO,climate_increment,294673793.24735844
8448,super_stress,PORTFOLIO,climate_increment,776608191.4320226
8449,super_stress,PORTFOLIO,climate_increment,309823751.3367946
8450,super_stress,PORTFOLIO,climate_increment,210878605.1153195
8451,super_stress,PORTFOLIO,climate_increment,324482963.37634844
8452,super_stress,PORTFOLIO,climate_increment,558709508.544166
8453,super_stress,PORTFOLIO,climate_increment,344530815.08779603
8454,super_stress,PORTFOLIO,climate_increment,527444780.3325834
8455,super_stress,PORTFOLIO,climate_increment,721396537.2901163
8456,super_stress,PORTFOLIO,climate_increment,171020238.97664866
8457,super_stress,PORTFOLIO,climate_increment,168637259.6025523
8458,super_stress,PORTFOLIO,climate_increment,318274113.1181023
8459,super_stress,PORTFOLIO,climate_increment,1187346723.0123694
8460,super_stress,PORTFOLIO,climate_increment,828022041.0157907
8461,super_stress,PORTFOLIO,climate_increment,863841560.7886671
8462,super_stress,PORTFOLIO,climate_increment,296973951.58805215
8463,super_stress,PORTFOLIO,climate_increment,244392025.79041559
8464,super_stress,PORTFOLIO,climate_increment,895026649.3831917
8465,super_stress,PORTFOLIO,climate_increment,402046348.0054597
8466,super_stress,PORTFOLIO,climate_increment,313218886.61726236
8467,super_stress,PORTFOLIO,climate_increment,74927165.394685
8468,super_stress,PORTFOLIO,climate_increment,518579470.2172803
8469,super_stress,PORTFOLIO,climate_increment,721249509.2418388
8470,super_stress,PORTFOLIO,climate_increment,46221068.28720975
8471,super_stress,PORTFOLIO,climate_increment,541323838.5588421
8472,super_stress,PORTFOLIO,climate_increment,294577997.1952114
8473,super_stress,PORTFOLIO,climate_increment,382716643.80592775
8474,super_stress,PORTFOLIO,climate_increment,556345771.074647
8475,super_stress,PORTFOLIO,climate_increment,280979779.3905437
8476,super_stress,PORTFOLIO,climate_increment,530737459.27946657
8477,super_stress,PORTFOLIO,climate_increment,722592301.4936765
8478,super_stress,PORTFOLIO,climate_increment,456351546.8486056
8479,super_stress,PORTFOLIO,climate_increment,514479090.5291422
8480,super_stress,PORTFOLIO,climate_increment,498222269.63646257
8481,super_stress,PORTFOLIO,climate_increment,844222952.959191
8482,super_stress,PORTFOLIO,climate_increment,370739554.37800133
8483,super_stress,PORTFOLIO,climate_increment,558537116.2495822
8484,super_stress,PORTFOLIO,climate_increment,333103374.8983019
8485,super_stress,PORTFOLIO,climate_increment,21574497.504871994
8486,super_stress,PORTFOLIO,climate_increment,498507752.03452414
8487,super_stress,PORTFOLIO,climate_increment,198463042.21024656
8488,super_stress,PORTFOLIO,climate_increment,944410587.581632
8489,super_stress,PORTFOLIO,climate_increment,-520153666.3552779
8490,super_stress,PORTFOLIO,climate_increment,323629831.4949311
8491,super_stress,PORTFOLIO,climate_increment,735244882.0042857
8492,super_stress,PORTFOLIO,climate_increment,544378124.6552942
8493,super_stress,PORTFOLIO,climate_increment,251199713.4213844
8494,super_stress,PORTFOLIO,climate_increment,722267007.5593758
8495,super_stress,PORTFOLIO,climate_increment,906908508.0959725
8496,super_stress,PORTFOLIO,climate_increment,692024195.2849709
8497,super_stress,PORTFOLIO,climate_increment,438630806.08556986
8498,super_stress,PORTFOLIO,climate_increment,476267447.21167374
8499,super_stress,PORTFOLIO,climate_increment,62534231.74654014
8500,super_stress,PORTFOLIO,climate_increment,194787197.7797357
8501,super_stress,PORTFOLIO,climate_increment,889689454.6216037
8502,super_stress,PORTFOLIO,climate_increment,-71962729.91777317
8503,super_stress,PORTFOLIO,climate_increment,740374427.5983385
8504,super_stress,PORTFOLIO,climate_increment,89438172.67152405
8505,super_stress,PORTFOLIO,climate_increment,230396073.67997974
8506,super_stress,PORTFOLIO,climate_increment,407923398.2499652
8507,super_stress,PORTFOLIO,climate_increment,534916342.60557973
8508,super_stress,PORTFOLIO,climate_increment,619157272.1177273
8509,super_stress,PORTFOLIO,climate_increment,452295218.988127
8510,super_stress,PORTFOLIO,climate_increment,710098689.611202
8511,super_stress,PORTFOLIO,climate_increment,1298322616.3223975
8512,super_stress,PORTFOLIO,climate_increment,480718357.101025
8513,super_stress,PORTFOLIO,climate_increment,342172423.21286553
8514,super_stress,PORTFOLIO,climate_increment,4482073.183463426
8515,super_stress,PORTFOLIO,climate_increment,-331901290.2612196
8516,super_stress,PORTFOLIO,climate_increment,600748877.824347
8517,super_stress,PORTFOLIO,climate_increment,604618078.0926812
8518,super_stress,PORTFOLIO,climate_increment,298395869.7817514
8519,super_stress,PORTFOLIO,climate_increment,517325364.8764698
8520,super_stress,PORTFOLIO,climate_increment,360928241.4412463
8521,super_stress,PORTFOLIO,climate_increment,557178465.5370598
8522,super_stress,PORTFOLIO,climate_increment,1110311944.6310873
8523,super_stress,PORTFOLIO,climate_increment,1081092959.8066888
8524,super_stress,PORTFOLIO,climate_increment,230884427.20254505
8525,super_stress,PORTFOLIO,climate_increment,495670098.30757576
8526,super_stress,PORTFOLIO,climate_increment,473497528.06870735
8527,super_stress,PORTFOLIO,climate_increment,305854062.2685115
8528,super_stress,PORTFOLIO,climate_increment,423974476.757864
8529,super_stress,PORTFOLIO,climate_increment,-44519639.97987769
8530,super_stress,PORTFOLIO,climate_increment,-24480068.192633867
8531,super_stress,PORTFOLIO,climate_increment,272144879.9037201
8532,super_stress,PORTFOLIO,climate_increment,793480495.6855484
8533,super_stress,PORTFOLIO,climate_increment,535723526.59167904
8534,super_stress,PORTFOLIO,climate_increment,539003691.2808925
8535,super_stress,PORTFOLIO,climate_increment,-166567285.7034176
8536,super_stress,PORTFOLIO,climate_increment,424631040.63421804
8537,super_stress,PORTFOLIO,climate_increment,148692763.11957487
8538,super_stress,PORTFOLIO,climate_increment,270672036.76976746
8539,super_stress,PORTFOLIO,climate_increment,765622749.9909412
8540,super_stress,PORTFOLIO,climate_increment,180887172.22999567
8541,super_stress,PORTFOLIO,climate_increment,598681699.6733762
8542,super_stress,PORTFOLIO,climate_increment,141612672.55720878
8543,super_stress,PORTFOLIO,climate_increment,81625243.67915064
8544,super_stress,PORTFOLIO,climate_increment,769372217.5875521
8545,super_stress,PORTFOLIO,climate_increment,-35444611.9302699
8546,super_stress,PORTFOLIO,climate_increment,127305520.78049606
8547,super_stress,PORTFOLIO,climate_increment,649035559.3428876
8548,super_stress,PORTFOLIO,climate_increment,33948948.59794897
8549,super_stress,PORTFOLIO,climate_increment,152851075.28418615
8550,super_stress,PORTFOLIO,climate_increment,491027024.6512603
8551,super_stress,PORTFOLIO,climate_increment,286633965.25864077
8552,super_stress,PORTFOLIO,climate_increment,508587603.948209
8553,super_stress,PORTFOLIO,climate_increment,383206201.0513281
8554,super_stress,PORTFOLIO,climate_increment,688177807.4673982
8555,super_stress,PORTFOLIO,climate_increment,-27364560.757098045
8556,super_stress,PORTFOLIO,climate_increment,1144437608.2410645
8557,super_stress,PORTFOLIO,climate_increment,782087267.5030966
8558,super_stress,PORTFOLIO,climate_increment,669793990.4790478
8559,super_stress,PORTFOLIO,climate_increment,707308032.7989253
8560,super_stress,PORTFOLIO,climate_increment,318272414.3230549
8561,super_stress,PORTFOLIO,climate_increment,468373918.8108246
8562,super_stress,PORTFOLIO,climate_increment,525939908.01605994
8563,super_stress,PORTFOLIO,climate_increment,64025587.91286282
8564,super_stress,PORTFOLIO,climate_increment,102722720.66518512
8565,super_stress,PORTFOLIO,climate_increment,436303077.0545299
8566,super_stress,PORTFOLIO,climate_increment,733383603.0175815
8567,super_stress,PORTFOLIO,climate_increment,640262662.5227621
8568,super_stress,PORTFOLIO,climate_increment,552003301.3642025
8569,super_stress,PORTFOLIO,climate_increment,386549867.72504944
8570,super_stress,PORTFOLIO,climate_increment,473872015.6535438
8571,super_stress,PORTFOLIO,climate_increment,705530348.684299
8572,super_stress,PORTFOLIO,climate_increment,355314835.661254
8573,super_stress,PORTFOLIO,climate_increment,772959842.8023823
8574,super_stress,PORTFOLIO,climate_increment,482079489.65304077
8575,super_stress,PORTFOLIO,climate_increment,652443461.3384234
8576,super_stress,PORTFOLIO,climate_increment,220607435.35268918
8577,super_stress,PORTFOLIO,climate_increment,653466710.7037956
8578,super_stress,PORTFOLIO,climate_increment,644224799.2295659
8579,super_stress,PORTFOLIO,climate_increment,-479383957.0255138
8580,super_stress,PORTFOLIO,climate_increment,833029366.1119094
8581,super_stress,PORTFOLIO,climate_increment,538302941.4665036
8582,super_stress,PORTFOLIO,climate_increment,688992015.8130333
8583,super_stress,PORTFOLIO,climate_increment,9026469.776412671
8584,super_stress,PORTFOLIO,climate_increment,532581027.9004293
8585,super_stress,PORTFOLIO,climate_increment,507932868.4754515
8586,super_stress,PORTFOLIO,climate_increment,753757178.479267
8587,super_stress,PORTFOLIO,climate_increment,229169587.0917937
8588,super_stress,PORTFOLIO,climate_increment,662164253.6438384
8589,super_stress,PORTFOLIO,climate_increment,-461397072.8380825
8590,super_stress,PORTFOLIO,climate_increment,731593992.5584731
8591,super_stress,PORTFOLIO,climate_increment,488255602.23731565
8592,super_stress,PORTFOLIO,climate_increment,484260794.9951211
8593,super_stress,PORTFOLIO,climate_increment,417877971.9317301
8594,super_stress,PORTFOLIO,climate_increment,380730015.7050106
8595,super_stress,PORTFOLIO,climate_increment,260827821.13078514
8596,super_stress,PORTFOLIO,climate_increment,303170586.73335963
8597,super_stress,PORTFOLIO,climate_increment,450426213.5249313
8598,super_stress,PORTFOLIO,climate_increment,908153034.8887863
8599,super_stress,PORTFOLIO,climate_increment,185032059.0828279
8600,super_stress,PORTFOLIO,climate_increment,486436471.7111842
8601,super_stress,PORTFOLIO,climate_increment,1705330200.026939
8602,super_stress,PORTFOLIO,climate_increment,596649833.6170195
8603,super_stress,PORTFOLIO,climate_increment,388262813.6615437
8604,super_stress,PORTFOLIO,climate_increment,933844003.3833462
8605,super_stress,PORTFOLIO,climate_increment,493034520.1233376
8606,super_stress,PORTFOLIO,climate_increment,701947657.8578235
8607,super_stress,PORTFOLIO,climate_increment,457319190.85638404
8608,super_stress,PORTFOLIO,climate_increment,68273808.28986494
8609,super_stress,PORTFOLIO,climate_increment,710138620.2095234
8610,super_stress,PORTFOLIO,climate_increment,574530874.5733701
8611,super_stress,PORTFOLIO,climate_increment,515570600.661907
8612,super_stress,PORTFOLIO,climate_increment,669061851.6497158
8613,super_stress,PORTFOLIO,climate_increment,360370015.6150061
8614,super_stress,PORTFOLIO,climate_increment,738178992.2335848
8615,super_stress,PORTFOLIO,climate_increment,886483564.5037869
8616,super_stress,PORTFOLIO,climate_increment,29477658.425107732
8617,super_stress,PORTFOLIO,climate_increment,655664064.6820258
8618,super_stress,PORTFOLIO,climate_increment,550605570.1487263
8619,super_stress,PORTFOLIO,climate_increment,322551854.2301422
8620,super_stress,PORTFOLIO,climate_increment,926510237.293904
8621,super_stress,PORTFOLIO,climate_increment,453518294.7548935
8622,super_stress,PORTFOLIO,climate_increment,306352931.6403638
8623,super_stress,PORTFOLIO,climate_increment,903970282.972896
8624,super_stress,PORTFOLIO,climate_increment,608911481.7930815
8625,super_stress,PORTFOLIO,climate_increment,860356558.3193204
8626,super_stress,PORTFOLIO,climate_increment,531878932.08747756
8627,super_stress,PORTFOLIO,climate_increment,298077253.2202997
8628,super_stress,PORTFOLIO,climate_increment,214266894.97424716
8629,super_stress,PORTFOLIO,climate_increment,736537817.3115509
8630,super_stress,PORTFOLIO,climate_increment,569277167.3714225
8631,super_stress,PORTFOLIO,climate_increment,364113913.1915663
8632,super_stress,PORTFOLIO,climate_increment,685264319.4731889
8633,super_stress,PORTFOLIO,climate_increment,53039179.950052164
8634,super_stress,PORTFOLIO,climate_increment,144545633.46718186
8635,super_stress,PORTFOLIO,climate_increment,660523946.7539332
8636,super_stress,PORTFOLIO,climate_increment,-127095800.13408631
8637,super_stress,PORTFOLIO,climate_increment,593017966.5872691
8638,super_stress,PORTFOLIO,climate_increment,428629159.41324335
8639,super_stress,PORTFOLIO,climate_increment,550156474.5914034
8640,super_stress,PORTFOLIO,climate_increment,823258496.8684512
8641,super_stress,PORTFOLIO,climate_increment,425287055.98145133
8642,super_stress,PORTFOLIO,climate_increment,699480731.2576002
8643,super_stress,PORTFOLIO,climate_increment,556321838.6576701
8644,super_stress,PORTFOLIO,climate_increment,529681851.9635955
8645,super_stress,PORTFOLIO,climate_increment,251134892.87863526
8646,super_stress,PORTFOLIO,climate_increment,223802529.86060026
8647,super_stress,PORTFOLIO,climate_increment,594890362.1479615
8648,super_stress,PORTFOLIO,climate_increment,296437314.25123525
8649,super_stress,PORTFOLIO,climate_increment,647406029.6279521
8650,super_stress,PORTFOLIO,climate_increment,-164897208.78542486
8651,super_stress,PORTFOLIO,climate_increment,813042509.2129443
8652,super_stress,PORTFOLIO,climate_increment,624576367.7365336
8653,super_stress,PORTFOLIO,climate_increment,1212897794.8643517
8654,super_stress,PORTFOLIO,climate_increment,600454079.8472195
8655,super_stress,PORTFOLIO,climate_increment,190783853.94917643
8656,super_stress,PORTFOLIO,climate_increment,797832642.9773363
8657,super_stress,PORTFOLIO,climate_increment,162362881.94333935
8658,super_stress,PORTFOLIO,climate_increment,373928189.55414474
8659,super_stress,PORTFOLIO,climate_increment,741552539.685375
8660,super_stress,PORTFOLIO,climate_increment,578297193.857302
8661,super_stress,PORTFOLIO,climate_increment,262085955.34012705
8662,super_stress,PORTFOLIO,climate_increment,877446683.1174583
8663,super_stress,PORTFOLIO,climate_increment,346480971.93437946
8664,super_stress,PORTFOLIO,climate_increment,253874225.59347796
8665,super_stress,PORTFOLIO,climate_increment,393472237.3721657
8666,super_stress,PORTFOLIO,climate_increment,485386380.4054841
8667,super_stress,PORTFOLIO,climate_increment,1007232107.17763
8668,super_stress,PORTFOLIO,climate_increment,-45308228.137423
8669,super_stress,PORTFOLIO,climate_increment,661021506.1432852
8670,super_stress,PORTFOLIO,climate_increment,484593625.7086011
8671,super_stress,PORTFOLIO,climate_increment,387908221.97632635
8672,super_stress,PORTFOLIO,climate_increment,709339089.9776424
8673,super_stress,PORTFOLIO,climate_increment,160878424.8250578
8674,super_stress,PORTFOLIO,climate_increment,476855268.4036226
8675,super_stress,PORTFOLIO,climate_increment,454741161.4540709
8676,super_stress,PORTFOLIO,climate_increment,528174805.3301908
8677,super_stress,PORTFOLIO,climate_increment,594061217.3231636
8678,super_stress,PORTFOLIO,climate_increment,442641519.6869548
8679,super_stress,PORTFOLIO,climate_increment,43404693.21013802
8680,super_stress,PORTFOLIO,climate_increment,556507679.7493291
8681,super_stress,PORTFOLIO,climate_increment,246493516.48370028
8682,super_stress,PORTFOLIO,climate_increment,367414817.6766472
8683,super_stress,PORTFOLIO,climate_increment,1034113592.8178514
8684,super_stress,PORTFOLIO,climate_increment,549964018.0131041
8685,super_stress,PORTFOLIO,climate_increment,299127984.88107115
8686,super_stress,PORTFOLIO,climate_increment,423396619.2673807
8687,super_stress,PORTFOLIO,climate_increment,584313292.6303784
8688,super_stress,PORTFOLIO,climate_increment,-99544577.55365819
8689,super_stress,PORTFOLIO,climate_increment,1122542676.3555608
8690,super_stress,PORTFOLIO,climate_increment,582930333.7888194
8691,super_stress,PORTFOLIO,climate_increment,750686858.9456146
8692,super_stress,PORTFOLIO,climate_increment,531366952.08205175
8693,super_stress,PORTFOLIO,climate_increment,458218896.901833
8694,super_stress,PORTFOLIO,climate_increment,315114251.5794951
8695,super_stress,PORTFOLIO,climate_increment,397709484.6816191
8696,super_stress,PORTFOLIO,climate_increment,254378931.26141793
8697,super_stress,PORTFOLIO,climate_increment,322469107.7242905
8698,super_stress,PORTFOLIO,climate_increment,307781169.7549437
8699,super_stress,PORTFOLIO,climate_increment,269170621.16049004
8700,super_stress,PORTFOLIO,climate_increment,796871036.3930664
8701,super_stress,PORTFOLIO,climate_increment,-36378922.53685244
8702,super_stress,PORTFOLIO,climate_increment,-456041093.8508047
8703,super_stress,PORTFOLIO,climate_increment,517597347.78821915
8704,super_stress,PORTFOLIO,climate_increment,321342221.8969574
8705,super_stress,PORTFOLIO,climate_increment,334491909.45061153
8706,super_stress,PORTFOLIO,climate_increment,740938712.5448532
8707,super_stress,PORTFOLIO,climate_increment,690070105.9409614
8708,super_stress,PORTFOLIO,climate_increment,-30103548.793332294
8709,super_stress,PORTFOLIO,climate_increment,569778626.3755404
8710,super_stress,PORTFOLIO,climate_increment,143181469.80510557
8711,super_stress,PORTFOLIO,climate_increment,436540909.48256606
8712,super_stress,PORTFOLIO,climate_increment,492284549.2843021
8713,super_stress,PORTFOLIO,climate_increment,392466952.95726407
8714,super_stress,PORTFOLIO,climate_increment,321036680.2723968
8715,super_stress,PORTFOLIO,climate_increment,92540072.14159575
8716,super_stress,PORTFOLIO,climate_increment,279681120.96294487
8717,super_stress,PORTFOLIO,climate_increment,654920693.8494376
8718,super_stress,PORTFOLIO,climate_increment,597671698.4336771
8719,super_stress,PORTFOLIO,climate_increment,152893773.73897794
8720,super_stress,PORTFOLIO,climate_increment,394796380.718532
8721,super_stress,PORTFOLIO,climate_increment,301106362.0522428
8722,super_stress,PORTFOLIO,climate_increment,465203656.0217559
8723,super_stress,PORTFOLIO,climate_increment,389448016.6479019
8724,super_stress,PORTFOLIO,climate_increment,969881605.7860065
8725,super_stress,PORTFOLIO,climate_increment,414628036.95970386
8726,super_stress,PORTFOLIO,climate_increment,897659016.9547213
8727,super_stress,PORTFOLIO,climate_increment,392450562.14773136
8728,super_stress,PORTFOLIO,climate_increment,687343277.4622658
8729,super_stress,PORTFOLIO,climate_increment,581667921.9459574
8730,super_stress,PORTFOLIO,climate_increment,384007429.0470477
8731,super_stress,PORTFOLIO,climate_increment,227730348.29783404
8732,super_stress,PORTFOLIO,climate_increment,491109775.3254738
8733,super_stress,PORTFOLIO,climate_increment,822089173.4159796
8734,super_stress,PORTFOLIO,climate_increment,223826861.55872738
8735,super_stress,PORTFOLIO,climate_increment,1082359861.7561114
8736,super_stress,PORTFOLIO,climate_increment,772886741.3735783
8737,super_stress,PORTFOLIO,climate_increment,457878622.30609983
8738,super_stress,PORTFOLIO,climate_increment,969921892.8983341
8739,super_stress,PORTFOLIO,climate_increment,1281345253.274629
8740,super_stress,PORTFOLIO,climate_increment,494128680.1171505
8741,super_stress,PORTFOLIO,climate_increment,483670044.11109775
8742,super_stress,PORTFOLIO,climate_increment,161256326.71336237
8743,super_stress,PORTFOLIO,climate_increment,209065551.9614767
8744,super_stress,PORTFOLIO,climate_increment,465887507.015035
8745,super_stress,PORTFOLIO,climate_increment,-101031058.1420011
8746,super_stress,PORTFOLIO,climate_increment,1032917589.5175648
8747,super_stress,PORTFOLIO,climate_increment,569983564.4514235
8748,super_stress,PORTFOLIO,climate_increment,807424838.1059469
8749,super_stress,PORTFOLIO,climate_increment,678676481.8918517
8750,super_stress,PORTFOLIO,climate_increment,286386810.6902257
8751,super_stress,PORTFOLIO,climate_increment,589910306.2867181
8752,super_stress,PORTFOLIO,climate_increment,367805247.8085506
8753,super_stress,PORTFOLIO,climate_increment,460011370.5408796
8754,super_stress,PORTFOLIO,climate_increment,444326324.75147885
8755,super_stress,PORTFOLIO,climate_increment,263703063.11099455
8756,super_stress,PORTFOLIO,climate_increment,904443678.5148576
8757,super_stress,PORTFOLIO,climate_increment,339384333.6560141
8758,super_stress,PORTFOLIO,climate_increment,-79119730.94327593
8759,super_stress,PORTFOLIO,climate_increment,874428385.6962616
8760,super_stress,PORTFOLIO,climate_increment,164323274.29474324
8761,super_stress,PORTFOLIO,climate_increment,230748312.20698145
8762,super_stress,PORTFOLIO,climate_increment,397968012.05251753
8763,super_stress,PORTFOLIO,climate_increment,350171801.71127045
8764,super_stress,PORTFOLIO,climate_increment,430355225.87297654
8765,super_stress,PORTFOLIO,climate_increment,423508722.25644684
8766,super_stress,PORTFOLIO,climate_increment,561973442.8039405
8767,super_stress,PORTFOLIO,climate_increment,258424027.6635521
8768,super_stress,PORTFOLIO,climate_increment,309632686.97028744
8769,super_stress,PORTFOLIO,climate_increment,123784376.64154175
8770,super_stress,PORTFOLIO,climate_increment,-103777623.77325244
8771,super_stress,PORTFOLIO,climate_increment,326264210.1541492
8772,super_stress,PORTFOLIO,climate_increment,159549236.26504967
8773,super_stress,PORTFOLIO,climate_increment,714423202.6384634
8774,super_stress,PORTFOLIO,climate_increment,133234610.49032702
8775,super_stress,PORTFOLIO,climate_increment,460763419.24839413
8776,super_stress,PORTFOLIO,climate_increment,952450636.0677933
8777,super_stress,PORTFOLIO,climate_increment,655632533.2829084
8778,super_stress,PORTFOLIO,climate_increment,124132261.90757386
8779,super_stress,PORTFOLIO,climate_increment,968092516.390543
8780,super_stress,PORTFOLIO,climate_increment,731868457.856165
8781,super_stress,PORTFOLIO,climate_increment,497165736.7995694
8782,super_stress,PORTFOLIO,climate_increment,704435880.1925765
8783,super_stress,PORTFOLIO,climate_increment,427543729.2164351
8784,super_stress,PORTFOLIO,climate_increment,116165519.43567577
8785,super_stress,PORTFOLIO,climate_increment,515797987.8238288
8786,super_stress,PORTFOLIO,climate_increment,186109132.92391986
8787,super_stress,PORTFOLIO,climate_increment,478504090.0608049
8788,super_stress,PORTFOLIO,climate_increment,314033771.88764274
8789,super_stress,PORTFOLIO,climate_increment,719178221.0154315
8790,super_stress,PORTFOLIO,climate_increment,376118238.53705966
8791,super_stress,PORTFOLIO,climate_increment,397848940.621509
8792,super_stress,PORTFOLIO,climate_increment,371747978.7713253
8793,super_stress,PORTFOLIO,climate_increment,774650711.3818244
8794,super_stress,PORTFOLIO,climate_increment,395619470.0189885
8795,super_stress,PORTFOLIO,climate_increment,357615630.06081724
8796,super_stress,PORTFOLIO,climate_increment,537665624.4262433
8797,super_stress,PORTFOLIO,climate_increment,339617169.346526
8798,super_stress,PORTFOLIO,climate_increment,503585352.18331873
8799,super_stress,PORTFOLIO,climate_increment,429122096.5703993
8800,super_stress,PORTFOLIO,climate_increment,257057961.48005006
8801,super_stress,PORTFOLIO,climate_increment,380205553.8454166
8802,super_stress,PORTFOLIO,climate_increment,228521271.3909842
8803,super_stress,PORTFOLIO,climate_increment,669179074.9541613
8804,super_stress,PORTFOLIO,climate_increment,1125619829.801093
8805,super_stress,PORTFOLIO,climate_increment,586795377.1282802
8806,super_stress,PORTFOLIO,climate_increment,552440014.0222006
8807,super_stress,PORTFOLIO,climate_increment,948004374.0897325
8808,super_stress,PORTFOLIO,climate_increment,862205653.5510743
8809,super_stress,PORTFOLIO,climate_increment,336082851.40105486
8810,super_stress,PORTFOLIO,climate_increment,234142244.05683357
8811,super_stress,PORTFOLIO,climate_increment,715204743.2680887
8812,super_stress,PORTFOLIO,climate_increment,267441657.63825595
8813,super_stress,PORTFOLIO,climate_increment,206139941.53095064
8814,super_stress,PORTFOLIO,climate_increment,673149248.3833164
8815,super_stress,PORTFOLIO,climate_increment,455835765.9139705
8816,super_stress,PORTFOLIO,climate_increment,297579811.89472336
8817,super_stress,PORTFOLIO,climate_increment,230374886.57861546
8818,super_stress,PORTFOLIO,climate_increment,462649209.89844596
8819,super_stress,PORTFOLIO,climate_increment,539578423.9204265
8820,super_stress,PORTFOLIO,climate_increment,1133553465.299877
8821,super_stress,PORTFOLIO,climate_increment,268776579.70304674
8822,super_stress,PORTFOLIO,climate_increment,595269794.368919
8823,super_stress,PORTFOLIO,climate_increment,917498021.6104327
8824,super_stress,PORTFOLIO,climate_increment,343704478.6565161
8825,super_stress,PORTFOLIO,climate_increment,752421662.1660581
8826,super_stress,PORTFOLIO,climate_increment,371245191.4785307
8827,super_stress,PORTFOLIO,climate_increment,441312203.40251285
8828,super_stress,PORTFOLIO,climate_increment,-105622477.43508358
8829,super_stress,PORTFOLIO,climate_increment,-12027872.867816389
8830,super_stress,PORTFOLIO,climate_increment,280474137.6824291
8831,super_stress,PORTFOLIO,climate_increment,635387512.8626152
8832,super_stress,PORTFOLIO,climate_increment,-144631757.01057637
8833,super_stress,PORTFOLIO,climate_increment,519748573.81572264
8834,super_stress,PORTFOLIO,climate_increment,117894767.91122366
8835,super_stress,PORTFOLIO,climate_increment,524439043.62521297
8836,super_stress,PORTFOLIO,climate_increment,111430617.56261007
8837,super_stress,PORTFOLIO,climate_increment,260677175.0155292
8838,super_stress,PORTFOLIO,climate_increment,485461384.6107848
8839,super_stress,PORTFOLIO,climate_increment,532845417.21074545
8840,super_stress,PORTFOLIO,climate_increment,55851220.38995475
8841,super_stress,PORTFOLIO,climate_increment,342213716.4623054
8842,super_stress,PORTFOLIO,climate_increment,435361435.55610394
8843,super_stress,PORTFOLIO,climate_increment,551170088.3226331
8844,super_stress,PORTFOLIO,climate_increment,427558335.78643674
8845,super_stress,PORTFOLIO,climate_increment,854406078.2333639
8846,super_stress,PORTFOLIO,climate_increment,331295204.98034096
8847,super_stress,PORTFOLIO,climate_increment,-6717741.830427552
8848,super_stress,PORTFOLIO,climate_increment,777498122.3012854
8849,super_stress,PORTFOLIO,climate_increment,85829779.72682045
8850,super_stress,PORTFOLIO,climate_increment,804140244.3129879
8851,super_stress,PORTFOLIO,climate_increment,42617145.81089493
8852,super_stress,PORTFOLIO,climate_increment,759658023.5273334
8853,super_stress,PORTFOLIO,climate_increment,581613523.4673334
8854,super_stress,PORTFOLIO,climate_increment,103782073.8755047
8855,super_stress,PORTFOLIO,climate_increment,824379930.5482045
8856,super_stress,PORTFOLIO,climate_increment,499816857.89535433
8857,super_stress,PORTFOLIO,climate_increment,245006575.19204608
8858,super_stress,PORTFOLIO,climate_increment,907226904.5425385
8859,super_stress,PORTFOLIO,climate_increment,336294407.93698555
8860,super_stress,PORTFOLIO,climate_increment,-205180980.2804838
8861,super_stress,PORTFOLIO,climate_increment,284105436.1829372
8862,super_stress,PORTFOLIO,climate_increment,451195306.9556665
8863,super_stress,PORTFOLIO,climate_increment,607483368.001215
8864,super_stress,PORTFOLIO,climate_increment,459877559.8769852
8865,super_stress,PORTFOLIO,climate_increment,886441741.1094506
8866,super_stress,PORTFOLIO,climate_increment,709353956.4569249
8867,super_stress,PORTFOLIO,climate_increment,306404710.89159447
8868,super_stress,PORTFOLIO,climate_increment,360676513.63071555
8869,super_stress,PORTFOLIO,climate_increment,131550967.40568018
8870,super_stress,PORTFOLIO,climate_increment,436803196.0641202
8871,super_stress,PORTFOLIO,climate_increment,836463257.7537594
8872,super_stress,PORTFOLIO,climate_increment,953091472.496521
8873,super_stress,PORTFOLIO,climate_increment,679949084.0468613
8874,super_stress,PORTFOLIO,climate_increment,830670886.9015949
8875,super_stress,PORTFOLIO,climate_increment,320794492.86432606
8876,super_stress,PORTFOLIO,climate_increment,590633230.6419681
8877,super_stress,PORTFOLIO,climate_increment,616901933.3939724
8878,super_stress,PORTFOLIO,climate_increment,182391884.39060184
8879,super_stress,PORTFOLIO,climate_increment,1330993683.5802999
8880,super_stress,PORTFOLIO,climate_increment,845445491.457401
8881,super_stress,PORTFOLIO,climate_increment,510776753.49389243
8882,super_stress,PORTFOLIO,climate_increment,645435731.702659
8883,super_stress,PORTFOLIO,climate_increment,764511284.3254167
8884,super_stress,PORTFOLIO,climate_increment,128327794.12816958
8885,super_stress,PORTFOLIO,climate_increment,438642589.58176166
8886,super_stress,PORTFOLIO,climate_increment,462258228.51780766
8887,super_stress,PORTFOLIO,climate_increment,75284014.2785252
8888,super_stress,PORTFOLIO,climate_increment,469067360.54497355
8889,super_stress,PORTFOLIO,climate_increment,840047825.7479521
8890,super_stress,PORTFOLIO,climate_increment,297913959.5585701
8891,super_stress,PORTFOLIO,climate_increment,589849687.3043275
8892,super_stress,PORTFOLIO,climate_increment,426257072.87460613
8893,super_stress,PORTFOLIO,climate_increment,195727572.295172
8894,super_stress,PORTFOLIO,climate_increment,759133851.096882
8895,super_stress,PORTFOLIO,climate_increment,524767375.41634226
8896,super_stress,PORTFOLIO,climate_increment,-57496341.830724895
8897,super_stress,PORTFOLIO,climate_increment,717257527.929008
8898,super_stress,PORTFOLIO,climate_increment,767223051.8649907
8899,super_stress,PORTFOLIO,climate_increment,480630826.4186187
8900,super_stress,PORTFOLIO,climate_increment,530975208.9741039
8901,super_stress,PORTFOLIO,climate_increment,417271957.56672674
8902,super_stress,PORTFOLIO,climate_increment,660392465.9423743
8903,super_stress,PORTFOLIO,climate_increment,706174237.4471755
8904,super_stress,PORTFOLIO,climate_increment,330270500.08738875
8905,super_stress,PORTFOLIO,climate_increment,1247191731.178071
8906,super_stress,PORTFOLIO,climate_increment,504361059.8056153
8907,super_stress,PORTFOLIO,climate_increment,649741727.8308572
8908,super_stress,PORTFOLIO,climate_increment,288360940.1223019
8909,super_stress,PORTFOLIO,climate_increment,553334311.1933811
8910,super_stress,PORTFOLIO,climate_increment,418645795.3003229
8911,super_stress,PORTFOLIO,climate_increment,449844370.13516164
8912,super_stress,PORTFOLIO,climate_increment,-79866421.80446249
8913,super_stress,PORTFOLIO,climate_increment,603011090.2357167
8914,super_stress,PORTFOLIO,climate_increment,821171014.2646911
8915,super_stress,PORTFOLIO,climate_increment,1008478875.8734626
8916,super_stress,PORTFOLIO,climate_increment,512119097.2934019
8917,super_stress,PORTFOLIO,climate_increment,337664985.51949894
8918,super_stress,PORTFOLIO,climate_increment,828657896.4164135
8919,super_stress,PORTFOLIO,climate_increment,-37473485.92913928
8920,super_stress,PORTFOLIO,climate_increment,489549239.8762173
8921,super_stress,PORTFOLIO,climate_increment,356570949.3950094
8922,super_stress,PORTFOLIO,climate_increment,311988394.8567029
8923,super_stress,PORTFOLIO,climate_increment,320320468.1287775
8924,super_stress,PORTFOLIO,climate_increment,457142558.78653854
8925,super_stress,PORTFOLIO,climate_increment,413400171.96767545
8926,super_stress,PORTFOLIO,climate_increment,506317787.6440181
8927,super_stress,PORTFOLIO,climate_increment,778482923.1488409
8928,super_stress,PORTFOLIO,climate_increment,592373543.853857
8929,super_stress,PORTFOLIO,climate_increment,738995555.2558535
8930,super_stress,PORTFOLIO,climate_increment,479054610.0095002
8931,super_stress,PORTFOLIO,climate_increment,225687903.05850345
8932,super_stress,PORTFOLIO,climate_increment,415225218.74991035
8933,super_stress,PORTFOLIO,climate_increment,321945692.29322183
8934,super_stress,PORTFOLIO,climate_increment,35499673.00976444
8935,super_stress,PORTFOLIO,climate_increment,755720493.457972
8936,super_stress,PORTFOLIO,climate_increment,672317256.2430823
8937,super_stress,PORTFOLIO,climate_increment,756586460.3361673
8938,super_stress,PORTFOLIO,climate_increment,199245789.15903547
8939,super_stress,PORTFOLIO,climate_increment,436269483.6838573
8940,super_stress,PORTFOLIO,climate_increment,602307633.9692129
8941,super_stress,PORTFOLIO,climate_increment,337760761.8901877
8942,super_stress,PORTFOLIO,climate_increment,234814655.6220718
8943,super_stress,PORTFOLIO,climate_increment,597819550.6729709
8944,super_stress,PORTFOLIO,climate_increment,550528679.0315583
8945,super_stress,PORTFOLIO,climate_increment,455669713.51158
8946,super_stress,PORTFOLIO,climate_increment,666904783.2539327
8947,super_stress,PORTFOLIO,climate_increment,-462422301.87860644
8948,super_stress,PORTFOLIO,climate_increment,365982855.5963559
8949,super_stress,PORTFOLIO,climate_increment,208137217.43694898
8950,super_stress,PORTFOLIO,climate_increment,939607103.5366665
8951,super_stress,PORTFOLIO,climate_increment,573809484.5289259
8952,super_stress,PORTFOLIO,climate_increment,205839376.4818815
8953,super_stress,PORTFOLIO,climate_increment,115950663.8391622
8954,super_stress,PORTFOLIO,climate_increment,257205822.16700017
8955,super_stress,PORTFOLIO,climate_increment,316357834.1922054
8956,super_stress,PORTFOLIO,climate_increment,503726750.913186
8957,super_stress,PORTFOLIO,climate_increment,468734594.66486245
8958,super_stress,PORTFOLIO,climate_increment,171568662.29144892
8959,super_stress,PORTFOLIO,climate_increment,613929779.9360273
8960,super_stress,PORTFOLIO,climate_increment,863888617.0394382
8961,super_stress,PORTFOLIO,climate_increment,137895502.87384793
8962,super_stress,PORTFOLIO,climate_increment,688976626.4296821
8963,super_stress,PORTFOLIO,climate_increment,758462885.1106019
8964,super_stress,PORTFOLIO,climate_increment,64941311.32331384
8965,super_stress,PORTFOLIO,climate_increment,344824869.25152874
8966,super_stress,PORTFOLIO,climate_increment,551835366.0723894
8967,super_stress,PORTFOLIO,climate_increment,732722560.1851575
8968,super_stress,PORTFOLIO,climate_increment,451824695.9422059
8969,super_stress,PORTFOLIO,climate_increment,677921498.8479679
8970,super_stress,PORTFOLIO,climate_increment,87407325.27413113
8971,super_stress,PORTFOLIO,climate_increment,468769488.82570267
8972,super_stress,PORTFOLIO,climate_increment,616560556.1910504
8973,super_stress,PORTFOLIO,climate_increment,483879458.09103024
8974,super_stress,PORTFOLIO,climate_increment,1046953917.3271585
8975,super_stress,PORTFOLIO,climate_increment,502954627.67676526
8976,super_stress,PORTFOLIO,climate_increment,129123366.12269104
8977,super_stress,PORTFOLIO,climate_increment,322368340.54973567
8978,super_stress,PORTFOLIO,climate_increment,507481585.6470921
8979,super_stress,PORTFOLIO,climate_increment,771794612.9378258
8980,super_stress,PORTFOLIO,climate_increment,156626536.12980306
8981,super_stress,PORTFOLIO,climate_increment,844937863.1376814
8982,super_stress,PORTFOLIO,climate_increment,679127512.2471778
8983,super_stress,PORTFOLIO,climate_increment,121983214.03821552
8984,super_stress,PORTFOLIO,climate_increment,834181397.3757586
8985,super_stress,PORTFOLIO,climate_increment,736542542.6588906
8986,super_stress,PORTFOLIO,climate_increment,1062983857.3141428
8987,super_stress,PORTFOLIO,climate_increment,415230528.711083
8988,super_stress,PORTFOLIO,climate_increment,654510458.3989625
8989,super_stress,PORTFOLIO,climate_increment,572139689.4157767
8990,super_stress,PORTFOLIO,climate_increment,369057172.6545913
8991,super_stress,PORTFOLIO,climate_increment,537105222.642471
8992,super_stress,PORTFOLIO,climate_increment,582662939.6617161
8993,super_stress,PORTFOLIO,climate_increment,225137713.34653804
8994,super_stress,PORTFOLIO,climate_increment,403323970.56010294
8995,super_stress,PORTFOLIO,climate_increment,760554950.7305281
8996,super_stress,PORTFOLIO,climate_increment,330024538.13488615
8997,super_stress,PORTFOLIO,climate_increment,568541778.3053592
8998,super_stress,PORTFOLIO,climate_increment,470090176.69263923
8999,super_stress,PORTFOLIO,climate_increment,1071287036.9062264
9000,super_stress,PORTFOLIO,climate_increment,312868521.4938653
9001,super_stress,PORTFOLIO,climate_increment,178690610.1212267
9002,super_stress,PORTFOLIO,climate_increment,429891177.8224717
9003,super_stress,PORTFOLIO,climate_increment,533349636.47089285
9004,super_stress,PORTFOLIO,climate_increment,531503981.6561154
9005,super_stress,PORTFOLIO,climate_increment,430718743.1376615
9006,super_stress,PORTFOLIO,climate_increment,370890792.8665317
9007,super_stress,PORTFOLIO,climate_increment,184901530.98505342
9008,super_stress,PORTFOLIO,climate_increment,181969199.35971972
9009,super_stress,PORTFOLIO,climate_increment,484042815.9622801
9010,super_stress,PORTFOLIO,climate_increment,775937176.9526547
9011,super_stress,PORTFOLIO,climate_increment,976460924.1744255
9012,super_stress,PORTFOLIO,climate_increment,897103456.7475046
9013,super_stress,PORTFOLIO,climate_increment,299375509.7026331
9014,super_stress,PORTFOLIO,climate_increment,1318895467.7231147
9015,super_stress,PORTFOLIO,climate_increment,628095300.3675863
9016,super_stress,PORTFOLIO,climate_increment,851495937.9691101
9017,super_stress,PORTFOLIO,climate_increment,699769604.9004802
9018,super_stress,PORTFOLIO,climate_increment,204689677.46128902
9019,super_stress,PORTFOLIO,climate_increment,379245933.4158048
9020,super_stress,PORTFOLIO,climate_increment,277040092.19357824
9021,super_stress,PORTFOLIO,climate_increment,999179058.9403932
9022,super_stress,PORTFOLIO,climate_increment,782906671.7922579
9023,super_stress,PORTFOLIO,climate_increment,995573265.6778237
9024,super_stress,PORTFOLIO,climate_increment,856935688.943291
9025,super_stress,PORTFOLIO,climate_increment,508363485.76681244
9026,super_stress,PORTFOLIO,climate_increment,450072261.75070727
9027,super_stress,PORTFOLIO,climate_increment,272583322.4919548
9028,super_stress,PORTFOLIO,climate_increment,-29288167.213396337
9029,super_stress,PORTFOLIO,climate_increment,814842179.320585
9030,super_stress,PORTFOLIO,climate_increment,486207247.1065698
9031,super_stress,PORTFOLIO,climate_increment,410260452.29351485
9032,super_stress,PORTFOLIO,climate_increment,309165935.0822571
9033,super_stress,PORTFOLIO,climate_increment,611431094.501673
9034,super_stress,PORTFOLIO,climate_increment,378415134.44254607
9035,super_stress,PORTFOLIO,climate_increment,738927523.1948264
9036,super_stress,PORTFOLIO,climate_increment,1317671316.4169815
9037,super_stress,PORTFOLIO,climate_increment,495893239.41554904
9038,super_stress,PORTFOLIO,climate_increment,315399719.4780973
9039,super_stress,PORTFOLIO,climate_increment,300344989.5959497
9040,super_stress,PORTFOLIO,climate_increment,238527715.17098963
9041,super_stress,PORTFOLIO,climate_increment,495632337.72196585
9042,super_stress,PORTFOLIO,climate_increment,492502144.5084865
9043,super_stress,PORTFOLIO,climate_increment,701955600.4296471
9044,super_stress,PORTFOLIO,climate_increment,999079267.7271196
9045,super_stress,PORTFOLIO,climate_increment,590024196.9329443
9046,super_stress,PORTFOLIO,climate_increment,-163513487.58337566
9047,super_stress,PORTFOLIO,climate_increment,487785500.453212
9048,super_stress,PORTFOLIO,climate_increment,-255547905.0110603
9049,super_stress,PORTFOLIO,climate_increment,356178983.9868185
9050,super_stress,PORTFOLIO,climate_increment,-177059140.36925405
9051,super_stress,PORTFOLIO,climate_increment,576879307.5961783
9052,super_stress,PORTFOLIO,climate_increment,947827653.7649559
9053,super_stress,PORTFOLIO,climate_increment,219047114.25346804
9054,super_stress,PORTFOLIO,climate_increment,636574288.8420879
9055,super_stress,PORTFOLIO,climate_increment,758643407.506434
9056,super_stress,PORTFOLIO,climate_increment,664103359.4094296
9057,super_stress,PORTFOLIO,climate_increment,60448592.79372576
9058,super_stress,PORTFOLIO,climate_increment,737488154.4094684
9059,super_stress,PORTFOLIO,climate_increment,118373373.09382607
9060,super_stress,PORTFOLIO,climate_increment,834801298.0090941
9061,super_stress,PORTFOLIO,climate_increment,417825719.68033206
9062,super_stress,PORTFOLIO,climate_increment,1038744335.3987509
9063,super_stress,PORTFOLIO,climate_increment,478732512.02891165
9064,super_stress,PORTFOLIO,climate_increment,863885649.1701525
9065,super_stress,PORTFOLIO,climate_increment,78577753.20342207
9066,super_stress,PORTFOLIO,climate_increment,-12076555.565265562
9067,super_stress,PORTFOLIO,climate_increment,277529199.5173656
9068,super_stress,PORTFOLIO,climate_increment,1400622922.9784436
9069,super_stress,PORTFOLIO,climate_increment,719705317.8223209
9070,super_stress,PORTFOLIO,climate_increment,291353907.21308184
9071,super_stress,PORTFOLIO,climate_increment,1004209759.0585049
9072,super_stress,PORTFOLIO,climate_increment,232343381.7518742
9073,super_stress,PORTFOLIO,climate_increment,636399674.8293048
9074,super_stress,PORTFOLIO,climate_increment,754394469.1344961
9075,super_stress,PORTFOLIO,climate_increment,660965970.4893162
9076,super_stress,PORTFOLIO,climate_increment,465129322.4317454
9077,super_stress,PORTFOLIO,climate_increment,261231116.89587823
9078,super_stress,PORTFOLIO,climate_increment,98211154.19238842
9079,super_stress,PORTFOLIO,climate_increment,211683584.38897258
9080,super_stress,PORTFOLIO,climate_increment,337033036.23197085
9081,super_stress,PORTFOLIO,climate_increment,263103488.13583273
9082,super_stress,PORTFOLIO,climate_increment,637009558.1836439
9083,super_stress,PORTFOLIO,climate_increment,519423425.6430811
9084,super_stress,PORTFOLIO,climate_increment,1003110090.729933
9085,super_stress,PORTFOLIO,climate_increment,737849377.641923
9086,super_stress,PORTFOLIO,climate_increment,514633411.1180881
9087,super_stress,PORTFOLIO,climate_increment,235042072.6682521
9088,super_stress,PORTFOLIO,climate_increment,542370729.0142188
9089,super_stress,PORTFOLIO,climate_increment,-8483245.129122378
9090,super_stress,PORTFOLIO,climate_increment,150075532.99322346
9091,super_stress,PORTFOLIO,climate_increment,873227859.5105722
9092,super_stress,PORTFOLIO,climate_increment,336207137.7778047
9093,super_stress,PORTFOLIO,climate_increment,377856179.0343545
9094,super_stress,PORTFOLIO,climate_increment,494959859.7466187
9095,super_stress,PORTFOLIO,climate_increment,414363920.9487581
9096,super_stress,PORTFOLIO,climate_increment,242284222.56005833
9097,super_stress,PORTFOLIO,climate_increment,462847420.70136714
9098,super_stress,PORTFOLIO,climate_increment,488225368.9804293
9099,super_stress,PORTFOLIO,climate_increment,7851720.804058427
9100,super_stress,PORTFOLIO,climate_increment,1560334085.6027772
9101,super_stress,PORTFOLIO,climate_increment,725688265.6164026
9102,super_stress,PORTFOLIO,climate_increment,562978530.0865222
9103,super_stress,PORTFOLIO,climate_increment,909219490.2219154
9104,super_stress,PORTFOLIO,climate_increment,149182223.47202364
9105,super_stress,PORTFOLIO,climate_increment,488661913.4801324
9106,super_stress,PORTFOLIO,climate_increment,178613436.14083943
9107,super_stress,PORTFOLIO,climate_increment,219190196.05154487
9108,super_stress,PORTFOLIO,climate_increment,421023641.60131514
9109,super_stress,PORTFOLIO,climate_increment,351620656.50362957
9110,super_stress,PORTFOLIO,climate_increment,970620848.2084165
9111,super_stress,PORTFOLIO,climate_increment,686388379.0119553
9112,super_stress,PORTFOLIO,climate_increment,382979042.0137578
9113,super_stress,PORTFOLIO,climate_increment,289536449.3226255
9114,super_stress,PORTFOLIO,climate_increment,346786203.14169085
9115,super_stress,PORTFOLIO,climate_increment,445664335.2670536
9116,super_stress,PORTFOLIO,climate_increment,1180228882.028305
9117,super_stress,PORTFOLIO,climate_increment,591424814.9527768
9118,super_stress,PORTFOLIO,climate_increment,620136182.0180274
9119,super_stress,PORTFOLIO,climate_increment,301243855.8143179
9120,super_stress,PORTFOLIO,climate_increment,479548174.08425623
9121,super_stress,PORTFOLIO,climate_increment,482590659.9357439
9122,super_stress,PORTFOLIO,climate_increment,484518644.6120003
9123,super_stress,PORTFOLIO,climate_increment,-112467707.38438666
9124,super_stress,PORTFOLIO,climate_increment,947556720.6349837
9125,super_stress,PORTFOLIO,climate_increment,155509841.3194272
9126,super_stress,PORTFOLIO,climate_increment,7742857.0045972
9127,super_stress,PORTFOLIO,climate_increment,281379131.4064374
9128,super_stress,PORTFOLIO,climate_increment,602600347.3748823
9129,super_stress,PORTFOLIO,climate_increment,253233997.5281134
9130,super_stress,PORTFOLIO,climate_increment,517347461.34408736
9131,super_stress,PORTFOLIO,climate_increment,-98550741.87220088
9132,super_stress,PORTFOLIO,climate_increment,121290396.42241313
9133,super_stress,PORTFOLIO,climate_increment,193230054.39225936
9134,super_stress,PORTFOLIO,climate_increment,580625104.8958359
9135,super_stress,PORTFOLIO,climate_increment,568771148.7929661
9136,super_stress,PORTFOLIO,climate_increment,827817079.15107
9137,super_stress,PORTFOLIO,climate_increment,489838919.61355877
9138,super_stress,PORTFOLIO,climate_increment,684100247.0573289
9139,super_stress,PORTFOLIO,climate_increment,629652930.3007082
9140,super_stress,PORTFOLIO,climate_increment,314589335.4044003
9141,super_stress,PORTFOLIO,climate_increment,551844088.987821
9142,super_stress,PORTFOLIO,climate_increment,625639924.2893144
9143,super_stress,PORTFOLIO,climate_increment,949466244.9081422
9144,super_stress,PORTFOLIO,climate_increment,545484918.4303875
9145,super_stress,PORTFOLIO,climate_increment,408691815.9711586
9146,super_stress,PORTFOLIO,climate_increment,610994380.5756948
9147,super_stress,PORTFOLIO,climate_increment,-24936619.06859916
9148,super_stress,PORTFOLIO,climate_increment,-63328557.01810021
9149,super_stress,PORTFOLIO,climate_increment,622223930.9105595
9150,super_stress,PORTFOLIO,climate_increment,389535651.05901563
9151,super_stress,PORTFOLIO,climate_increment,868216454.4897985
9152,super_stress,PORTFOLIO,climate_increment,366312804.1097478
9153,super_stress,PORTFOLIO,climate_increment,363137968.81287247
9154,super_stress,PORTFOLIO,climate_increment,511770067.30141485
9155,super_stress,PORTFOLIO,climate_increment,441798991.0295789
9156,super_stress,PORTFOLIO,climate_increment,861900480.4552755
9157,super_stress,PORTFOLIO,climate_increment,390425337.3831935
9158,super_stress,PORTFOLIO,climate_increment,833109149.6403735
9159,super_stress,PORTFOLIO,climate_increment,513708172.6631851
9160,super_stress,PORTFOLIO,climate_increment,825572367.2622626
9161,super_stress,PORTFOLIO,climate_increment,465617016.53324497
9162,super_stress,PORTFOLIO,climate_increment,431714973.4589738
9163,super_stress,PORTFOLIO,climate_increment,1125882671.2030175
9164,super_stress,PORTFOLIO,climate_increment,143677246.62390494
9165,super_stress,PORTFOLIO,climate_increment,647273612.7084459
9166,super_stress,PORTFOLIO,climate_increment,262666871.6021639
9167,super_stress,PORTFOLIO,climate_increment,483807967.80858123
9168,super_stress,PORTFOLIO,climate_increment,535893016.2022882
9169,super_stress,PORTFOLIO,climate_increment,-49366610.91385352
9170,super_stress,PORTFOLIO,climate_increment,608226113.5038189
9171,super_stress,PORTFOLIO,climate_increment,828876312.375056
9172,super_stress,PORTFOLIO,climate_increment,317954462.88063484
9173,super_stress,PORTFOLIO,climate_increment,696115246.9626812
9174,super_stress,PORTFOLIO,climate_increment,415542512.8389418
9175,super_stress,PORTFOLIO,climate_increment,936675513.7875239
9176,super_stress,PORTFOLIO,climate_increment,683222597.125331
9177,super_stress,PORTFOLIO,climate_increment,450588016.7101518
9178,super_stress,PORTFOLIO,climate_increment,595506244.5690863
9179,super_stress,PORTFOLIO,climate_increment,159002421.28938064
9180,super_stress,PORTFOLIO,climate_increment,707484978.5375055
9181,super_stress,PORTFOLIO,climate_increment,199004448.4935119
9182,super_stress,PORTFOLIO,climate_increment,1206500381.898132
9183,super_stress,PORTFOLIO,climate_increment,187304685.04266188
9184,super_stress,PORTFOLIO,climate_increment,504848493.9200688
9185,super_stress,PORTFOLIO,climate_increment,468173660.6239329
9186,super_stress,PORTFOLIO,climate_increment,850753996.3321593
9187,super_stress,PORTFOLIO,climate_increment,493975533.5220039
9188,super_stress,PORTFOLIO,climate_increment,321182177.50408036
9189,super_stress,PORTFOLIO,climate_increment,62084875.34844104
9190,super_stress,PORTFOLIO,climate_increment,987394368.2544112
9191,super_stress,PORTFOLIO,climate_increment,298081698.5846492
9192,super_stress,PORTFOLIO,climate_increment,281848966.128915
9193,super_stress,PORTFOLIO,climate_increment,499662901.1463288
9194,super_stress,PORTFOLIO,climate_increment,405783264.2624141
9195,super_stress,PORTFOLIO,climate_increment,27010392.79636616
9196,super_stress,PORTFOLIO,climate_increment,56985163.159229204
9197,super_stress,PORTFOLIO,climate_increment,42723148.15607216
9198,super_stress,PORTFOLIO,climate_increment,537294523.7000462
9199,super_stress,PORTFOLIO,climate_increment,133281274.63921277
9200,super_stress,PORTFOLIO,climate_increment,448257952.78718436
9201,super_stress,PORTFOLIO,climate_increment,696008449.2737162
9202,super_stress,PORTFOLIO,climate_increment,179817544.51281568
9203,super_stress,PORTFOLIO,climate_increment,512464889.1864827
9204,super_stress,PORTFOLIO,climate_increment,484599642.5014058
9205,super_stress,PORTFOLIO,climate_increment,641283905.8153173
9206,super_stress,PORTFOLIO,climate_increment,233748636.56881827
9207,super_stress,PORTFOLIO,climate_increment,436848070.051721
9208,super_stress,PORTFOLIO,climate_increment,415534433.06006545
9209,super_stress,PORTFOLIO,climate_increment,470126595.48275644
9210,super_stress,PORTFOLIO,climate_increment,327071550.421606
9211,super_stress,PORTFOLIO,climate_increment,898000780.8839873
9212,super_stress,PORTFOLIO,climate_increment,507134129.0165278
9213,super_stress,PORTFOLIO,climate_increment,673733984.0384576
9214,super_stress,PORTFOLIO,climate_increment,968285057.969305
9215,super_stress,PORTFOLIO,climate_increment,546232017.9551688
9216,super_stress,PORTFOLIO,climate_increment,-272727423.0918838
9217,super_stress,PORTFOLIO,climate_increment,761104931.0156555
9218,super_stress,PORTFOLIO,climate_increment,195908726.66649535
9219,super_stress,PORTFOLIO,climate_increment,279836978.9291692
9220,super_stress,PORTFOLIO,climate_increment,153976143.55969998
9221,super_stress,PORTFOLIO,climate_increment,412970270.5809319
9222,super_stress,PORTFOLIO,climate_increment,780910092.3893872
9223,super_stress,PORTFOLIO,climate_increment,-300919291.2983556
9224,super_stress,PORTFOLIO,climate_increment,686280824.2791075
9225,super_stress,PORTFOLIO,climate_increment,760289676.7830803
9226,super_stress,PORTFOLIO,climate_increment,665170114.7243125
9227,super_stress,PORTFOLIO,climate_increment,278596422.0032274
9228,super_stress,PORTFOLIO,climate_increment,352127904.4060046
9229,super_stress,PORTFOLIO,climate_increment,676902659.8285762
9230,super_stress,PORTFOLIO,climate_increment,575251753.5868177
9231,super_stress,PORTFOLIO,climate_increment,337473187.1270437
9232,super_stress,PORTFOLIO,climate_increment,477157294.5186713
9233,super_stress,PORTFOLIO,climate_increment,848204009.4474194
9234,super_stress,PORTFOLIO,climate_increment,1082014540.7829783
9235,super_stress,PORTFOLIO,climate_increment,337581511.23773766
9236,super_stress,PORTFOLIO,climate_increment,129473806.49309659
9237,super_stress,PORTFOLIO,climate_increment,422402050.15767014
9238,super_stress,PORTFOLIO,climate_increment,557424688.4100364
9239,super_stress,PORTFOLIO,climate_increment,603165742.9595912
9240,super_stress,PORTFOLIO,climate_increment,448509301.98410773
9241,super_stress,PORTFOLIO,climate_increment,507469953.30464333
9242,super_stress,PORTFOLIO,climate_increment,-137492213.7342089
9243,super_stress,PORTFOLIO,climate_increment,358924936.99960685
9244,super_stress,PORTFOLIO,climate_increment,427659566.90769887
9245,super_stress,PORTFOLIO,climate_increment,166070077.1879296
9246,super_stress,PORTFOLIO,climate_increment,855346988.9082203
9247,super_stress,PORTFOLIO,climate_increment,485948285.3802112
9248,super_stress,PORTFOLIO,climate_increment,59414202.96583228
9249,super_stress,PORTFOLIO,climate_increment,580143049.0880919
9250,super_stress,PORTFOLIO,climate_increment,246077799.5118263
9251,super_stress,PORTFOLIO,climate_increment,509651159.43772435
9252,super_stress,PORTFOLIO,climate_increment,-7240879.250488443
9253,super_stress,PORTFOLIO,climate_increment,655966786.9436144
9254,super_stress,PORTFOLIO,climate_increment,608534001.2401918
9255,super_stress,PORTFOLIO,climate_increment,-231220883.5940087
9256,super_stress,PORTFOLIO,climate_increment,939431147.666489
9257,super_stress,PORTFOLIO,climate_increment,-84173494.230314
9258,super_stress,PORTFOLIO,climate_increment,529549043.1307719
9259,super_stress,PORTFOLIO,climate_increment,719235333.116884
9260,super_stress,PORTFOLIO,climate_increment,381972700.3215226
9261,super_stress,PORTFOLIO,climate_increment,543463026.5334549
9262,super_stress,PORTFOLIO,climate_increment,719790559.112755
9263,super_stress,PORTFOLIO,climate_increment,478386740.60759366
9264,super_stress,PORTFOLIO,climate_increment,1122571836.2453122
9265,super_stress,PORTFOLIO,climate_increment,590442521.7902918
9266,super_stress,PORTFOLIO,climate_increment,393628056.6082716
9267,super_stress,PORTFOLIO,climate_increment,429948042.8323412
9268,super_stress,PORTFOLIO,climate_increment,360231709.5007173
9269,super_stress,PORTFOLIO,climate_increment,356587192.7538758
9270,super_stress,PORTFOLIO,climate_increment,645112220.0498925
9271,super_stress,PORTFOLIO,climate_increment,502964528.4601907
9272,super_stress,PORTFOLIO,climate_increment,503217720.20115143
9273,super_stress,PORTFOLIO,climate_increment,406254823.4893167
9274,super_stress,PORTFOLIO,climate_increment,943896939.7130498
9275,super_stress,PORTFOLIO,climate_increment,283237182.80000204
9276,super_stress,PORTFOLIO,climate_increment,-22561646.122697473
9277,super_stress,PORTFOLIO,climate_increment,989943091.5885829
9278,super_stress,PORTFOLIO,climate_increment,624273735.9276718
9279,super_stress,PORTFOLIO,climate_increment,587495627.7793744
9280,super_stress,PORTFOLIO,climate_increment,476704793.3867629
9281,super_stress,PORTFOLIO,climate_increment,432743536.0385767
9282,super_stress,PORTFOLIO,climate_increment,677919057.7758594
9283,super_stress,PORTFOLIO,climate_increment,395595873.5814831
9284,super_stress,PORTFOLIO,climate_increment,719813475.4094561
9285,super_stress,PORTFOLIO,climate_increment,663859142.572359
9286,super_stress,PORTFOLIO,climate_increment,449898900.02508813
9287,super_stress,PORTFOLIO,climate_increment,489628877.20796156
9288,super_stress,PORTFOLIO,climate_increment,208251668.09197116
9289,super_stress,PORTFOLIO,climate_increment,640037287.8373557
9290,super_stress,PORTFOLIO,climate_increment,349021806.5543467
9291,super_stress,PORTFOLIO,climate_increment,318680890.4581336
9292,super_stress,PORTFOLIO,climate_increment,422622286.4086425
9293,super_stress,PORTFOLIO,climate_increment,499180250.34835136
9294,super_stress,PORTFOLIO,climate_increment,260954563.0758013
9295,super_stress,PORTFOLIO,climate_increment,234890765.9986919
9296,super_stress,PORTFOLIO,climate_increment,191899092.8267016
9297,super_stress,PORTFOLIO,climate_increment,567522228.1699322
9298,super_stress,PORTFOLIO,climate_increment,352063109.37277275
9299,super_stress,PORTFOLIO,climate_increment,576459575.0186298
9300,super_stress,PORTFOLIO,climate_increment,440991245.67667973
9301,super_stress,PORTFOLIO,climate_increment,432059437.5442891
9302,super_stress,PORTFOLIO,climate_increment,836743530.4775466
9303,super_stress,PORTFOLIO,climate_increment,389837598.2122694
9304,super_stress,PORTFOLIO,climate_increment,657070154.0608721
9305,super_stress,PORTFOLIO,climate_increment,171243093.50860113
9306,super_stress,PORTFOLIO,climate_increment,448416542.07207143
9307,super_stress,PORTFOLIO,climate_increment,500679969.79748523
9308,super_stress,PORTFOLIO,climate_increment,657076657.0131592
9309,super_stress,PORTFOLIO,climate_increment,419466542.75324744
9310,super_stress,PORTFOLIO,climate_increment,357237649.6817869
9311,super_stress,PORTFOLIO,climate_increment,933764028.4581974
9312,super_stress,PORTFOLIO,climate_increment,812264324.1478602
9313,super_stress,PORTFOLIO,climate_increment,143172662.10696056
9314,super_stress,PORTFOLIO,climate_increment,32884391.88871993
9315,super_stress,PORTFOLIO,climate_increment,1524077034.7778082
9316,super_stress,PORTFOLIO,climate_increment,471605378.66970474
9317,super_stress,PORTFOLIO,climate_increment,15748730.840462914
9318,super_stress,PORTFOLIO,climate_increment,670666011.4106503
9319,super_stress,PORTFOLIO,climate_increment,655000088.3526655
9320,super_stress,PORTFOLIO,climate_increment,58586504.644616246
9321,super_stress,PORTFOLIO,climate_increment,446422272.2594776
9322,super_stress,PORTFOLIO,climate_increment,1100674927.2994487
9323,super_stress,PORTFOLIO,climate_increment,364863590.40919024
9324,super_stress,PORTFOLIO,climate_increment,780835063.3263408
9325,super_stress,PORTFOLIO,climate_increment,129645984.5521759
9326,super_stress,PORTFOLIO,climate_increment,620956759.113181
9327,super_stress,PORTFOLIO,climate_increment,478028995.5922321
9328,super_stress,PORTFOLIO,climate_increment,470477709.1997282
9329,super_stress,PORTFOLIO,climate_increment,501564941.5383954
9330,super_stress,PORTFOLIO,climate_increment,277325730.88762385
9331,super_stress,PORTFOLIO,climate_increment,472249605.0622063
9332,super_stress,PORTFOLIO,climate_increment,378295077.3265141
9333,super_stress,PORTFOLIO,climate_increment,560508394.3260579
9334,super_stress,PORTFOLIO,climate_increment,714894603.1387092
9335,super_stress,PORTFOLIO,climate_increment,350765727.04685354
9336,super_stress,PORTFOLIO,climate_increment,156904835.00733742
9337,super_stress,PORTFOLIO,climate_increment,538560846.3006835
9338,super_stress,PORTFOLIO,climate_increment,251403591.9186044
9339,super_stress,PORTFOLIO,climate_increment,773724265.6734269
9340,super_stress,PORTFOLIO,climate_increment,761672386.3839986
9341,super_stress,PORTFOLIO,climate_increment,170364335.66308144
9342,super_stress,PORTFOLIO,climate_increment,310801045.66414523
9343,super_stress,PORTFOLIO,climate_increment,413294437.7890172
9344,super_stress,PORTFOLIO,climate_increment,490063204.64105695
9345,super_stress,PORTFOLIO,climate_increment,496084778.73996454
9346,super_stress,PORTFOLIO,climate_increment,354289198.10314256
9347,super_stress,PORTFOLIO,climate_increment,599597163.2170547
9348,super_stress,PORTFOLIO,climate_increment,839723215.567238
9349,super_stress,PORTFOLIO,climate_increment,274032877.48131603
9350,super_stress,PORTFOLIO,climate_increment,784867331.702203
9351,super_stress,PORTFOLIO,climate_increment,389266287.5505898
9352,super_stress,PORTFOLIO,climate_increment,187986940.87657133
9353,super_stress,PORTFOLIO,climate_increment,968822401.5519377
9354,super_stress,PORTFOLIO,climate_increment,1005956907.1315109
9355,super_stress,PORTFOLIO,climate_increment,211510182.14751756
9356,super_stress,PORTFOLIO,climate_increment,811585600.6304682
9357,super_stress,PORTFOLIO,climate_increment,660393030.5037376
9358,super_stress,PORTFOLIO,climate_increment,711423494.1737832
9359,super_stress,PORTFOLIO,climate_increment,960954754.1731093
9360,super_stress,PORTFOLIO,climate_increment,656480777.3061509
9361,super_stress,PORTFOLIO,climate_increment,251240054.21518657
9362,super_stress,PORTFOLIO,climate_increment,608375823.9074327
9363,super_stress,PORTFOLIO,climate_increment,306357380.99236935
9364,super_stress,PORTFOLIO,climate_increment,588651217.495536
9365,super_stress,PORTFOLIO,climate_increment,-215776593.55365077
9366,super_stress,PORTFOLIO,climate_increment,268324830.55032846
9367,super_stress,PORTFOLIO,climate_increment,491509142.80673456
9368,super_stress,PORTFOLIO,climate_increment,198739704.53636485
9369,super_stress,PORTFOLIO,climate_increment,425688529.7860982
9370,super_stress,PORTFOLIO,climate_increment,1774122066.4339397
9371,super_stress,PORTFOLIO,climate_increment,115735370.54443422
9372,super_stress,PORTFOLIO,climate_increment,765819761.9906464
9373,super_stress,PORTFOLIO,climate_increment,302315714.73371065
9374,super_stress,PORTFOLIO,climate_increment,151403179.58406767
9375,super_stress,PORTFOLIO,climate_increment,223152876.96332505
9376,super_stress,PORTFOLIO,climate_increment,194129505.11926168
9377,super_stress,PORTFOLIO,climate_increment,311682114.0647863
9378,super_stress,PORTFOLIO,climate_increment,862143046.4518373
9379,super_stress,PORTFOLIO,climate_increment,356695382.3497628
9380,super_stress,PORTFOLIO,climate_increment,192857918.93037105
9381,super_stress,PORTFOLIO,climate_increment,685279210.1659989
9382,super_stress,PORTFOLIO,climate_increment,720597785.9438705
9383,super_stress,PORTFOLIO,climate_increment,866020885.1497169
9384,super_stress,PORTFOLIO,climate_increment,238849166.0780245
9385,super_stress,PORTFOLIO,climate_increment,354546046.23504436
9386,super_stress,PORTFOLIO,climate_increment,442074780.96551704
9387,super_stress,PORTFOLIO,climate_increment,499927767.48151475
9388,super_stress,PORTFOLIO,climate_increment,64335498.54268595
9389,super_stress,PORTFOLIO,climate_increment,627424593.1248764
9390,super_stress,PORTFOLIO,climate_increment,213505448.71075863
9391,super_stress,PORTFOLIO,climate_increment,719656758.1288471
9392,super_stress,PORTFOLIO,climate_increment,240388030.2606895
9393,super_stress,PORTFOLIO,climate_increment,-30049935.430213083
9394,super_stress,PORTFOLIO,climate_increment,558433931.1745206
9395,super_stress,PORTFOLIO,climate_increment,208216732.7606308
9396,super_stress,PORTFOLIO,climate_increment,481416565.57315844
9397,super_stress,PORTFOLIO,climate_increment,303322721.22287357
9398,super_stress,PORTFOLIO,climate_increment,520165288.50515556
9399,super_stress,PORTFOLIO,climate_increment,799518429.1876566
9400,super_stress,PORTFOLIO,climate_increment,312818966.7416147
9401,super_stress,PORTFOLIO,climate_increment,455565089.9659811
9402,super_stress,PORTFOLIO,climate_increment,574384398.1958612
9403,super_stress,PORTFOLIO,climate_increment,989133266.0333914
9404,super_stress,PORTFOLIO,climate_increment,273831300.46654075
9405,super_stress,PORTFOLIO,climate_increment,758486347.9680166
9406,super_stress,PORTFOLIO,climate_increment,645083392.456005
9407,super_stress,PORTFOLIO,climate_increment,639370594.6665668
9408,super_stress,PORTFOLIO,climate_increment,926032561.7568713
9409,super_stress,PORTFOLIO,climate_increment,954078578.6227039
9410,super_stress,PORTFOLIO,climate_increment,1189966901.340123
9411,super_stress,PORTFOLIO,climate_increment,497581824.2891416
9412,super_stress,PORTFOLIO,climate_increment,274173188.74138176
9413,super_stress,PORTFOLIO,climate_increment,312129186.4125231
9414,super_stress,PORTFOLIO,climate_increment,547778558.7096776
9415,super_stress,PORTFOLIO,climate_increment,839422763.3648087
9416,super_stress,PORTFOLIO,climate_increment,1099053156.8778148
9417,super_stress,PORTFOLIO,climate_increment,470947702.6687192
9418,super_stress,PORTFOLIO,climate_increment,521110547.5165724
9419,super_stress,PORTFOLIO,climate_increment,118836895.17564292
9420,super_stress,PORTFOLIO,climate_increment,377643392.1942159
9421,super_stress,PORTFOLIO,climate_increment,351654665.02000946
9422,super_stress,PORTFOLIO,climate_increment,871400968.96663
9423,super_stress,PORTFOLIO,climate_increment,-86882089.42014588
9424,super_stress,PORTFOLIO,climate_increment,385943295.5972754
9425,super_stress,PORTFOLIO,climate_increment,406690961.1921917
9426,super_stress,PORTFOLIO,climate_increment,43599884.21412486
9427,super_stress,PORTFOLIO,climate_increment,394636667.20571744
9428,super_stress,PORTFOLIO,climate_increment,358570738.29127157
9429,super_stress,PORTFOLIO,climate_increment,469567024.15318936
9430,super_stress,PORTFOLIO,climate_increment,437116079.7672491
9431,super_stress,PORTFOLIO,climate_increment,197274231.4898521
9432,super_stress,PORTFOLIO,climate_increment,561862353.4090226
9433,super_stress,PORTFOLIO,climate_increment,1223661738.972493
9434,super_stress,PORTFOLIO,climate_increment,526274647.8333912
9435,super_stress,PORTFOLIO,climate_increment,395727661.44815606
9436,super_stress,PORTFOLIO,climate_increment,329787488.5068065
9437,super_stress,PORTFOLIO,climate_increment,312232704.73174495
9438,super_stress,PORTFOLIO,climate_increment,710255144.5689284
9439,super_stress,PORTFOLIO,climate_increment,243020255.48425877
9440,super_stress,PORTFOLIO,climate_increment,512493195.1544397
9441,super_stress,PORTFOLIO,climate_increment,-246288237.1425596
9442,super_stress,PORTFOLIO,climate_increment,265533484.02949524
9443,super_stress,PORTFOLIO,climate_increment,468861511.7952964
9444,super_stress,PORTFOLIO,climate_increment,171324771.00033528
9445,super_stress,PORTFOLIO,climate_increment,925558108.8223487
9446,super_stress,PORTFOLIO,climate_increment,783817468.0378895
9447,super_stress,PORTFOLIO,climate_increment,553041113.5871135
9448,super_stress,PORTFOLIO,climate_increment,1076069856.2909749
9449,super_stress,PORTFOLIO,climate_increment,506230709.4550569
9450,super_stress,PORTFOLIO,climate_increment,125871617.55027047
9451,super_stress,PORTFOLIO,climate_increment,617687759.4654425
9452,super_stress,PORTFOLIO,climate_increment,450521425.8101689
9453,super_stress,PORTFOLIO,climate_increment,349816519.0780862
9454,super_stress,PORTFOLIO,climate_increment,1005567267.6698157
9455,super_stress,PORTFOLIO,climate_increment,195493515.64004594
9456,super_stress,PORTFOLIO,climate_increment,644136627.5907022
9457,super_stress,PORTFOLIO,climate_increment,439801949.4460531
9458,super_stress,PORTFOLIO,climate_increment,204785866.65510908
9459,super_stress,PORTFOLIO,climate_increment,717750031.2732629
9460,super_stress,PORTFOLIO,climate_increment,851516297.2117766
9461,super_stress,PORTFOLIO,climate_increment,394247934.14970183
9462,super_stress,PORTFOLIO,climate_increment,358103492.66937304
9463,super_stress,PORTFOLIO,climate_increment,36062979.3526676
9464,super_stress,PORTFOLIO,climate_increment,222051089.92886016
9465,super_stress,PORTFOLIO,climate_increment,99340811.38982067
9466,super_stress,PORTFOLIO,climate_increment,496901334.5251417
9467,super_stress,PORTFOLIO,climate_increment,631404302.7943348
9468,super_stress,PORTFOLIO,climate_increment,368847176.40876836
9469,super_stress,PORTFOLIO,climate_increment,264964180.27736437
9470,super_stress,PORTFOLIO,climate_increment,-175583829.89233062
9471,super_stress,PORTFOLIO,climate_increment,581911837.832724
9472,super_stress,PORTFOLIO,climate_increment,369516692.84690756
9473,super_stress,PORTFOLIO,climate_increment,141712983.13243097
9474,super_stress,PORTFOLIO,climate_increment,444817137.822062
9475,super_stress,PORTFOLIO,climate_increment,1490174273.6865656
9476,super_stress,PORTFOLIO,climate_increment,260775495.1264036
9477,super_stress,PORTFOLIO,climate_increment,317348108.14102185
9478,super_stress,PORTFOLIO,climate_increment,539742589.5229619
9479,super_stress,PORTFOLIO,climate_increment,261018817.5091711
9480,super_stress,PORTFOLIO,climate_increment,268109992.42012838
9481,super_stress,PORTFOLIO,climate_increment,300481833.22214806
9482,super_stress,PORTFOLIO,climate_increment,248408653.4976366
9483,super_stress,PORTFOLIO,climate_increment,576695808.9007494
9484,super_stress,PORTFOLIO,climate_increment,667729395.0277166
9485,super_stress,PORTFOLIO,climate_increment,470017466.4721722
9486,super_stress,PORTFOLIO,climate_increment,584425594.1924967
9487,super_stress,PORTFOLIO,climate_increment,673281006.5904137
9488,super_stress,PORTFOLIO,climate_increment,224844700.0359719
9489,super_stress,PORTFOLIO,climate_increment,915487732.2371386
9490,super_stress,PORTFOLIO,climate_increment,421051488.8120175
9491,super_stress,PORTFOLIO,climate_increment,208981958.32516497
9492,super_stress,PORTFOLIO,climate_increment,860668431.4503263
9493,super_stress,PORTFOLIO,climate_increment,587952561.7862245
9494,super_stress,PORTFOLIO,climate_increment,796230175.6378646
9495,super_stress,PORTFOLIO,climate_increment,397178377.0225886
9496,super_stress,PORTFOLIO,climate_increment,765411514.005921
9497,super_stress,PORTFOLIO,climate_increment,1099235015.4229386
9498,super_stress,PORTFOLIO,climate_increment,1078923967.602905
9499,super_stress,PORTFOLIO,climate_increment,444161262.3843604
9500,super_stress,PORTFOLIO,climate_increment,98498317.51043485
9501,super_stress,PORTFOLIO,climate_increment,170823654.80797994
9502,super_stress,PORTFOLIO,climate_increment,350683395.936616
9503,super_stress,PORTFOLIO,climate_increment,685689167.1504964
9504,super_stress,PORTFOLIO,climate_increment,551968419.3420383
9505,super_stress,PORTFOLIO,climate_increment,809930425.5084486
9506,super_stress,PORTFOLIO,climate_increment,76483942.96955563
9507,super_stress,PORTFOLIO,climate_increment,545156064.8257601
9508,super_stress,PORTFOLIO,climate_increment,238084862.4009669
9509,super_stress,PORTFOLIO,climate_increment,133374296.25521795
9510,super_stress,PORTFOLIO,climate_increment,418519829.2982211
9511,super_stress,PORTFOLIO,climate_increment,736208263.6471868
9512,super_stress,PORTFOLIO,climate_increment,790294864.0745701
9513,super_stress,PORTFOLIO,climate_increment,541009139.3190762
9514,super_stress,PORTFOLIO,climate_increment,393398729.1610057
9515,super_stress,PORTFOLIO,climate_increment,440285219.2966235
9516,super_stress,PORTFOLIO,climate_increment,167483572.0690058
9517,super_stress,PORTFOLIO,climate_increment,549529521.2713383
9518,super_stress,PORTFOLIO,climate_increment,535685199.30082107
9519,super_stress,PORTFOLIO,climate_increment,794015791.304348
9520,super_stress,PORTFOLIO,climate_increment,396833646.3288067
9521,super_stress,PORTFOLIO,climate_increment,-378494603.85549927
9522,super_stress,PORTFOLIO,climate_increment,-166884084.93867153
9523,super_stress,PORTFOLIO,climate_increment,755156116.3058416
9524,super_stress,PORTFOLIO,climate_increment,518164146.00928205
9525,super_stress,PORTFOLIO,climate_increment,320342514.413553
9526,super_stress,PORTFOLIO,climate_increment,443293584.7310173
9527,super_stress,PORTFOLIO,climate_increment,675693011.1845025
9528,super_stress,PORTFOLIO,climate_increment,713820586.1363775
9529,super_stress,PORTFOLIO,climate_increment,111235500.00678977
9530,super_stress,PORTFOLIO,climate_increment,180960867.52547103
9531,super_stress,PORTFOLIO,climate_increment,35853100.490491904
9532,super_stress,PORTFOLIO,climate_increment,357227664.64025265
9533,super_stress,PORTFOLIO,climate_increment,523100743.1610929
9534,super_stress,PORTFOLIO,climate_increment,312335605.63263524
9535,super_stress,PORTFOLIO,climate_increment,844433350.7945702
9536,super_stress,PORTFOLIO,climate_increment,691189195.8985469
9537,super_stress,PORTFOLIO,climate_increment,282620584.37759787
9538,super_stress,PORTFOLIO,climate_increment,528206912.22590876
9539,super_stress,PORTFOLIO,climate_increment,1119589629.057347
9540,super_stress,PORTFOLIO,climate_increment,-292369088.4428219
9541,super_stress,PORTFOLIO,climate_increment,323712735.26954097
9542,super_stress,PORTFOLIO,climate_increment,218797247.7780744
9543,super_stress,PORTFOLIO,climate_increment,864968619.5488067
9544,super_stress,PORTFOLIO,climate_increment,-228043799.6527719
9545,super_stress,PORTFOLIO,climate_increment,582441612.6399405
9546,super_stress,PORTFOLIO,climate_increment,327087434.8698848
9547,super_stress,PORTFOLIO,climate_increment,713891371.6852674
9548,super_stress,PORTFOLIO,climate_increment,230324965.62525553
9549,super_stress,PORTFOLIO,climate_increment,597687536.8019693
9550,super_stress,PORTFOLIO,climate_increment,469178024.13826376
9551,super_stress,PORTFOLIO,climate_increment,425924752.2883548
9552,super_stress,PORTFOLIO,climate_increment,930551884.4663086
9553,super_stress,PORTFOLIO,climate_increment,1028590761.5882534
9554,super_stress,PORTFOLIO,climate_increment,1292561425.366266
9555,super_stress,PORTFOLIO,climate_increment,460551727.7050811
9556,super_stress,PORTFOLIO,climate_increment,279758773.120402
9557,super_stress,PORTFOLIO,climate_increment,928500448.086994
9558,super_stress,PORTFOLIO,climate_increment,1719786721.3786092
9559,super_stress,PORTFOLIO,climate_increment,548420374.7840108
9560,super_stress,PORTFOLIO,climate_increment,798488857.9121696
9561,super_stress,PORTFOLIO,climate_increment,667446801.7418257
9562,super_stress,PORTFOLIO,climate_increment,553339720.8576514
9563,super_stress,PORTFOLIO,climate_increment,1168568310.0511844
9564,super_stress,PORTFOLIO,climate_increment,153842912.81805602
9565,super_stress,PORTFOLIO,climate_increment,689006695.9962869
9566,super_stress,PORTFOLIO,climate_increment,614664981.4394127
9567,super_stress,PORTFOLIO,climate_increment,517983120.399562
9568,super_stress,PORTFOLIO,climate_increment,341944112.34026295
9569,super_stress,PORTFOLIO,climate_increment,1164817124.2471533
9570,super_stress,PORTFOLIO,climate_increment,709945314.6916322
9571,super_stress,PORTFOLIO,climate_increment,801671334.3881279
9572,super_stress,PORTFOLIO,climate_increment,1015290783.5010765
9573,super_stress,PORTFOLIO,climate_increment,525862912.2865057
9574,super_stress,PORTFOLIO,climate_increment,579529910.7793264
9575,super_stress,PORTFOLIO,climate_increment,599619746.7399213
9576,super_stress,PORTFOLIO,climate_increment,634027512.3808844
9577,super_stress,PORTFOLIO,climate_increment,181821763.6815306
9578,super_stress,PORTFOLIO,climate_increment,337318000.15520334
9579,super_stress,PORTFOLIO,climate_increment,-39315913.74587203
9580,super_stress,PORTFOLIO,climate_increment,636595239.4614154
9581,super_stress,PORTFOLIO,climate_increment,808323888.4624374
9582,super_stress,PORTFOLIO,climate_increment,377414002.3069719
9583,super_stress,PORTFOLIO,climate_increment,71167123.58041903
9584,super_stress,PORTFOLIO,climate_increment,500564149.80614614
9585,super_stress,PORTFOLIO,climate_increment,238636383.58836922
9586,super_stress,PORTFOLIO,climate_increment,419272781.25875473
9587,super_stress,PORTFOLIO,climate_increment,648811653.2126359
9588,super_stress,PORTFOLIO,climate_increment,713854393.9402952
9589,super_stress,PORTFOLIO,climate_increment,619439519.0617954
9590,super_stress,PORTFOLIO,climate_increment,717598319.7493366
9591,super_stress,PORTFOLIO,climate_increment,346269845.478133
9592,super_stress,PORTFOLIO,climate_increment,486219424.26044613
9593,super_stress,PORTFOLIO,climate_increment,657788686.8202358
9594,super_stress,PORTFOLIO,climate_increment,256305973.50823966
9595,super_stress,PORTFOLIO,climate_increment,449792508.1893265
9596,super_stress,PORTFOLIO,climate_increment,293275323.2691844
9597,super_stress,PORTFOLIO,climate_increment,198125327.32485092
9598,super_stress,PORTFOLIO,climate_increment,259277128.18911743
9599,super_stress,PORTFOLIO,climate_increment,714659902.8928995
9600,super_stress,PORTFOLIO,climate_increment,377690811.91498125
9601,super_stress,PORTFOLIO,climate_increment,603765551.255844
9602,super_stress,PORTFOLIO,climate_increment,341233002.89858395
9603,super_stress,PORTFOLIO,climate_increment,464613128.30263484
9604,super_stress,PORTFOLIO,climate_increment,406564128.38907474
9605,super_stress,PORTFOLIO,climate_increment,322008260.63965297
9606,super_stress,PORTFOLIO,climate_increment,1027860893.7262117
9607,super_stress,PORTFOLIO,climate_increment,909243802.5753342
9608,super_stress,PORTFOLIO,climate_increment,653708851.1940899
9609,super_stress,PORTFOLIO,climate_increment,515844158.0906963
9610,super_stress,PORTFOLIO,climate_increment,223891256.52224112
9611,super_stress,PORTFOLIO,climate_increment,789241432.0739676
9612,super_stress,PORTFOLIO,climate_increment,555119533.3171098
9613,super_stress,PORTFOLIO,climate_increment,907268940.2569563
9614,super_stress,PORTFOLIO,climate_increment,929264419.6379902
9615,super_stress,PORTFOLIO,climate_increment,238963892.74887273
9616,super_stress,PORTFOLIO,climate_increment,545627181.1559699
9617,super_stress,PORTFOLIO,climate_increment,845452982.2830153
9618,super_stress,PORTFOLIO,climate_increment,291746418.8985317
9619,super_stress,PORTFOLIO,climate_increment,716867457.0222013
9620,super_stress,PORTFOLIO,climate_increment,263647727.12478173
9621,super_stress,PORTFOLIO,climate_increment,-31699197.29388852
9622,super_stress,PORTFOLIO,climate_increment,573300203.3362522
9623,super_stress,PORTFOLIO,climate_increment,143693783.95277292
9624,super_stress,PORTFOLIO,climate_increment,585815257.3926373
9625,super_stress,PORTFOLIO,climate_increment,593080999.1453356
9626,super_stress,PORTFOLIO,climate_increment,286837205.76708364
9627,super_stress,PORTFOLIO,climate_increment,564944856.9646485
9628,super_stress,PORTFOLIO,climate_increment,554930532.5517046
9629,super_stress,PORTFOLIO,climate_increment,260542186.00517303
9630,super_stress,PORTFOLIO,climate_increment,676538216.8855392
9631,super_stress,PORTFOLIO,climate_increment,290130713.843529
9632,super_stress,PORTFOLIO,climate_increment,319369332.5252175
9633,super_stress,PORTFOLIO,climate_increment,517718079.88739157
9634,super_stress,PORTFOLIO,climate_increment,201194860.6977674
9635,super_stress,PORTFOLIO,climate_increment,680568894.8848708
9636,super_stress,PORTFOLIO,climate_increment,439896513.6137455
9637,super_stress,PORTFOLIO,climate_increment,859187131.4640678
9638,super_stress,PORTFOLIO,climate_increment,427423036.6980982
9639,super_stress,PORTFOLIO,climate_increment,456336505.62866
9640,super_stress,PORTFOLIO,climate_increment,848000964.8772879
9641,super_stress,PORTFOLIO,climate_increment,664472001.8845824
9642,super_stress,PORTFOLIO,climate_increment,608390683.779226
9643,super_stress,PORTFOLIO,climate_increment,810566715.6334015
9644,super_stress,PORTFOLIO,climate_increment,401345233.11831367
9645,super_stress,PORTFOLIO,climate_increment,684098400.81828
9646,super_stress,PORTFOLIO,climate_increment,478631755.2165533
9647,super_stress,PORTFOLIO,climate_increment,663064502.9553512
9648,super_stress,PORTFOLIO,climate_increment,771801890.1648197
9649,super_stress,PORTFOLIO,climate_increment,546782906.522649
9650,super_stress,PORTFOLIO,climate_increment,947056627.294192
9651,super_stress,PORTFOLIO,climate_increment,617360880.836273
9652,super_stress,PORTFOLIO,climate_increment,380163580.45365167
9653,super_stress,PORTFOLIO,climate_increment,95302050.12918493
9654,super_stress,PORTFOLIO,climate_increment,695708183.9888867
9655,super_stress,PORTFOLIO,climate_increment,913054152.8692487
9656,super_stress,PORTFOLIO,climate_increment,-178292974.26184243
9657,super_stress,PORTFOLIO,climate_increment,213688851.89821488
9658,super_stress,PORTFOLIO,climate_increment,117764693.97210872
9659,super_stress,PORTFOLIO,climate_increment,683045451.6771044
9660,super_stress,PORTFOLIO,climate_increment,829935419.1119497
9661,super_stress,PORTFOLIO,climate_increment,463273901.49609166
9662,super_stress,PORTFOLIO,climate_increment,-20330936.551756993
9663,super_stress,PORTFOLIO,climate_increment,450671026.0028876
9664,super_stress,PORTFOLIO,climate_increment,-333501529.1570889
9665,super_stress,PORTFOLIO,climate_increment,326935663.9327128
9666,super_stress,PORTFOLIO,climate_increment,198631556.2788184
9667,super_stress,PORTFOLIO,climate_increment,594659492.2206465
9668,super_stress,PORTFOLIO,climate_increment,498730360.27915794
9669,super_stress,PORTFOLIO,climate_increment,625966087.5362403
9670,super_stress,PORTFOLIO,climate_increment,619272712.2575747
9671,super_stress,PORTFOLIO,climate_increment,124981850.75294651
9672,super_stress,PORTFOLIO,climate_increment,1093645965.5701632
9673,super_stress,PORTFOLIO,climate_increment,323458761.68295985
9674,super_stress,PORTFOLIO,climate_increment,276017916.8137904
9675,super_stress,PORTFOLIO,climate_increment,444272813.76858234
9676,super_stress,PORTFOLIO,climate_increment,179288984.57941613
9677,super_stress,PORTFOLIO,climate_increment,914954842.1160971
9678,super_stress,PORTFOLIO,climate_increment,322451593.5623857
9679,super_stress,PORTFOLIO,climate_increment,1003397598.2799202
9680,super_stress,PORTFOLIO,climate_increment,110569341.82489304
9681,super_stress,PORTFOLIO,climate_increment,114312991.28054363
9682,super_stress,PORTFOLIO,climate_increment,160571239.04609114
9683,super_stress,PORTFOLIO,climate_increment,764201778.8937955
9684,super_stress,PORTFOLIO,climate_increment,673949791.2819407
9685,super_stress,PORTFOLIO,climate_increment,460645812.09806365
9686,super_stress,PORTFOLIO,climate_increment,283193889.16814667
9687,super_stress,PORTFOLIO,climate_increment,511459357.6473
9688,super_stress,PORTFOLIO,climate_increment,322320774.7048801
9689,super_stress,PORTFOLIO,climate_increment,1198952109.9431262
9690,super_stress,PORTFOLIO,climate_increment,591390017.7308475
9691,super_stress,PORTFOLIO,climate_increment,778384823.8261662
9692,super_stress,PORTFOLIO,climate_increment,563513972.157051
9693,super_stress,PORTFOLIO,climate_increment,283389963.1782145
9694,super_stress,PORTFOLIO,climate_increment,722819726.6670226
9695,super_stress,PORTFOLIO,climate_increment,487841681.2006758
9696,super_stress,PORTFOLIO,climate_increment,443608238.2927976
9697,super_stress,PORTFOLIO,climate_increment,513462759.8360324
9698,super_stress,PORTFOLIO,climate_increment,567945106.0048412
9699,super_stress,PORTFOLIO,climate_increment,513697795.1793332
9700,super_stress,PORTFOLIO,climate_increment,538123.5197758267
9701,super_stress,PORTFOLIO,climate_increment,589251794.4966813
9702,super_stress,PORTFOLIO,climate_increment,63066400.11907438
9703,super_stress,PORTFOLIO,climate_increment,538863874.2667449
9704,super_stress,PORTFOLIO,climate_increment,652959852.2884582
9705,super_stress,PORTFOLIO,climate_increment,886294244.035661
9706,super_stress,PORTFOLIO,climate_increment,179630819.82278195
9707,super_stress,PORTFOLIO,climate_increment,246315539.87645093
9708,super_stress,PORTFOLIO,climate_increment,223348191.45488814
9709,super_stress,PORTFOLIO,climate_increment,234914791.4226671
9710,super_stress,PORTFOLIO,climate_increment,101439808.7930602
9711,super_stress,PORTFOLIO,climate_increment,1233197967.37248
9712,super_stress,PORTFOLIO,climate_increment,494260208.54368037
9713,super_stress,PORTFOLIO,climate_increment,330664084.6795855
9714,super_stress,PORTFOLIO,climate_increment,1026938824.4727911
9715,super_stress,PORTFOLIO,climate_increment,525147708.9199868
9716,super_stress,PORTFOLIO,climate_increment,983809652.1499299
9717,super_stress,PORTFOLIO,climate_increment,298396245.7832386
9718,super_stress,PORTFOLIO,climate_increment,739067808.6276995
9719,super_stress,PORTFOLIO,climate_increment,461752768.94604856
9720,super_stress,PORTFOLIO,climate_increment,500356364.0230637
9721,super_stress,PORTFOLIO,climate_increment,817433788.4087653
9722,super_stress,PORTFOLIO,climate_increment,380916538.3355459
9723,super_stress,PORTFOLIO,climate_increment,486337826.375277
9724,super_stress,PORTFOLIO,climate_increment,467226160.29089195
9725,super_stress,PORTFOLIO,climate_increment,689715483.2096926
9726,super_stress,PORTFOLIO,climate_increment,948393008.3117653
9727,super_stress,PORTFOLIO,climate_increment,34583821.24562392
9728,super_stress,PORTFOLIO,climate_increment,-100436422.98600699
9729,super_stress,PORTFOLIO,climate_increment,514012921.0610787
9730,super_stress,PORTFOLIO,climate_increment,-87639554.84299815
9731,super_stress,PORTFOLIO,climate_increment,1077590053.8627052
9732,super_stress,PORTFOLIO,climate_increment,674530497.4633867
9733,super_stress,PORTFOLIO,climate_increment,117193255.77735576
9734,super_stress,PORTFOLIO,climate_increment,504587279.04905635
9735,super_stress,PORTFOLIO,climate_increment,1096493644.4640768
9736,super_stress,PORTFOLIO,climate_increment,329077116.9424763
9737,super_stress,PORTFOLIO,climate_increment,391021033.2251102
9738,super_stress,PORTFOLIO,climate_increment,58747031.518120125
9739,super_stress,PORTFOLIO,climate_increment,461960197.7126256
9740,super_stress,PORTFOLIO,climate_increment,804350910.9912825
9741,super_stress,PORTFOLIO,climate_increment,621289350.4412258
9742,super_stress,PORTFOLIO,climate_increment,-33465009.494694043
9743,super_stress,PORTFOLIO,climate_increment,391770638.6625451
9744,super_stress,PORTFOLIO,climate_increment,1083639558.1386142
9745,super_stress,PORTFOLIO,climate_increment,443330029.90687907
9746,super_stress,PORTFOLIO,climate_increment,1381422041.6501226
9747,super_stress,PORTFOLIO,climate_increment,96182670.78537773
9748,super_stress,PORTFOLIO,climate_increment,673392076.474531
9749,super_stress,PORTFOLIO,climate_increment,600793834.4361142
9750,super_stress,PORTFOLIO,climate_increment,325125493.48022026
9751,super_stress,PORTFOLIO,climate_increment,236374331.5127093
9752,super_stress,PORTFOLIO,climate_increment,232102202.12245452
9753,super_stress,PORTFOLIO,climate_increment,656001728.1645796
9754,super_stress,PORTFOLIO,climate_increment,358744506.1780573
9755,super_stress,PORTFOLIO,climate_increment,284208543.9134437
9756,super_stress,PORTFOLIO,climate_increment,910084932.3272274
9757,super_stress,PORTFOLIO,climate_increment,1075148533.235818
9758,super_stress,PORTFOLIO,climate_increment,815715425.9622462
9759,super_stress,PORTFOLIO,climate_increment,293972700.92070156
9760,super_stress,PORTFOLIO,climate_increment,135989860.50583607
9761,super_stress,PORTFOLIO,climate_increment,475268619.1726094
9762,super_stress,PORTFOLIO,climate_increment,716373161.3597431
9763,super_stress,PORTFOLIO,climate_increment,389750113.696625
9764,super_stress,PORTFOLIO,climate_increment,747014079.6879741
9765,super_stress,PORTFOLIO,climate_increment,718012941.2633892
9766,super_stress,PORTFOLIO,climate_increment,1096037692.7686505
9767,super_stress,PORTFOLIO,climate_increment,633591812.8363026
9768,super_stress,PORTFOLIO,climate_increment,520252793.9208919
9769,super_stress,PORTFOLIO,climate_increment,1069902620.7964952
9770,super_stress,PORTFOLIO,climate_increment,437819389.7858043
9771,super_stress,PORTFOLIO,climate_increment,364394802.6156365
9772,super_stress,PORTFOLIO,climate_increment,515603923.49704456
9773,super_stress,PORTFOLIO,climate_increment,727083206.4154019
9774,super_stress,PORTFOLIO,climate_increment,-63148907.060281456
9775,super_stress,PORTFOLIO,climate_increment,387708758.9326738
9776,super_stress,PORTFOLIO,climate_increment,546055606.8354222
9777,super_stress,PORTFOLIO,climate_increment,582196735.2855096
9778,super_stress,PORTFOLIO,climate_increment,620337537.8203267
9779,super_stress,PORTFOLIO,climate_increment,235207724.78789717
9780,super_stress,PORTFOLIO,climate_increment,779236654.6575011
9781,super_stress,PORTFOLIO,climate_increment,731017430.78396
9782,super_stress,PORTFOLIO,climate_increment,398929901.4524562
9783,super_stress,PORTFOLIO,climate_increment,402816882.4502331
9784,super_stress,PORTFOLIO,climate_increment,416374670.2320904
9785,super_stress,PORTFOLIO,climate_increment,790055963.3455385
9786,super_stress,PORTFOLIO,climate_increment,342977746.55392826
9787,super_stress,PORTFOLIO,climate_increment,251482600.9980619
9788,super_stress,PORTFOLIO,climate_increment,371725184.4555345
9789,super_stress,PORTFOLIO,climate_increment,65813394.52271713
9790,super_stress,PORTFOLIO,climate_increment,-70967406.0417018
9791,super_stress,PORTFOLIO,climate_increment,24899018.251568027
9792,super_stress,PORTFOLIO,climate_increment,293796660.88024646
9793,super_stress,PORTFOLIO,climate_increment,628135304.7257584
9794,super_stress,PORTFOLIO,climate_increment,429712258.6719362
9795,super_stress,PORTFOLIO,climate_increment,795237061.9174138
9796,super_stress,PORTFOLIO,climate_increment,485495966.03329754
9797,super_stress,PORTFOLIO,climate_increment,1002458648.4960781
9798,super_stress,PORTFOLIO,climate_increment,508672371.8791334
9799,super_stress,PORTFOLIO,climate_increment,636115551.6990933
9800,super_stress,PORTFOLIO,climate_increment,787591933.2792197
9801,super_stress,PORTFOLIO,climate_increment,289313150.7389092
9802,super_stress,PORTFOLIO,climate_increment,615804147.1869105
9803,super_stress,PORTFOLIO,climate_increment,1097401942.5756776
9804,super_stress,PORTFOLIO,climate_increment,898168691.7875384
9805,super_stress,PORTFOLIO,climate_increment,616459632.1958241
9806,super_stress,PORTFOLIO,climate_increment,474563415.7218383
9807,super_stress,PORTFOLIO,climate_increment,172880804.57819688
9808,super_stress,PORTFOLIO,climate_increment,82750448.78110689
9809,super_stress,PORTFOLIO,climate_increment,403846944.2954461
9810,super_stress,PORTFOLIO,climate_increment,704926581.2062446
9811,super_stress,PORTFOLIO,climate_increment,465820934.74376863
9812,super_stress,PORTFOLIO,climate_increment,514094200.4484058
9813,super_stress,PORTFOLIO,climate_increment,-191687963.13053975
9814,super_stress,PORTFOLIO,climate_increment,359865223.4549345
9815,super_stress,PORTFOLIO,climate_increment,941941552.9749928
9816,super_stress,PORTFOLIO,climate_increment,573969556.5394492
9817,super_stress,PORTFOLIO,climate_increment,354551572.2851436
9818,super_stress,PORTFOLIO,climate_increment,702470017.4342837
9819,super_stress,PORTFOLIO,climate_increment,222357176.67400256
9820,super_stress,PORTFOLIO,climate_increment,333546293.3005035
9821,super_stress,PORTFOLIO,climate_increment,61424193.18234558
9822,super_stress,PORTFOLIO,climate_increment,757519870.1001682
9823,super_stress,PORTFOLIO,climate_increment,172250588.79007784
9824,super_stress,PORTFOLIO,climate_increment,-110611489.16112684
9825,super_stress,PORTFOLIO,climate_increment,292209999.9517737
9826,super_stress,PORTFOLIO,climate_increment,664127834.4864262
9827,super_stress,PORTFOLIO,climate_increment,570405396.4558041
9828,super_stress,PORTFOLIO,climate_increment,368289680.6939737
9829,super_stress,PORTFOLIO,climate_increment,289542863.43538934
9830,super_stress,PORTFOLIO,climate_increment,174234788.9078413
9831,super_stress,PORTFOLIO,climate_increment,696564792.775596
9832,super_stress,PORTFOLIO,climate_increment,260291581.86577597
9833,super_stress,PORTFOLIO,climate_increment,360874718.1875722
9834,super_stress,PORTFOLIO,climate_increment,381914901.9053686
9835,super_stress,PORTFOLIO,climate_increment,233630243.28743818
9836,super_stress,PORTFOLIO,climate_increment,618945719.237489
9837,super_stress,PORTFOLIO,climate_increment,-285558143.1689698
9838,super_stress,PORTFOLIO,climate_increment,253659294.5557129
9839,super_stress,PORTFOLIO,climate_increment,142945523.24252242
9840,super_stress,PORTFOLIO,climate_increment,302313929.06393886
9841,super_stress,PORTFOLIO,climate_increment,905059693.6744453
9842,super_stress,PORTFOLIO,climate_increment,407670084.5826515
9843,super_stress,PORTFOLIO,climate_increment,-74677917.00157651
9844,super_stress,PORTFOLIO,climate_increment,653564705.3061074
9845,super_stress,PORTFOLIO,climate_increment,381836904.21127427
9846,super_stress,PORTFOLIO,climate_increment,911038355.2047505
9847,super_stress,PORTFOLIO,climate_increment,383215036.5158438
9848,super_stress,PORTFOLIO,climate_increment,73320433.60027303
9849,super_stress,PORTFOLIO,climate_increment,292851328.4680299
9850,super_stress,PORTFOLIO,climate_increment,2631032.035369049
9851,super_stress,PORTFOLIO,climate_increment,1097642888.7999656
9852,super_stress,PORTFOLIO,climate_increment,1181167332.8629372
9853,super_stress,PORTFOLIO,climate_increment,897134569.2052039
9854,super_stress,PORTFOLIO,climate_increment,487220540.18867886
9855,super_stress,PORTFOLIO,climate_increment,854927203.098565
9856,super_stress,PORTFOLIO,climate_increment,734466446.6714648
9857,super_stress,PORTFOLIO,climate_increment,728787269.0497338
9858,super_stress,PORTFOLIO,climate_increment,489073864.365576
9859,super_stress,PORTFOLIO,climate_increment,927233699.6967593
9860,super_stress,PORTFOLIO,climate_increment,687469067.5919358
9861,super_stress,PORTFOLIO,climate_increment,1056519085.2530727
9862,super_stress,PORTFOLIO,climate_increment,407341097.9090859
9863,super_stress,PORTFOLIO,climate_increment,533185694.98438054
9864,super_stress,PORTFOLIO,climate_increment,152612354.57367072
9865,super_stress,PORTFOLIO,climate_increment,525143980.78065
9866,super_stress,PORTFOLIO,climate_increment,199057071.07915512
9867,super_stress,PORTFOLIO,climate_increment,337204826.17308474
9868,super_stress,PORTFOLIO,climate_increment,495570961.3359242
9869,super_stress,PORTFOLIO,climate_increment,75686662.83140565
9870,super_stress,PORTFOLIO,climate_increment,126348378.9672328
9871,super_stress,PORTFOLIO,climate_increment,35299030.03918098
9872,super_stress,PORTFOLIO,climate_increment,196595718.456881
9873,super_stress,PORTFOLIO,climate_increment,341329277.3669142
9874,super_stress,PORTFOLIO,climate_increment,674937665.194159
9875,super_stress,PORTFOLIO,climate_increment,417442511.5610876
9876,super_stress,PORTFOLIO,climate_increment,842673543.7928789
9877,super_stress,PORTFOLIO,climate_increment,576684976.1628234
9878,super_stress,PORTFOLIO,climate_increment,573010100.9097892
9879,super_stress,PORTFOLIO,climate_increment,344140325.6310696
9880,super_stress,PORTFOLIO,climate_increment,-182337216.41805992
9881,super_stress,PORTFOLIO,climate_increment,961978684.7015065
9882,super_stress,PORTFOLIO,climate_increment,516572759.2531254
9883,super_stress,PORTFOLIO,climate_increment,826442236.3237923
9884,super_stress,PORTFOLIO,climate_increment,1086179074.3026416
9885,super_stress,PORTFOLIO,climate_increment,-273979798.4497082
9886,super_stress,PORTFOLIO,climate_increment,352874554.60332453
9887,super_stress,PORTFOLIO,climate_increment,599395271.3113406
9888,super_stress,PORTFOLIO,climate_increment,357510283.5110947
9889,super_stress,PORTFOLIO,climate_increment,529394851.8051017
9890,super_stress,PORTFOLIO,climate_increment,196521547.124075
9891,super_stress,PORTFOLIO,climate_increment,191770568.59459215
9892,super_stress,PORTFOLIO,climate_increment,827199801.5157295
9893,super_stress,PORTFOLIO,climate_increment,511411848.67114514
9894,super_stress,PORTFOLIO,climate_increment,293449899.0596804
9895,super_stress,PORTFOLIO,climate_increment,377214510.5863461
9896,super_stress,PORTFOLIO,climate_increment,172225817.65150672
9897,super_stress,PORTFOLIO,climate_increment,680138045.8569355
9898,super_stress,PORTFOLIO,climate_increment,-151769628.74423015
9899,super_stress,PORTFOLIO,climate_increment,916703648.666877
9900,super_stress,PORTFOLIO,climate_increment,310465585.68952626
9901,super_stress,PORTFOLIO,climate_increment,32691385.00248448
9902,super_stress,PORTFOLIO,climate_increment,391022097.4309091
9903,super_stress,PORTFOLIO,climate_increment,305117060.55593234
9904,super_stress,PORTFOLIO,climate_increment,37993026.80601817
9905,super_stress,PORTFOLIO,climate_increment,593990789.7249341
9906,super_stress,PORTFOLIO,climate_increment,174473508.36339504
9907,super_stress,PORTFOLIO,climate_increment,695579931.5432674
9908,super_stress,PORTFOLIO,climate_increment,752382978.007473
9909,super_stress,PORTFOLIO,climate_increment,206190630.8878075
9910,super_stress,PORTFOLIO,climate_increment,277581404.4066693
9911,super_stress,PORTFOLIO,climate_increment,237191845.3138909
9912,super_stress,PORTFOLIO,climate_increment,583460520.2694656
9913,super_stress,PORTFOLIO,climate_increment,728621233.2438357
9914,super_stress,PORTFOLIO,climate_increment,133941635.61444652
9915,super_stress,PORTFOLIO,climate_increment,656791575.6490364
9916,super_stress,PORTFOLIO,climate_increment,203125242.02282113
9917,super_stress,PORTFOLIO,climate_increment,380469866.44626963
9918,super_stress,PORTFOLIO,climate_increment,1172510710.0073812
9919,super_stress,PORTFOLIO,climate_increment,116621727.65981388
9920,super_stress,PORTFOLIO,climate_increment,169792410.29751056
9921,super_stress,PORTFOLIO,climate_increment,596238584.8562524
9922,super_stress,PORTFOLIO,climate_increment,932594779.3610511
9923,super_stress,PORTFOLIO,climate_increment,225048646.98306644
9924,super_stress,PORTFOLIO,climate_increment,135468125.48859352
9925,super_stress,PORTFOLIO,climate_increment,216627562.9424295
9926,super_stress,PORTFOLIO,climate_increment,207923110.07073855
9927,super_stress,PORTFOLIO,climate_increment,633790786.3992561
9928,super_stress,PORTFOLIO,climate_increment,614366385.043743
9929,super_stress,PORTFOLIO,climate_increment,1021467766.9862185
9930,super_stress,PORTFOLIO,climate_increment,224594633.80412972
9931,super_stress,PORTFOLIO,climate_increment,349761609.6121085
9932,super_stress,PORTFOLIO,climate_increment,753279292.324882
9933,super_stress,PORTFOLIO,climate_increment,728898008.3250525
9934,super_stress,PORTFOLIO,climate_increment,331687341.40569717
9935,super_stress,PORTFOLIO,climate_increment,410633678.7117732
9936,super_stress,PORTFOLIO,climate_increment,328893392.56188667
9937,super_stress,PORTFOLIO,climate_increment,632480857.7109271
9938,super_stress,PORTFOLIO,climate_increment,595712011.6166377
9939,super_stress,PORTFOLIO,climate_increment,452965942.6677878
9940,super_stress,PORTFOLIO,climate_increment,338268880.56732094
9941,super_stress,PORTFOLIO,climate_increment,425641732.68676996
9942,super_stress,PORTFOLIO,climate_increment,310252844.9314009
9943,super_stress,PORTFOLIO,climate_increment,529815837.0027175
9944,super_stress,PORTFOLIO,climate_increment,402342776.6075823
9945,super_stress,PORTFOLIO,climate_increment,754626187.8533762
9946,super_stress,PORTFOLIO,climate_increment,86233185.69741149
9947,super_stress,PORTFOLIO,climate_increment,631718179.8713539
9948,super_stress,PORTFOLIO,climate_increment,711982017.8275445
9949,super_stress,PORTFOLIO,climate_increment,665718713.5527366
9950,super_stress,PORTFOLIO,climate_increment,845120392.729172
9951,super_stress,PORTFOLIO,climate_increment,1065408034.5478601
9952,super_stress,PORTFOLIO,climate_increment,368297055.56906295
9953,super_stress,PORTFOLIO,climate_increment,825184928.4562219
9954,super_stress,PORTFOLIO,climate_increment,492436768.77816457
9955,super_stress,PORTFOLIO,climate_increment,387366395.2658305
9956,super_stress,PORTFOLIO,climate_increment,271234790.84771544
9957,super_stress,PORTFOLIO,climate_increment,546331437.0753382
9958,super_stress,PORTFOLIO,climate_increment,654799013.0547154
9959,super_stress,PORTFOLIO,climate_increment,464499920.0805848
9960,super_stress,PORTFOLIO,climate_increment,822041413.0272673
9961,super_stress,PORTFOLIO,climate_increment,800117292.8045938
9962,super_stress,PORTFOLIO,climate_increment,249466500.84956208
9963,super_stress,PORTFOLIO,climate_increment,900803777.6481427
9964,super_stress,PORTFOLIO,climate_increment,423585352.75331545
9965,super_stress,PORTFOLIO,climate_increment,904488346.7990419
9966,super_stress,PORTFOLIO,climate_increment,-152891920.1678749
9967,super_stress,PORTFOLIO,climate_increment,693272772.5731831
9968,super_stress,PORTFOLIO,climate_increment,334707171.1389955
9969,super_stress,PORTFOLIO,climate_increment,-412361949.1846598
9970,super_stress,PORTFOLIO,climate_increment,465481854.85163647
9971,super_stress,PORTFOLIO,climate_increment,727468050.5974869
9972,super_stress,PORTFOLIO,climate_increment,454786301.8319281
9973,super_stress,PORTFOLIO,climate_increment,147057415.09353423
9974,super_stress,PORTFOLIO,climate_increment,475817508.09780115
9975,super_stress,PORTFOLIO,climate_increment,40803010.56013777
9976,super_stress,PORTFOLIO,climate_increment,305599505.6003024
9977,super_stress,PORTFOLIO,climate_increment,695490138.6242987
9978,super_stress,PORTFOLIO,climate_increment,535826657.14149004
9979,super_stress,PORTFOLIO,climate_increment,413963493.56896734
9980,super_stress,PORTFOLIO,climate_increment,226658550.2534767
9981,super_stress,PORTFOLIO,climate_increment,500157470.3952417
9982,super_stress,PORTFOLIO,climate_increment,439948207.47811323
9983,super_stress,PORTFOLIO,climate_increment,767995887.3483089
9984,super_stress,PORTFOLIO,climate_increment,541049140.4433124
9985,super_stress,PORTFOLIO,climate_increment,493342895.21968925
9986,super_stress,PORTFOLIO,climate_increment,506927284.63241726
9987,super_stress,PORTFOLIO,climate_increment,424666125.84723073
9988,super_stress,PORTFOLIO,climate_increment,834296072.5318366
9989,super_stress,PORTFOLIO,climate_increment,462856191.82309765
9990,super_stress,PORTFOLIO,climate_increment,446460990.0128651
9991,super_stress,PORTFOLIO,climate_increment,1084800566.961198
9992,super_stress,PORTFOLIO,climate_increment,1146601997.2585375
9993,super_stress,PORTFOLIO,climate_increment,260725012.04714072
9994,super_stress,PORTFOLIO,climate_increment,887924304.7455065
9995,super_stress,PORTFOLIO,climate_increment,878498182.2120111
9996,super_stress,PORTFOLIO,climate_increment,798269759.559222
9997,super_stress,PORTFOLIO,climate_increment,225939012.087848
9998,super_stress,PORTFOLIO,climate_increment,333652542.6721741
9999,super_stress,PORTFOLIO,climate_increment,712687780.5277642
